[      18ms] [WARNING] crbug/1173575, non-JS module files deprecated. @ chrome://resources/js/load_time_data_deprecated.js:3
[    4484ms] [LOG] WARNING: Tried to load AngularJS more than once. @ https://js.rbxcdn.com/7e3acadef63eb23dd02929eb5e500214e9a8e6400fd42d7a2b35133fc009e0d3-Sentry.js:0
[    4842ms] [WARNING] An error occurred! For more details, see the full error text at https://go.apollo.dev/c/err#%7B%22version%22%3A%223.14.0%22%2C%22message%22%3A104%2C%22args%22%3A%5B%22ApolloClient%22%2C%22connectToDevTools%22%2C%22Please%20use%20%60devtools.enabled%60%20instead.%22%5D%7D @ https://js.rbxcdn.com/7e3acadef63eb23dd02929eb5e500214e9a8e6400fd42d7a2b35133fc009e0d3-Sentry.js:0
[    4877ms] [WARNING] The namespace Purchasing.PurchaseDialog was not found @ https://js.rbxcdn.com/7e3acadef63eb23dd02929eb5e500214e9a8e6400fd42d7a2b35133fc009e0d3-Sentry.js:0
[    5114ms] [LOG] 
      _______      _________      _____       ______     _
     / _____ \    |____ ____|    / ___ \     | ____ \   | |
    / /     \_\       | |       / /   \ \    | |   \ \  | |
    | |               | |      / /     \ \   | |   | |  | |
    \ \______         | |      | |     | |   | |___/ /  | |
     \______ \        | |      | |     | |   |  ____/   | |
            \ \       | |      | |     | |   | |        | |
     _      | |       | |      \ \     / /   | |        |_|
    \ \_____/ /       | |       \ \___/ /    | |         _
     \_______/        |_|        \_____/     |_|        |_|

     Keep your account safe! Do not send any information from
     here to anyone or paste any text here.

     If someone is asking you to copy or paste text here then
     you're giving someone access to your account, your gear,
     and your Robux.

     To learn more about keeping your account safe you can go to

     https://www.roblox.com/info/account-safety @ https://js.rbxcdn.com/7e3acadef63eb23dd02929eb5e500214e9a8e6400fd42d7a2b35133fc009e0d3-Sentry.js:0
[    5328ms] [ERROR] Failed to load resource: the server responded with a status of 403 () @ https://apis.roblox.com/user-heartbeats-api/pulse:0
[    5527ms] [LOG] Account Security Prompt: No assignments were retrieved @ https://js.rbxcdn.com/7e3acadef63eb23dd02929eb5e500214e9a8e6400fd42d7a2b35133fc009e0d3-Sentry.js:0
[    8027ms] [INFO] [2026-07-09T23:38:21.331Z] Information: WebSocket connected to wss://realtime-signalr.roblox.com/userhub. @ https://js.rbxcdn.com/7e3acadef63eb23dd02929eb5e500214e9a8e6400fd42d7a2b35133fc009e0d3-Sentry.js:0
[    9735ms] [ERROR] Failed to load resource: the server responded with a status of 403 () @ https://apis.roblox.com/rotating-client-service/v1/heartbeat?pathname=%2Fhome:0
[   44159ms] [LOG] WARNING: Tried to load AngularJS more than once. @ https://js.rbxcdn.com/7e3acadef63eb23dd02929eb5e500214e9a8e6400fd42d7a2b35133fc009e0d3-Sentry.js:0
[   44230ms] [WARNING] An error occurred! For more details, see the full error text at https://go.apollo.dev/c/err#%7B%22version%22%3A%223.14.0%22%2C%22message%22%3A104%2C%22args%22%3A%5B%22ApolloClient%22%2C%22connectToDevTools%22%2C%22Please%20use%20%60devtools.enabled%60%20instead.%22%5D%7D @ https://js.rbxcdn.com/7e3acadef63eb23dd02929eb5e500214e9a8e6400fd42d7a2b35133fc009e0d3-Sentry.js:0
[   44242ms] [WARNING] The namespace Purchasing.PurchaseDialog was not found @ https://js.rbxcdn.com/7e3acadef63eb23dd02929eb5e500214e9a8e6400fd42d7a2b35133fc009e0d3-Sentry.js:0
[   44335ms] [LOG] 
      _______      _________      _____       ______     _
     / _____ \    |____ ____|    / ___ \     | ____ \   | |
    / /     \_\       | |       / /   \ \    | |   \ \  | |
    | |               | |      / /     \ \   | |   | |  | |
    \ \______         | |      | |     | |   | |___/ /  | |
     \______ \        | |      | |     | |   |  ____/   | |
            \ \       | |      | |     | |   | |        | |
     _      | |       | |      \ \     / /   | |        |_|
    \ \_____/ /       | |       \ \___/ /    | |         _
     \_______/        |_|        \_____/     |_|        |_|

     Keep your account safe! Do not send any information from
     here to anyone or paste any text here.

     If someone is asking you to copy or paste text here then
     you're giving someone access to your account, your gear,
     and your Robux.

     To learn more about keeping your account safe you can go to

     https://www.roblox.com/info/account-safety @ https://js.rbxcdn.com/7e3acadef63eb23dd02929eb5e500214e9a8e6400fd42d7a2b35133fc009e0d3-Sentry.js:0
[   44676ms] [ERROR] Failed to load resource: the server responded with a status of 403 () @ https://apis.roblox.com/user-heartbeats-api/pulse:0
[   44706ms] [LOG] Account Security Prompt: No assignments were retrieved @ https://js.rbxcdn.com/7e3acadef63eb23dd02929eb5e500214e9a8e6400fd42d7a2b35133fc009e0d3-Sentry.js:0
[   48979ms] [INFO] [2026-07-09T23:39:02.283Z] Information: WebSocket connected to wss://realtime-signalr.roblox.com/userhub. @ https://js.rbxcdn.com/7e3acadef63eb23dd02929eb5e500214e9a8e6400fd42d7a2b35133fc009e0d3-Sentry.js:0
[   98670ms] [LOG] WARNING: Tried to load AngularJS more than once. @ https://js.rbxcdn.com/7e3acadef63eb23dd02929eb5e500214e9a8e6400fd42d7a2b35133fc009e0d3-Sentry.js:0
[  100202ms] [WARNING] An error occurred! For more details, see the full error text at https://go.apollo.dev/c/err#%7B%22version%22%3A%223.14.0%22%2C%22message%22%3A104%2C%22args%22%3A%5B%22ApolloClient%22%2C%22connectToDevTools%22%2C%22Please%20use%20%60devtools.enabled%60%20instead.%22%5D%7D @ https://js.rbxcdn.com/7e3acadef63eb23dd02929eb5e500214e9a8e6400fd42d7a2b35133fc009e0d3-Sentry.js:0
[  100217ms] [WARNING] The namespace Purchasing.PurchaseDialog was not found @ https://js.rbxcdn.com/7e3acadef63eb23dd02929eb5e500214e9a8e6400fd42d7a2b35133fc009e0d3-Sentry.js:0
[  100628ms] [LOG] 
      _______      _________      _____       ______     _
     / _____ \    |____ ____|    / ___ \     | ____ \   | |
    / /     \_\       | |       / /   \ \    | |   \ \  | |
    | |               | |      / /     \ \   | |   | |  | |
    \ \______         | |      | |     | |   | |___/ /  | |
     \______ \        | |      | |     | |   |  ____/   | |
            \ \       | |      | |     | |   | |        | |
     _      | |       | |      \ \     / /   | |        |_|
    \ \_____/ /       | |       \ \___/ /    | |         _
     \_______/        |_|        \_____/     |_|        |_|

     Keep your account safe! Do not send any information from
     here to anyone or paste any text here.

     If someone is asking you to copy or paste text here then
     you're giving someone access to your account, your gear,
     and your Robux.

     To learn more about keeping your account safe you can go to

     https://www.roblox.com/info/account-safety @ https://js.rbxcdn.com/7e3acadef63eb23dd02929eb5e500214e9a8e6400fd42d7a2b35133fc009e0d3-Sentry.js:0
[  101063ms] [ERROR] Failed to load resource: the server responded with a status of 403 () @ https://apis.roblox.com/user-heartbeats-api/pulse:0
[  104303ms] [LOG] Account Security Prompt: No assignments were retrieved @ https://js.rbxcdn.com/7e3acadef63eb23dd02929eb5e500214e9a8e6400fd42d7a2b35133fc009e0d3-Sentry.js:0
[  104857ms] [INFO] [2026-07-09T23:39:58.161Z] Information: WebSocket connected to wss://realtime-signalr.roblox.com/userhub. @ https://js.rbxcdn.com/7e3acadef63eb23dd02929eb5e500214e9a8e6400fd42d7a2b35133fc009e0d3-Sentry.js:0
[  109848ms] [ERROR] Failed to load resource: the server responded with a status of 403 () @ https://apis.roblox.com/rotating-client-service/v1/heartbeat?pathname=%2Fhome:0
[  268758ms] [LOG] WARNING: Tried to load AngularJS more than once. @ https://js.rbxcdn.com/7e3acadef63eb23dd02929eb5e500214e9a8e6400fd42d7a2b35133fc009e0d3-Sentry.js:0
[  268831ms] [WARNING] An error occurred! For more details, see the full error text at https://go.apollo.dev/c/err#%7B%22version%22%3A%223.14.0%22%2C%22message%22%3A104%2C%22args%22%3A%5B%22ApolloClient%22%2C%22connectToDevTools%22%2C%22Please%20use%20%60devtools.enabled%60%20instead.%22%5D%7D @ https://js.rbxcdn.com/7e3acadef63eb23dd02929eb5e500214e9a8e6400fd42d7a2b35133fc009e0d3-Sentry.js:0
[  268839ms] [WARNING] The namespace Purchasing.PurchaseDialog was not found @ https://js.rbxcdn.com/7e3acadef63eb23dd02929eb5e500214e9a8e6400fd42d7a2b35133fc009e0d3-Sentry.js:0
[  268905ms] [LOG] 
      _______      _________      _____       ______     _
     / _____ \    |____ ____|    / ___ \     | ____ \   | |
    / /     \_\       | |       / /   \ \    | |   \ \  | |
    | |               | |      / /     \ \   | |   | |  | |
    \ \______         | |      | |     | |   | |___/ /  | |
     \______ \        | |      | |     | |   |  ____/   | |
            \ \       | |      | |     | |   | |        | |
     _      | |       | |      \ \     / /   | |        |_|
    \ \_____/ /       | |       \ \___/ /    | |         _
     \_______/        |_|        \_____/     |_|        |_|

     Keep your account safe! Do not send any information from
     here to anyone or paste any text here.

     If someone is asking you to copy or paste text here then
     you're giving someone access to your account, your gear,
     and your Robux.

     To learn more about keeping your account safe you can go to

     https://www.roblox.com/info/account-safety @ https://js.rbxcdn.com/7e3acadef63eb23dd02929eb5e500214e9a8e6400fd42d7a2b35133fc009e0d3-Sentry.js:0
[  269222ms] [LOG] Account Security Prompt: No assignments were retrieved @ https://js.rbxcdn.com/7e3acadef63eb23dd02929eb5e500214e9a8e6400fd42d7a2b35133fc009e0d3-Sentry.js:0
[  269355ms] [ERROR] Failed to load resource: the server responded with a status of 403 () @ https://apis.roblox.com/user-heartbeats-api/pulse:0
[  273273ms] [INFO] [2026-07-09T23:42:46.578Z] Information: WebSocket connected to wss://realtime-signalr.roblox.com/userhub. @ https://js.rbxcdn.com/7e3acadef63eb23dd02929eb5e500214e9a8e6400fd42d7a2b35133fc009e0d3-Sentry.js:0
[  280050ms] [ERROR] Failed to load resource: the server responded with a status of 403 () @ https://apis.roblox.com/rotating-client-service/v1/heartbeat?pathname=%2Fhome:0
[  343238ms] [LOG] WARNING: Tried to load AngularJS more than once. @ https://js.rbxcdn.com/7e3acadef63eb23dd02929eb5e500214e9a8e6400fd42d7a2b35133fc009e0d3-Sentry.js:0
[  343301ms] [WARNING] An error occurred! For more details, see the full error text at https://go.apollo.dev/c/err#%7B%22version%22%3A%223.14.0%22%2C%22message%22%3A104%2C%22args%22%3A%5B%22ApolloClient%22%2C%22connectToDevTools%22%2C%22Please%20use%20%60devtools.enabled%60%20instead.%22%5D%7D @ https://js.rbxcdn.com/7e3acadef63eb23dd02929eb5e500214e9a8e6400fd42d7a2b35133fc009e0d3-Sentry.js:0
[  343307ms] [WARNING] The namespace Purchasing.PurchaseDialog was not found @ https://js.rbxcdn.com/7e3acadef63eb23dd02929eb5e500214e9a8e6400fd42d7a2b35133fc009e0d3-Sentry.js:0
[  343389ms] [LOG] 
      _______      _________      _____       ______     _
     / _____ \    |____ ____|    / ___ \     | ____ \   | |
    / /     \_\       | |       / /   \ \    | |   \ \  | |
    | |               | |      / /     \ \   | |   | |  | |
    \ \______         | |      | |     | |   | |___/ /  | |
     \______ \        | |      | |     | |   |  ____/   | |
            \ \       | |      | |     | |   | |        | |
     _      | |       | |      \ \     / /   | |        |_|
    \ \_____/ /       | |       \ \___/ /    | |         _
     \_______/        |_|        \_____/     |_|        |_|

     Keep your account safe! Do not send any information from
     here to anyone or paste any text here.

     If someone is asking you to copy or paste text here then
     you're giving someone access to your account, your gear,
     and your Robux.

     To learn more about keeping your account safe you can go to

     https://www.roblox.com/info/account-safety @ https://js.rbxcdn.com/7e3acadef63eb23dd02929eb5e500214e9a8e6400fd42d7a2b35133fc009e0d3-Sentry.js:0
[  343761ms] [ERROR] Failed to load resource: the server responded with a status of 403 () @ https://apis.roblox.com/user-heartbeats-api/pulse:0
[  343768ms] [LOG] Account Security Prompt: No assignments were retrieved @ https://js.rbxcdn.com/7e3acadef63eb23dd02929eb5e500214e9a8e6400fd42d7a2b35133fc009e0d3-Sentry.js:0
[  350821ms] [INFO] [2026-07-09T23:44:04.126Z] Information: WebSocket connected to wss://realtime-signalr.roblox.com/userhub. @ https://js.rbxcdn.com/7e3acadef63eb23dd02929eb5e500214e9a8e6400fd42d7a2b35133fc009e0d3-Sentry.js:0
[  355873ms] [ERROR] Failed to load resource: the server responded with a status of 403 () @ https://apis.roblox.com/rotating-client-service/v1/heartbeat?pathname=%2Fhome:0
[  528524ms] ReferenceError: seeAllLinks is not defined
    at removeFriendsButtons (chrome-extension://pcimamnpccdapeaaejlbecdhiifdnllb/content.js:91:28)
    at updateRobloxHome (chrome-extension://pcimamnpccdapeaaejlbecdhiifdnllb/content.js:160:3)
[  528524ms] ReferenceError: seeAllLinks is not defined
    at removeFriendsButtons (chrome-extension://pcimamnpccdapeaaejlbecdhiifdnllb/content.js:91:28)
    at updateRobloxHome (chrome-extension://pcimamnpccdapeaaejlbecdhiifdnllb/content.js:160:3)
[  528524ms] ReferenceError: seeAllLinks is not defined
    at removeFriendsButtons (chrome-extension://pcimamnpccdapeaaejlbecdhiifdnllb/content.js:91:28)
    at updateRobloxHome (chrome-extension://pcimamnpccdapeaaejlbecdhiifdnllb/content.js:160:3)
[  528524ms] ReferenceError: seeAllLinks is not defined
    at removeFriendsButtons (chrome-extension://pcimamnpccdapeaaejlbecdhiifdnllb/content.js:91:28)
    at updateRobloxHome (chrome-extension://pcimamnpccdapeaaejlbecdhiifdnllb/content.js:160:3)
[  528524ms] ReferenceError: seeAllLinks is not defined
    at removeFriendsButtons (chrome-extension://pcimamnpccdapeaaejlbecdhiifdnllb/content.js:91:28)
    at updateRobloxHome (chrome-extension://pcimamnpccdapeaaejlbecdhiifdnllb/content.js:160:3)
[  528525ms] ReferenceError: seeAllLinks is not defined
    at removeFriendsButtons (chrome-extension://pcimamnpccdapeaaejlbecdhiifdnllb/content.js:91:28)
    at updateRobloxHome (chrome-extension://pcimamnpccdapeaaejlbecdhiifdnllb/content.js:160:3)
[  528525ms] ReferenceError: seeAllLinks is not defined
    at removeFriendsButtons (chrome-extension://pcimamnpccdapeaaejlbecdhiifdnllb/content.js:91:28)
    at updateRobloxHome (chrome-extension://pcimamnpccdapeaaejlbecdhiifdnllb/content.js:160:3)
[  528525ms] ReferenceError: seeAllLinks is not defined
    at removeFriendsButtons (chrome-extension://pcimamnpccdapeaaejlbecdhiifdnllb/content.js:91:28)
    at updateRobloxHome (chrome-extension://pcimamnpccdapeaaejlbecdhiifdnllb/content.js:160:3)
[  528526ms] ReferenceError: seeAllLinks is not defined
    at removeFriendsButtons (chrome-extension://pcimamnpccdapeaaejlbecdhiifdnllb/content.js:91:28)
    at updateRobloxHome (chrome-extension://pcimamnpccdapeaaejlbecdhiifdnllb/content.js:160:3)
[  528526ms] ReferenceError: seeAllLinks is not defined
    at removeFriendsButtons (chrome-extension://pcimamnpccdapeaaejlbecdhiifdnllb/content.js:91:28)
    at updateRobloxHome (chrome-extension://pcimamnpccdapeaaejlbecdhiifdnllb/content.js:160:3)
[  528537ms] ReferenceError: seeAllLinks is not defined
    at removeFriendsButtons (chrome-extension://pcimamnpccdapeaaejlbecdhiifdnllb/content.js:91:28)
    at updateRobloxHome (chrome-extension://pcimamnpccdapeaaejlbecdhiifdnllb/content.js:160:3)
[  528539ms] ReferenceError: seeAllLinks is not defined
    at removeFriendsButtons (chrome-extension://pcimamnpccdapeaaejlbecdhiifdnllb/content.js:91:28)
    at updateRobloxHome (chrome-extension://pcimamnpccdapeaaejlbecdhiifdnllb/content.js:160:3)
[  528543ms] ReferenceError: seeAllLinks is not defined
    at removeFriendsButtons (chrome-extension://pcimamnpccdapeaaejlbecdhiifdnllb/content.js:91:28)
    at updateRobloxHome (chrome-extension://pcimamnpccdapeaaejlbecdhiifdnllb/content.js:160:3)
[  528545ms] ReferenceError: seeAllLinks is not defined
    at removeFriendsButtons (chrome-extension://pcimamnpccdapeaaejlbecdhiifdnllb/content.js:91:28)
    at updateRobloxHome (chrome-extension://pcimamnpccdapeaaejlbecdhiifdnllb/content.js:160:3)
[  528548ms] ReferenceError: seeAllLinks is not defined
    at removeFriendsButtons (chrome-extension://pcimamnpccdapeaaejlbecdhiifdnllb/content.js:91:28)
    at updateRobloxHome (chrome-extension://pcimamnpccdapeaaejlbecdhiifdnllb/content.js:160:3)
[  528561ms] ReferenceError: seeAllLinks is not defined
    at removeFriendsButtons (chrome-extension://pcimamnpccdapeaaejlbecdhiifdnllb/content.js:91:28)
    at updateRobloxHome (chrome-extension://pcimamnpccdapeaaejlbecdhiifdnllb/content.js:160:3)
[  528564ms] ReferenceError: seeAllLinks is not defined
    at removeFriendsButtons (chrome-extension://pcimamnpccdapeaaejlbecdhiifdnllb/content.js:91:28)
    at updateRobloxHome (chrome-extension://pcimamnpccdapeaaejlbecdhiifdnllb/content.js:160:3)
[  528566ms] ReferenceError: seeAllLinks is not defined
    at removeFriendsButtons (chrome-extension://pcimamnpccdapeaaejlbecdhiifdnllb/content.js:91:28)
    at updateRobloxHome (chrome-extension://pcimamnpccdapeaaejlbecdhiifdnllb/content.js:160:3)
[  528567ms] ReferenceError: seeAllLinks is not defined
    at removeFriendsButtons (chrome-extension://pcimamnpccdapeaaejlbecdhiifdnllb/content.js:91:28)
    at updateRobloxHome (chrome-extension://pcimamnpccdapeaaejlbecdhiifdnllb/content.js:160:3)
[  528568ms] ReferenceError: seeAllLinks is not defined
    at removeFriendsButtons (chrome-extension://pcimamnpccdapeaaejlbecdhiifdnllb/content.js:91:28)
    at updateRobloxHome (chrome-extension://pcimamnpccdapeaaejlbecdhiifdnllb/content.js:160:3)
[  528569ms] ReferenceError: seeAllLinks is not defined
    at removeFriendsButtons (chrome-extension://pcimamnpccdapeaaejlbecdhiifdnllb/content.js:91:28)
    at updateRobloxHome (chrome-extension://pcimamnpccdapeaaejlbecdhiifdnllb/content.js:160:3)
[  528571ms] ReferenceError: seeAllLinks is not defined
    at removeFriendsButtons (chrome-extension://pcimamnpccdapeaaejlbecdhiifdnllb/content.js:91:28)
    at updateRobloxHome (chrome-extension://pcimamnpccdapeaaejlbecdhiifdnllb/content.js:160:3)
[  528636ms] ReferenceError: seeAllLinks is not defined
    at removeFriendsButtons (chrome-extension://pcimamnpccdapeaaejlbecdhiifdnllb/content.js:91:28)
    at updateRobloxHome (chrome-extension://pcimamnpccdapeaaejlbecdhiifdnllb/content.js:160:3)
[  528639ms] ReferenceError: seeAllLinks is not defined
    at removeFriendsButtons (chrome-extension://pcimamnpccdapeaaejlbecdhiifdnllb/content.js:91:28)
    at updateRobloxHome (chrome-extension://pcimamnpccdapeaaejlbecdhiifdnllb/content.js:160:3)
[  528641ms] ReferenceError: seeAllLinks is not defined
    at removeFriendsButtons (chrome-extension://pcimamnpccdapeaaejlbecdhiifdnllb/content.js:91:28)
    at updateRobloxHome (chrome-extension://pcimamnpccdapeaaejlbecdhiifdnllb/content.js:160:3)
[  528643ms] ReferenceError: seeAllLinks is not defined
    at removeFriendsButtons (chrome-extension://pcimamnpccdapeaaejlbecdhiifdnllb/content.js:91:28)
    at updateRobloxHome (chrome-extension://pcimamnpccdapeaaejlbecdhiifdnllb/content.js:160:3)
[  528648ms] ReferenceError: seeAllLinks is not defined
    at removeFriendsButtons (chrome-extension://pcimamnpccdapeaaejlbecdhiifdnllb/content.js:91:28)
    at updateRobloxHome (chrome-extension://pcimamnpccdapeaaejlbecdhiifdnllb/content.js:160:3)
[  528682ms] ReferenceError: seeAllLinks is not defined
    at removeFriendsButtons (chrome-extension://pcimamnpccdapeaaejlbecdhiifdnllb/content.js:91:28)
    at updateRobloxHome (chrome-extension://pcimamnpccdapeaaejlbecdhiifdnllb/content.js:160:3)
[  528684ms] ReferenceError: seeAllLinks is not defined
    at removeFriendsButtons (chrome-extension://pcimamnpccdapeaaejlbecdhiifdnllb/content.js:91:28)
    at updateRobloxHome (chrome-extension://pcimamnpccdapeaaejlbecdhiifdnllb/content.js:160:3)
[  528685ms] ReferenceError: seeAllLinks is not defined
    at removeFriendsButtons (chrome-extension://pcimamnpccdapeaaejlbecdhiifdnllb/content.js:91:28)
    at updateRobloxHome (chrome-extension://pcimamnpccdapeaaejlbecdhiifdnllb/content.js:160:3)
[  528699ms] ReferenceError: seeAllLinks is not defined
    at removeFriendsButtons (chrome-extension://pcimamnpccdapeaaejlbecdhiifdnllb/content.js:91:28)
    at updateRobloxHome (chrome-extension://pcimamnpccdapeaaejlbecdhiifdnllb/content.js:160:3)
[  528700ms] ReferenceError: seeAllLinks is not defined
    at removeFriendsButtons (chrome-extension://pcimamnpccdapeaaejlbecdhiifdnllb/content.js:91:28)
    at updateRobloxHome (chrome-extension://pcimamnpccdapeaaejlbecdhiifdnllb/content.js:160:3)
[  528705ms] ReferenceError: seeAllLinks is not defined
    at removeFriendsButtons (chrome-extension://pcimamnpccdapeaaejlbecdhiifdnllb/content.js:91:28)
    at updateRobloxHome (chrome-extension://pcimamnpccdapeaaejlbecdhiifdnllb/content.js:160:3)
[  528707ms] ReferenceError: seeAllLinks is not defined
    at removeFriendsButtons (chrome-extension://pcimamnpccdapeaaejlbecdhiifdnllb/content.js:91:28)
    at updateRobloxHome (chrome-extension://pcimamnpccdapeaaejlbecdhiifdnllb/content.js:160:3)
[  528728ms] ReferenceError: seeAllLinks is not defined
    at removeFriendsButtons (chrome-extension://pcimamnpccdapeaaejlbecdhiifdnllb/content.js:91:28)
    at updateRobloxHome (chrome-extension://pcimamnpccdapeaaejlbecdhiifdnllb/content.js:160:3)
[  528920ms] ReferenceError: seeAllLinks is not defined
    at removeFriendsButtons (chrome-extension://pcimamnpccdapeaaejlbecdhiifdnllb/content.js:91:28)
    at updateRobloxHome (chrome-extension://pcimamnpccdapeaaejlbecdhiifdnllb/content.js:160:3)
[  528958ms] ReferenceError: seeAllLinks is not defined
    at removeFriendsButtons (chrome-extension://pcimamnpccdapeaaejlbecdhiifdnllb/content.js:91:28)
    at updateRobloxHome (chrome-extension://pcimamnpccdapeaaejlbecdhiifdnllb/content.js:160:3)
[  528959ms] ReferenceError: seeAllLinks is not defined
    at removeFriendsButtons (chrome-extension://pcimamnpccdapeaaejlbecdhiifdnllb/content.js:91:28)
    at updateRobloxHome (chrome-extension://pcimamnpccdapeaaejlbecdhiifdnllb/content.js:160:3)
[  528998ms] ReferenceError: seeAllLinks is not defined
    at removeFriendsButtons (chrome-extension://pcimamnpccdapeaaejlbecdhiifdnllb/content.js:91:28)
    at updateRobloxHome (chrome-extension://pcimamnpccdapeaaejlbecdhiifdnllb/content.js:160:3)
[  528999ms] ReferenceError: seeAllLinks is not defined
    at removeFriendsButtons (chrome-extension://pcimamnpccdapeaaejlbecdhiifdnllb/content.js:91:28)
    at updateRobloxHome (chrome-extension://pcimamnpccdapeaaejlbecdhiifdnllb/content.js:160:3)
[  529032ms] ReferenceError: seeAllLinks is not defined
    at removeFriendsButtons (chrome-extension://pcimamnpccdapeaaejlbecdhiifdnllb/content.js:91:28)
    at updateRobloxHome (chrome-extension://pcimamnpccdapeaaejlbecdhiifdnllb/content.js:160:3)
[  529052ms] ReferenceError: seeAllLinks is not defined
    at removeFriendsButtons (chrome-extension://pcimamnpccdapeaaejlbecdhiifdnllb/content.js:91:28)
    at updateRobloxHome (chrome-extension://pcimamnpccdapeaaejlbecdhiifdnllb/content.js:160:3)
[  529122ms] ReferenceError: seeAllLinks is not defined
    at removeFriendsButtons (chrome-extension://pcimamnpccdapeaaejlbecdhiifdnllb/content.js:91:28)
    at updateRobloxHome (chrome-extension://pcimamnpccdapeaaejlbecdhiifdnllb/content.js:160:3)
[  529130ms] ReferenceError: seeAllLinks is not defined
    at removeFriendsButtons (chrome-extension://pcimamnpccdapeaaejlbecdhiifdnllb/content.js:91:28)
    at updateRobloxHome (chrome-extension://pcimamnpccdapeaaejlbecdhiifdnllb/content.js:160:3)
[  529142ms] ReferenceError: seeAllLinks is not defined
    at removeFriendsButtons (chrome-extension://pcimamnpccdapeaaejlbecdhiifdnllb/content.js:91:28)
    at updateRobloxHome (chrome-extension://pcimamnpccdapeaaejlbecdhiifdnllb/content.js:160:3)
[  529193ms] ReferenceError: seeAllLinks is not defined
    at removeFriendsButtons (chrome-extension://pcimamnpccdapeaaejlbecdhiifdnllb/content.js:91:28)
    at updateRobloxHome (chrome-extension://pcimamnpccdapeaaejlbecdhiifdnllb/content.js:160:3)
[  529195ms] ReferenceError: seeAllLinks is not defined
    at removeFriendsButtons (chrome-extension://pcimamnpccdapeaaejlbecdhiifdnllb/content.js:91:28)
    at updateRobloxHome (chrome-extension://pcimamnpccdapeaaejlbecdhiifdnllb/content.js:160:3)
[  529205ms] ReferenceError: seeAllLinks is not defined
    at removeFriendsButtons (chrome-extension://pcimamnpccdapeaaejlbecdhiifdnllb/content.js:91:28)
    at updateRobloxHome (chrome-extension://pcimamnpccdapeaaejlbecdhiifdnllb/content.js:160:3)
[  529232ms] ReferenceError: seeAllLinks is not defined
    at removeFriendsButtons (chrome-extension://pcimamnpccdapeaaejlbecdhiifdnllb/content.js:91:28)
    at updateRobloxHome (chrome-extension://pcimamnpccdapeaaejlbecdhiifdnllb/content.js:160:3)
[  529235ms] ReferenceError: seeAllLinks is not defined
    at removeFriendsButtons (chrome-extension://pcimamnpccdapeaaejlbecdhiifdnllb/content.js:91:28)
    at updateRobloxHome (chrome-extension://pcimamnpccdapeaaejlbecdhiifdnllb/content.js:160:3)
[  529277ms] ReferenceError: seeAllLinks is not defined
    at removeFriendsButtons (chrome-extension://pcimamnpccdapeaaejlbecdhiifdnllb/content.js:91:28)
    at updateRobloxHome (chrome-extension://pcimamnpccdapeaaejlbecdhiifdnllb/content.js:160:3)
[  529278ms] ReferenceError: seeAllLinks is not defined
    at removeFriendsButtons (chrome-extension://pcimamnpccdapeaaejlbecdhiifdnllb/content.js:91:28)
    at updateRobloxHome (chrome-extension://pcimamnpccdapeaaejlbecdhiifdnllb/content.js:160:3)
[  529340ms] ReferenceError: seeAllLinks is not defined
    at removeFriendsButtons (chrome-extension://pcimamnpccdapeaaejlbecdhiifdnllb/content.js:91:28)
    at updateRobloxHome (chrome-extension://pcimamnpccdapeaaejlbecdhiifdnllb/content.js:160:3)
[  529383ms] ReferenceError: seeAllLinks is not defined
    at removeFriendsButtons (chrome-extension://pcimamnpccdapeaaejlbecdhiifdnllb/content.js:91:28)
    at updateRobloxHome (chrome-extension://pcimamnpccdapeaaejlbecdhiifdnllb/content.js:160:3)
[  529385ms] ReferenceError: seeAllLinks is not defined
    at removeFriendsButtons (chrome-extension://pcimamnpccdapeaaejlbecdhiifdnllb/content.js:91:28)
    at updateRobloxHome (chrome-extension://pcimamnpccdapeaaejlbecdhiifdnllb/content.js:160:3)
[  529395ms] ReferenceError: seeAllLinks is not defined
    at removeFriendsButtons (chrome-extension://pcimamnpccdapeaaejlbecdhiifdnllb/content.js:91:28)
    at updateRobloxHome (chrome-extension://pcimamnpccdapeaaejlbecdhiifdnllb/content.js:160:3)
[  529457ms] ReferenceError: seeAllLinks is not defined
    at removeFriendsButtons (chrome-extension://pcimamnpccdapeaaejlbecdhiifdnllb/content.js:91:28)
    at updateRobloxHome (chrome-extension://pcimamnpccdapeaaejlbecdhiifdnllb/content.js:160:3)
[  529468ms] [LOG] WARNING: Tried to load AngularJS more than once. @ https://js.rbxcdn.com/7e3acadef63eb23dd02929eb5e500214e9a8e6400fd42d7a2b35133fc009e0d3-Sentry.js:0
[  529471ms] ReferenceError: seeAllLinks is not defined
    at removeFriendsButtons (chrome-extension://pcimamnpccdapeaaejlbecdhiifdnllb/content.js:91:28)
    at updateRobloxHome (chrome-extension://pcimamnpccdapeaaejlbecdhiifdnllb/content.js:160:3)
[  529472ms] ReferenceError: seeAllLinks is not defined
    at removeFriendsButtons (chrome-extension://pcimamnpccdapeaaejlbecdhiifdnllb/content.js:91:28)
    at updateRobloxHome (chrome-extension://pcimamnpccdapeaaejlbecdhiifdnllb/content.js:160:3)
[  529474ms] ReferenceError: seeAllLinks is not defined
    at removeFriendsButtons (chrome-extension://pcimamnpccdapeaaejlbecdhiifdnllb/content.js:91:28)
    at updateRobloxHome (chrome-extension://pcimamnpccdapeaaejlbecdhiifdnllb/content.js:160:3)
[  529481ms] ReferenceError: seeAllLinks is not defined
    at removeFriendsButtons (chrome-extension://pcimamnpccdapeaaejlbecdhiifdnllb/content.js:91:28)
    at updateRobloxHome (chrome-extension://pcimamnpccdapeaaejlbecdhiifdnllb/content.js:160:3)
[  529483ms] ReferenceError: seeAllLinks is not defined
    at removeFriendsButtons (chrome-extension://pcimamnpccdapeaaejlbecdhiifdnllb/content.js:91:28)
    at updateRobloxHome (chrome-extension://pcimamnpccdapeaaejlbecdhiifdnllb/content.js:160:3)
[  529484ms] ReferenceError: seeAllLinks is not defined
    at removeFriendsButtons (chrome-extension://pcimamnpccdapeaaejlbecdhiifdnllb/content.js:91:28)
    at updateRobloxHome (chrome-extension://pcimamnpccdapeaaejlbecdhiifdnllb/content.js:160:3)
[  529520ms] ReferenceError: seeAllLinks is not defined
    at removeFriendsButtons (chrome-extension://pcimamnpccdapeaaejlbecdhiifdnllb/content.js:91:28)
    at updateRobloxHome (chrome-extension://pcimamnpccdapeaaejlbecdhiifdnllb/content.js:160:3)
[  529522ms] ReferenceError: seeAllLinks is not defined
    at removeFriendsButtons (chrome-extension://pcimamnpccdapeaaejlbecdhiifdnllb/content.js:91:28)
    at updateRobloxHome (chrome-extension://pcimamnpccdapeaaejlbecdhiifdnllb/content.js:160:3)
[  529533ms] ReferenceError: seeAllLinks is not defined
    at removeFriendsButtons (chrome-extension://pcimamnpccdapeaaejlbecdhiifdnllb/content.js:91:28)
    at updateRobloxHome (chrome-extension://pcimamnpccdapeaaejlbecdhiifdnllb/content.js:160:3)
[  529535ms] ReferenceError: seeAllLinks is not defined
    at removeFriendsButtons (chrome-extension://pcimamnpccdapeaaejlbecdhiifdnllb/content.js:91:28)
    at updateRobloxHome (chrome-extension://pcimamnpccdapeaaejlbecdhiifdnllb/content.js:160:3)
[  529536ms] ReferenceError: seeAllLinks is not defined
    at removeFriendsButtons (chrome-extension://pcimamnpccdapeaaejlbecdhiifdnllb/content.js:91:28)
    at updateRobloxHome (chrome-extension://pcimamnpccdapeaaejlbecdhiifdnllb/content.js:160:3)
[  529629ms] ReferenceError: seeAllLinks is not defined
    at removeFriendsButtons (chrome-extension://pcimamnpccdapeaaejlbecdhiifdnllb/content.js:91:28)
    at updateRobloxHome (chrome-extension://pcimamnpccdapeaaejlbecdhiifdnllb/content.js:160:3)
[  529792ms] ReferenceError: seeAllLinks is not defined
    at removeFriendsButtons (chrome-extension://pcimamnpccdapeaaejlbecdhiifdnllb/content.js:91:28)
    at updateRobloxHome (chrome-extension://pcimamnpccdapeaaejlbecdhiifdnllb/content.js:160:3)
[  529793ms] ReferenceError: seeAllLinks is not defined
    at removeFriendsButtons (chrome-extension://pcimamnpccdapeaaejlbecdhiifdnllb/content.js:91:28)
    at updateRobloxHome (chrome-extension://pcimamnpccdapeaaejlbecdhiifdnllb/content.js:160:3)
[  529799ms] ReferenceError: seeAllLinks is not defined
    at removeFriendsButtons (chrome-extension://pcimamnpccdapeaaejlbecdhiifdnllb/content.js:91:28)
    at updateRobloxHome (chrome-extension://pcimamnpccdapeaaejlbecdhiifdnllb/content.js:160:3)
[  529804ms] ReferenceError: seeAllLinks is not defined
    at removeFriendsButtons (chrome-extension://pcimamnpccdapeaaejlbecdhiifdnllb/content.js:91:28)
    at updateRobloxHome (chrome-extension://pcimamnpccdapeaaejlbecdhiifdnllb/content.js:160:3)
[  529872ms] ReferenceError: seeAllLinks is not defined
    at removeFriendsButtons (chrome-extension://pcimamnpccdapeaaejlbecdhiifdnllb/content.js:91:28)
    at updateRobloxHome (chrome-extension://pcimamnpccdapeaaejlbecdhiifdnllb/content.js:160:3)
[  529873ms] ReferenceError: seeAllLinks is not defined
    at removeFriendsButtons (chrome-extension://pcimamnpccdapeaaejlbecdhiifdnllb/content.js:91:28)
    at updateRobloxHome (chrome-extension://pcimamnpccdapeaaejlbecdhiifdnllb/content.js:160:3)
[  529875ms] ReferenceError: seeAllLinks is not defined
    at removeFriendsButtons (chrome-extension://pcimamnpccdapeaaejlbecdhiifdnllb/content.js:91:28)
    at updateRobloxHome (chrome-extension://pcimamnpccdapeaaejlbecdhiifdnllb/content.js:160:3)
[  529876ms] ReferenceError: seeAllLinks is not defined
    at removeFriendsButtons (chrome-extension://pcimamnpccdapeaaejlbecdhiifdnllb/content.js:91:28)
    at updateRobloxHome (chrome-extension://pcimamnpccdapeaaejlbecdhiifdnllb/content.js:160:3)
[  529877ms] ReferenceError: seeAllLinks is not defined
    at removeFriendsButtons (chrome-extension://pcimamnpccdapeaaejlbecdhiifdnllb/content.js:91:28)
    at updateRobloxHome (chrome-extension://pcimamnpccdapeaaejlbecdhiifdnllb/content.js:160:3)
[  529878ms] ReferenceError: seeAllLinks is not defined
    at removeFriendsButtons (chrome-extension://pcimamnpccdapeaaejlbecdhiifdnllb/content.js:91:28)
    at updateRobloxHome (chrome-extension://pcimamnpccdapeaaejlbecdhiifdnllb/content.js:160:3)
[  529879ms] ReferenceError: seeAllLinks is not defined
    at removeFriendsButtons (chrome-extension://pcimamnpccdapeaaejlbecdhiifdnllb/content.js:91:28)
    at updateRobloxHome (chrome-extension://pcimamnpccdapeaaejlbecdhiifdnllb/content.js:160:3)
[  529882ms] ReferenceError: seeAllLinks is not defined
    at removeFriendsButtons (chrome-extension://pcimamnpccdapeaaejlbecdhiifdnllb/content.js:91:28)
    at updateRobloxHome (chrome-extension://pcimamnpccdapeaaejlbecdhiifdnllb/content.js:160:3)
[  529884ms] ReferenceError: seeAllLinks is not defined
    at removeFriendsButtons (chrome-extension://pcimamnpccdapeaaejlbecdhiifdnllb/content.js:91:28)
    at updateRobloxHome (chrome-extension://pcimamnpccdapeaaejlbecdhiifdnllb/content.js:160:3)
[  529885ms] ReferenceError: seeAllLinks is not defined
    at removeFriendsButtons (chrome-extension://pcimamnpccdapeaaejlbecdhiifdnllb/content.js:91:28)
    at updateRobloxHome (chrome-extension://pcimamnpccdapeaaejlbecdhiifdnllb/content.js:160:3)
[  529886ms] ReferenceError: seeAllLinks is not defined
    at removeFriendsButtons (chrome-extension://pcimamnpccdapeaaejlbecdhiifdnllb/content.js:91:28)
    at updateRobloxHome (chrome-extension://pcimamnpccdapeaaejlbecdhiifdnllb/content.js:160:3)
[  529888ms] ReferenceError: seeAllLinks is not defined
    at removeFriendsButtons (chrome-extension://pcimamnpccdapeaaejlbecdhiifdnllb/content.js:91:28)
    at updateRobloxHome (chrome-extension://pcimamnpccdapeaaejlbecdhiifdnllb/content.js:160:3)
[  529927ms] ReferenceError: seeAllLinks is not defined
    at removeFriendsButtons (chrome-extension://pcimamnpccdapeaaejlbecdhiifdnllb/content.js:91:28)
    at updateRobloxHome (chrome-extension://pcimamnpccdapeaaejlbecdhiifdnllb/content.js:160:3)
[  529929ms] ReferenceError: seeAllLinks is not defined
    at removeFriendsButtons (chrome-extension://pcimamnpccdapeaaejlbecdhiifdnllb/content.js:91:28)
    at updateRobloxHome (chrome-extension://pcimamnpccdapeaaejlbecdhiifdnllb/content.js:160:3)
[  529929ms] ReferenceError: seeAllLinks is not defined
    at removeFriendsButtons (chrome-extension://pcimamnpccdapeaaejlbecdhiifdnllb/content.js:91:28)
    at updateRobloxHome (chrome-extension://pcimamnpccdapeaaejlbecdhiifdnllb/content.js:160:3)
[  529947ms] ReferenceError: seeAllLinks is not defined
    at removeFriendsButtons (chrome-extension://pcimamnpccdapeaaejlbecdhiifdnllb/content.js:91:28)
    at updateRobloxHome (chrome-extension://pcimamnpccdapeaaejlbecdhiifdnllb/content.js:160:3)
[  529957ms] ReferenceError: seeAllLinks is not defined
    at removeFriendsButtons (chrome-extension://pcimamnpccdapeaaejlbecdhiifdnllb/content.js:91:28)
    at updateRobloxHome (chrome-extension://pcimamnpccdapeaaejlbecdhiifdnllb/content.js:160:3)
[  529961ms] ReferenceError: seeAllLinks is not defined
    at removeFriendsButtons (chrome-extension://pcimamnpccdapeaaejlbecdhiifdnllb/content.js:91:28)
    at updateRobloxHome (chrome-extension://pcimamnpccdapeaaejlbecdhiifdnllb/content.js:160:3)
[  529969ms] ReferenceError: seeAllLinks is not defined
    at removeFriendsButtons (chrome-extension://pcimamnpccdapeaaejlbecdhiifdnllb/content.js:91:28)
    at updateRobloxHome (chrome-extension://pcimamnpccdapeaaejlbecdhiifdnllb/content.js:160:3)
[  529971ms] ReferenceError: seeAllLinks is not defined
    at removeFriendsButtons (chrome-extension://pcimamnpccdapeaaejlbecdhiifdnllb/content.js:91:28)
    at updateRobloxHome (chrome-extension://pcimamnpccdapeaaejlbecdhiifdnllb/content.js:160:3)
[  529973ms] ReferenceError: seeAllLinks is not defined
    at removeFriendsButtons (chrome-extension://pcimamnpccdapeaaejlbecdhiifdnllb/content.js:91:28)
    at updateRobloxHome (chrome-extension://pcimamnpccdapeaaejlbecdhiifdnllb/content.js:160:3)
[  529990ms] ReferenceError: seeAllLinks is not defined
    at removeFriendsButtons (chrome-extension://pcimamnpccdapeaaejlbecdhiifdnllb/content.js:91:28)
    at updateRobloxHome (chrome-extension://pcimamnpccdapeaaejlbecdhiifdnllb/content.js:160:3)
[  529992ms] ReferenceError: seeAllLinks is not defined
    at removeFriendsButtons (chrome-extension://pcimamnpccdapeaaejlbecdhiifdnllb/content.js:91:28)
    at updateRobloxHome (chrome-extension://pcimamnpccdapeaaejlbecdhiifdnllb/content.js:160:3)
[  529994ms] ReferenceError: seeAllLinks is not defined
    at removeFriendsButtons (chrome-extension://pcimamnpccdapeaaejlbecdhiifdnllb/content.js:91:28)
    at updateRobloxHome (chrome-extension://pcimamnpccdapeaaejlbecdhiifdnllb/content.js:160:3)
[  529996ms] ReferenceError: seeAllLinks is not defined
    at removeFriendsButtons (chrome-extension://pcimamnpccdapeaaejlbecdhiifdnllb/content.js:91:28)
    at updateRobloxHome (chrome-extension://pcimamnpccdapeaaejlbecdhiifdnllb/content.js:160:3)
[  530018ms] ReferenceError: seeAllLinks is not defined
    at removeFriendsButtons (chrome-extension://pcimamnpccdapeaaejlbecdhiifdnllb/content.js:91:28)
    at updateRobloxHome (chrome-extension://pcimamnpccdapeaaejlbecdhiifdnllb/content.js:160:3)
[  530028ms] ReferenceError: seeAllLinks is not defined
    at removeFriendsButtons (chrome-extension://pcimamnpccdapeaaejlbecdhiifdnllb/content.js:91:28)
    at updateRobloxHome (chrome-extension://pcimamnpccdapeaaejlbecdhiifdnllb/content.js:160:3)
[  530030ms] ReferenceError: seeAllLinks is not defined
    at removeFriendsButtons (chrome-extension://pcimamnpccdapeaaejlbecdhiifdnllb/content.js:91:28)
    at updateRobloxHome (chrome-extension://pcimamnpccdapeaaejlbecdhiifdnllb/content.js:160:3)
[  530031ms] ReferenceError: seeAllLinks is not defined
    at removeFriendsButtons (chrome-extension://pcimamnpccdapeaaejlbecdhiifdnllb/content.js:91:28)
    at updateRobloxHome (chrome-extension://pcimamnpccdapeaaejlbecdhiifdnllb/content.js:160:3)
[  530033ms] ReferenceError: seeAllLinks is not defined
    at removeFriendsButtons (chrome-extension://pcimamnpccdapeaaejlbecdhiifdnllb/content.js:91:28)
    at updateRobloxHome (chrome-extension://pcimamnpccdapeaaejlbecdhiifdnllb/content.js:160:3)
[  530132ms] ReferenceError: seeAllLinks is not defined
    at removeFriendsButtons (chrome-extension://pcimamnpccdapeaaejlbecdhiifdnllb/content.js:91:28)
    at updateRobloxHome (chrome-extension://pcimamnpccdapeaaejlbecdhiifdnllb/content.js:160:3)
[  530133ms] ReferenceError: seeAllLinks is not defined
    at removeFriendsButtons (chrome-extension://pcimamnpccdapeaaejlbecdhiifdnllb/content.js:91:28)
    at updateRobloxHome (chrome-extension://pcimamnpccdapeaaejlbecdhiifdnllb/content.js:160:3)
[  530194ms] ReferenceError: seeAllLinks is not defined
    at removeFriendsButtons (chrome-extension://pcimamnpccdapeaaejlbecdhiifdnllb/content.js:91:28)
    at updateRobloxHome (chrome-extension://pcimamnpccdapeaaejlbecdhiifdnllb/content.js:160:3)
[  530195ms] ReferenceError: seeAllLinks is not defined
    at removeFriendsButtons (chrome-extension://pcimamnpccdapeaaejlbecdhiifdnllb/content.js:91:28)
    at updateRobloxHome (chrome-extension://pcimamnpccdapeaaejlbecdhiifdnllb/content.js:160:3)
[  530236ms] ReferenceError: seeAllLinks is not defined
    at removeFriendsButtons (chrome-extension://pcimamnpccdapeaaejlbecdhiifdnllb/content.js:91:28)
    at updateRobloxHome (chrome-extension://pcimamnpccdapeaaejlbecdhiifdnllb/content.js:160:3)
[  530263ms] ReferenceError: seeAllLinks is not defined
    at removeFriendsButtons (chrome-extension://pcimamnpccdapeaaejlbecdhiifdnllb/content.js:91:28)
    at updateRobloxHome (chrome-extension://pcimamnpccdapeaaejlbecdhiifdnllb/content.js:160:3)
[  530281ms] ReferenceError: seeAllLinks is not defined
    at removeFriendsButtons (chrome-extension://pcimamnpccdapeaaejlbecdhiifdnllb/content.js:91:28)
    at updateRobloxHome (chrome-extension://pcimamnpccdapeaaejlbecdhiifdnllb/content.js:160:3)
[  530282ms] ReferenceError: seeAllLinks is not defined
    at removeFriendsButtons (chrome-extension://pcimamnpccdapeaaejlbecdhiifdnllb/content.js:91:28)
    at updateRobloxHome (chrome-extension://pcimamnpccdapeaaejlbecdhiifdnllb/content.js:160:3)
[  530283ms] ReferenceError: seeAllLinks is not defined
    at removeFriendsButtons (chrome-extension://pcimamnpccdapeaaejlbecdhiifdnllb/content.js:91:28)
    at updateRobloxHome (chrome-extension://pcimamnpccdapeaaejlbecdhiifdnllb/content.js:160:3)
[  530284ms] ReferenceError: seeAllLinks is not defined
    at removeFriendsButtons (chrome-extension://pcimamnpccdapeaaejlbecdhiifdnllb/content.js:91:28)
    at updateRobloxHome (chrome-extension://pcimamnpccdapeaaejlbecdhiifdnllb/content.js:160:3)
[  530286ms] ReferenceError: seeAllLinks is not defined
    at removeFriendsButtons (chrome-extension://pcimamnpccdapeaaejlbecdhiifdnllb/content.js:91:28)
    at updateRobloxHome (chrome-extension://pcimamnpccdapeaaejlbecdhiifdnllb/content.js:160:3)
[  530287ms] ReferenceError: seeAllLinks is not defined
    at removeFriendsButtons (chrome-extension://pcimamnpccdapeaaejlbecdhiifdnllb/content.js:91:28)
    at updateRobloxHome (chrome-extension://pcimamnpccdapeaaejlbecdhiifdnllb/content.js:160:3)
[  530290ms] ReferenceError: seeAllLinks is not defined
    at removeFriendsButtons (chrome-extension://pcimamnpccdapeaaejlbecdhiifdnllb/content.js:91:28)
    at updateRobloxHome (chrome-extension://pcimamnpccdapeaaejlbecdhiifdnllb/content.js:160:3)
[  530290ms] ReferenceError: seeAllLinks is not defined
    at removeFriendsButtons (chrome-extension://pcimamnpccdapeaaejlbecdhiifdnllb/content.js:91:28)
    at updateRobloxHome (chrome-extension://pcimamnpccdapeaaejlbecdhiifdnllb/content.js:160:3)
[  530292ms] ReferenceError: seeAllLinks is not defined
    at removeFriendsButtons (chrome-extension://pcimamnpccdapeaaejlbecdhiifdnllb/content.js:91:28)
    at updateRobloxHome (chrome-extension://pcimamnpccdapeaaejlbecdhiifdnllb/content.js:160:3)
[  530295ms] ReferenceError: seeAllLinks is not defined
    at removeFriendsButtons (chrome-extension://pcimamnpccdapeaaejlbecdhiifdnllb/content.js:91:28)
    at updateRobloxHome (chrome-extension://pcimamnpccdapeaaejlbecdhiifdnllb/content.js:160:3)
[  530304ms] ReferenceError: seeAllLinks is not defined
    at removeFriendsButtons (chrome-extension://pcimamnpccdapeaaejlbecdhiifdnllb/content.js:91:28)
    at updateRobloxHome (chrome-extension://pcimamnpccdapeaaejlbecdhiifdnllb/content.js:160:3)
[  530305ms] ReferenceError: seeAllLinks is not defined
    at removeFriendsButtons (chrome-extension://pcimamnpccdapeaaejlbecdhiifdnllb/content.js:91:28)
    at updateRobloxHome (chrome-extension://pcimamnpccdapeaaejlbecdhiifdnllb/content.js:160:3)
[  530308ms] ReferenceError: seeAllLinks is not defined
    at removeFriendsButtons (chrome-extension://pcimamnpccdapeaaejlbecdhiifdnllb/content.js:91:28)
    at updateRobloxHome (chrome-extension://pcimamnpccdapeaaejlbecdhiifdnllb/content.js:160:3)
[  530310ms] ReferenceError: seeAllLinks is not defined
    at removeFriendsButtons (chrome-extension://pcimamnpccdapeaaejlbecdhiifdnllb/content.js:91:28)
    at updateRobloxHome (chrome-extension://pcimamnpccdapeaaejlbecdhiifdnllb/content.js:160:3)
[  530313ms] ReferenceError: seeAllLinks is not defined
    at removeFriendsButtons (chrome-extension://pcimamnpccdapeaaejlbecdhiifdnllb/content.js:91:28)
    at updateRobloxHome (chrome-extension://pcimamnpccdapeaaejlbecdhiifdnllb/content.js:160:3)
[  530315ms] ReferenceError: seeAllLinks is not defined
    at removeFriendsButtons (chrome-extension://pcimamnpccdapeaaejlbecdhiifdnllb/content.js:91:28)
    at updateRobloxHome (chrome-extension://pcimamnpccdapeaaejlbecdhiifdnllb/content.js:160:3)
[  530316ms] ReferenceError: seeAllLinks is not defined
    at removeFriendsButtons (chrome-extension://pcimamnpccdapeaaejlbecdhiifdnllb/content.js:91:28)
    at updateRobloxHome (chrome-extension://pcimamnpccdapeaaejlbecdhiifdnllb/content.js:160:3)
[  530353ms] ReferenceError: seeAllLinks is not defined
    at removeFriendsButtons (chrome-extension://pcimamnpccdapeaaejlbecdhiifdnllb/content.js:91:28)
    at updateRobloxHome (chrome-extension://pcimamnpccdapeaaejlbecdhiifdnllb/content.js:160:3)
[  530353ms] ReferenceError: seeAllLinks is not defined
    at removeFriendsButtons (chrome-extension://pcimamnpccdapeaaejlbecdhiifdnllb/content.js:91:28)
    at updateRobloxHome (chrome-extension://pcimamnpccdapeaaejlbecdhiifdnllb/content.js:160:3)
[  530356ms] ReferenceError: seeAllLinks is not defined
    at removeFriendsButtons (chrome-extension://pcimamnpccdapeaaejlbecdhiifdnllb/content.js:91:28)
    at updateRobloxHome (chrome-extension://pcimamnpccdapeaaejlbecdhiifdnllb/content.js:160:3)
[  530381ms] ReferenceError: seeAllLinks is not defined
    at removeFriendsButtons (chrome-extension://pcimamnpccdapeaaejlbecdhiifdnllb/content.js:91:28)
    at updateRobloxHome (chrome-extension://pcimamnpccdapeaaejlbecdhiifdnllb/content.js:160:3)
[  530382ms] ReferenceError: seeAllLinks is not defined
    at removeFriendsButtons (chrome-extension://pcimamnpccdapeaaejlbecdhiifdnllb/content.js:91:28)
    at updateRobloxHome (chrome-extension://pcimamnpccdapeaaejlbecdhiifdnllb/content.js:160:3)
[  530416ms] ReferenceError: seeAllLinks is not defined
    at removeFriendsButtons (chrome-extension://pcimamnpccdapeaaejlbecdhiifdnllb/content.js:91:28)
    at updateRobloxHome (chrome-extension://pcimamnpccdapeaaejlbecdhiifdnllb/content.js:160:3)
[  530417ms] ReferenceError: seeAllLinks is not defined
    at removeFriendsButtons (chrome-extension://pcimamnpccdapeaaejlbecdhiifdnllb/content.js:91:28)
    at updateRobloxHome (chrome-extension://pcimamnpccdapeaaejlbecdhiifdnllb/content.js:160:3)
[  530419ms] ReferenceError: seeAllLinks is not defined
    at removeFriendsButtons (chrome-extension://pcimamnpccdapeaaejlbecdhiifdnllb/content.js:91:28)
    at updateRobloxHome (chrome-extension://pcimamnpccdapeaaejlbecdhiifdnllb/content.js:160:3)
[  530420ms] ReferenceError: seeAllLinks is not defined
    at removeFriendsButtons (chrome-extension://pcimamnpccdapeaaejlbecdhiifdnllb/content.js:91:28)
    at updateRobloxHome (chrome-extension://pcimamnpccdapeaaejlbecdhiifdnllb/content.js:160:3)
[  530423ms] ReferenceError: seeAllLinks is not defined
    at removeFriendsButtons (chrome-extension://pcimamnpccdapeaaejlbecdhiifdnllb/content.js:91:28)
    at updateRobloxHome (chrome-extension://pcimamnpccdapeaaejlbecdhiifdnllb/content.js:160:3)
[  530424ms] ReferenceError: seeAllLinks is not defined
    at removeFriendsButtons (chrome-extension://pcimamnpccdapeaaejlbecdhiifdnllb/content.js:91:28)
    at updateRobloxHome (chrome-extension://pcimamnpccdapeaaejlbecdhiifdnllb/content.js:160:3)
[  530425ms] ReferenceError: seeAllLinks is not defined
    at removeFriendsButtons (chrome-extension://pcimamnpccdapeaaejlbecdhiifdnllb/content.js:91:28)
    at updateRobloxHome (chrome-extension://pcimamnpccdapeaaejlbecdhiifdnllb/content.js:160:3)
[  530469ms] [WARNING] An error occurred! For more details, see the full error text at https://go.apollo.dev/c/err#%7B%22version%22%3A%223.14.0%22%2C%22message%22%3A104%2C%22args%22%3A%5B%22ApolloClient%22%2C%22connectToDevTools%22%2C%22Please%20use%20%60devtools.enabled%60%20instead.%22%5D%7D @ https://js.rbxcdn.com/7e3acadef63eb23dd02929eb5e500214e9a8e6400fd42d7a2b35133fc009e0d3-Sentry.js:0
[  530474ms] ReferenceError: seeAllLinks is not defined
    at removeFriendsButtons (chrome-extension://pcimamnpccdapeaaejlbecdhiifdnllb/content.js:91:28)
    at updateRobloxHome (chrome-extension://pcimamnpccdapeaaejlbecdhiifdnllb/content.js:160:3)
[  530475ms] ReferenceError: seeAllLinks is not defined
    at removeFriendsButtons (chrome-extension://pcimamnpccdapeaaejlbecdhiifdnllb/content.js:91:28)
    at updateRobloxHome (chrome-extension://pcimamnpccdapeaaejlbecdhiifdnllb/content.js:160:3)
[  530585ms] ReferenceError: seeAllLinks is not defined
    at removeFriendsButtons (chrome-extension://pcimamnpccdapeaaejlbecdhiifdnllb/content.js:91:28)
    at updateRobloxHome (chrome-extension://pcimamnpccdapeaaejlbecdhiifdnllb/content.js:160:3)
[  530586ms] ReferenceError: seeAllLinks is not defined
    at removeFriendsButtons (chrome-extension://pcimamnpccdapeaaejlbecdhiifdnllb/content.js:91:28)
    at updateRobloxHome (chrome-extension://pcimamnpccdapeaaejlbecdhiifdnllb/content.js:160:3)
[  530587ms] ReferenceError: seeAllLinks is not defined
    at removeFriendsButtons (chrome-extension://pcimamnpccdapeaaejlbecdhiifdnllb/content.js:91:28)
    at updateRobloxHome (chrome-extension://pcimamnpccdapeaaejlbecdhiifdnllb/content.js:160:3)
[  530589ms] ReferenceError: seeAllLinks is not defined
    at removeFriendsButtons (chrome-extension://pcimamnpccdapeaaejlbecdhiifdnllb/content.js:91:28)
    at updateRobloxHome (chrome-extension://pcimamnpccdapeaaejlbecdhiifdnllb/content.js:160:3)
[  530589ms] ReferenceError: seeAllLinks is not defined
    at removeFriendsButtons (chrome-extension://pcimamnpccdapeaaejlbecdhiifdnllb/content.js:91:28)
    at updateRobloxHome (chrome-extension://pcimamnpccdapeaaejlbecdhiifdnllb/content.js:160:3)
[  530592ms] ReferenceError: seeAllLinks is not defined
    at removeFriendsButtons (chrome-extension://pcimamnpccdapeaaejlbecdhiifdnllb/content.js:91:28)
    at updateRobloxHome (chrome-extension://pcimamnpccdapeaaejlbecdhiifdnllb/content.js:160:3)
[  530593ms] ReferenceError: seeAllLinks is not defined
    at removeFriendsButtons (chrome-extension://pcimamnpccdapeaaejlbecdhiifdnllb/content.js:91:28)
    at updateRobloxHome (chrome-extension://pcimamnpccdapeaaejlbecdhiifdnllb/content.js:160:3)
[  530622ms] [ERROR] Failed to load resource: the server responded with a status of 403 () @ https://apis.roblox.com/user-heartbeats-api/pulse:0
[  530646ms] ReferenceError: seeAllLinks is not defined
    at removeFriendsButtons (chrome-extension://pcimamnpccdapeaaejlbecdhiifdnllb/content.js:91:28)
    at updateRobloxHome (chrome-extension://pcimamnpccdapeaaejlbecdhiifdnllb/content.js:160:3)
[  530679ms] ReferenceError: seeAllLinks is not defined
    at removeFriendsButtons (chrome-extension://pcimamnpccdapeaaejlbecdhiifdnllb/content.js:91:28)
    at updateRobloxHome (chrome-extension://pcimamnpccdapeaaejlbecdhiifdnllb/content.js:160:3)
[  530680ms] ReferenceError: seeAllLinks is not defined
    at removeFriendsButtons (chrome-extension://pcimamnpccdapeaaejlbecdhiifdnllb/content.js:91:28)
    at updateRobloxHome (chrome-extension://pcimamnpccdapeaaejlbecdhiifdnllb/content.js:160:3)
[  530682ms] ReferenceError: seeAllLinks is not defined
    at removeFriendsButtons (chrome-extension://pcimamnpccdapeaaejlbecdhiifdnllb/content.js:91:28)
    at updateRobloxHome (chrome-extension://pcimamnpccdapeaaejlbecdhiifdnllb/content.js:160:3)
[  530686ms] [WARNING] The namespace Purchasing.PurchaseDialog was not found @ https://js.rbxcdn.com/7e3acadef63eb23dd02929eb5e500214e9a8e6400fd42d7a2b35133fc009e0d3-Sentry.js:0
[  530687ms] ReferenceError: seeAllLinks is not defined
    at removeFriendsButtons (chrome-extension://pcimamnpccdapeaaejlbecdhiifdnllb/content.js:91:28)
    at updateRobloxHome (chrome-extension://pcimamnpccdapeaaejlbecdhiifdnllb/content.js:160:3)
[  530688ms] ReferenceError: seeAllLinks is not defined
    at removeFriendsButtons (chrome-extension://pcimamnpccdapeaaejlbecdhiifdnllb/content.js:91:28)
    at updateRobloxHome (chrome-extension://pcimamnpccdapeaaejlbecdhiifdnllb/content.js:160:3)
[  530691ms] ReferenceError: seeAllLinks is not defined
    at removeFriendsButtons (chrome-extension://pcimamnpccdapeaaejlbecdhiifdnllb/content.js:91:28)
    at updateRobloxHome (chrome-extension://pcimamnpccdapeaaejlbecdhiifdnllb/content.js:160:3)
[  530698ms] ReferenceError: seeAllLinks is not defined
    at removeFriendsButtons (chrome-extension://pcimamnpccdapeaaejlbecdhiifdnllb/content.js:91:28)
    at updateRobloxHome (chrome-extension://pcimamnpccdapeaaejlbecdhiifdnllb/content.js:160:3)
[  530699ms] ReferenceError: seeAllLinks is not defined
    at removeFriendsButtons (chrome-extension://pcimamnpccdapeaaejlbecdhiifdnllb/content.js:91:28)
    at updateRobloxHome (chrome-extension://pcimamnpccdapeaaejlbecdhiifdnllb/content.js:160:3)
[  530703ms] ReferenceError: seeAllLinks is not defined
    at removeFriendsButtons (chrome-extension://pcimamnpccdapeaaejlbecdhiifdnllb/content.js:91:28)
    at updateRobloxHome (chrome-extension://pcimamnpccdapeaaejlbecdhiifdnllb/content.js:160:3)
[  530718ms] ReferenceError: seeAllLinks is not defined
    at removeFriendsButtons (chrome-extension://pcimamnpccdapeaaejlbecdhiifdnllb/content.js:91:28)
    at updateRobloxHome (chrome-extension://pcimamnpccdapeaaejlbecdhiifdnllb/content.js:160:3)
[  530719ms] ReferenceError: seeAllLinks is not defined
    at removeFriendsButtons (chrome-extension://pcimamnpccdapeaaejlbecdhiifdnllb/content.js:91:28)
    at updateRobloxHome (chrome-extension://pcimamnpccdapeaaejlbecdhiifdnllb/content.js:160:3)
[  530720ms] ReferenceError: seeAllLinks is not defined
    at removeFriendsButtons (chrome-extension://pcimamnpccdapeaaejlbecdhiifdnllb/content.js:91:28)
    at updateRobloxHome (chrome-extension://pcimamnpccdapeaaejlbecdhiifdnllb/content.js:160:3)
[  530721ms] ReferenceError: seeAllLinks is not defined
    at removeFriendsButtons (chrome-extension://pcimamnpccdapeaaejlbecdhiifdnllb/content.js:91:28)
    at updateRobloxHome (chrome-extension://pcimamnpccdapeaaejlbecdhiifdnllb/content.js:160:3)
[  530723ms] ReferenceError: seeAllLinks is not defined
    at removeFriendsButtons (chrome-extension://pcimamnpccdapeaaejlbecdhiifdnllb/content.js:91:28)
    at updateRobloxHome (chrome-extension://pcimamnpccdapeaaejlbecdhiifdnllb/content.js:160:3)
[  530726ms] ReferenceError: seeAllLinks is not defined
    at removeFriendsButtons (chrome-extension://pcimamnpccdapeaaejlbecdhiifdnllb/content.js:91:28)
    at updateRobloxHome (chrome-extension://pcimamnpccdapeaaejlbecdhiifdnllb/content.js:160:3)
[  530728ms] ReferenceError: seeAllLinks is not defined
    at removeFriendsButtons (chrome-extension://pcimamnpccdapeaaejlbecdhiifdnllb/content.js:91:28)
    at updateRobloxHome (chrome-extension://pcimamnpccdapeaaejlbecdhiifdnllb/content.js:160:3)
[  530730ms] ReferenceError: seeAllLinks is not defined
    at removeFriendsButtons (chrome-extension://pcimamnpccdapeaaejlbecdhiifdnllb/content.js:91:28)
    at updateRobloxHome (chrome-extension://pcimamnpccdapeaaejlbecdhiifdnllb/content.js:160:3)
[  530732ms] ReferenceError: seeAllLinks is not defined
    at removeFriendsButtons (chrome-extension://pcimamnpccdapeaaejlbecdhiifdnllb/content.js:91:28)
    at updateRobloxHome (chrome-extension://pcimamnpccdapeaaejlbecdhiifdnllb/content.js:160:3)
[  530736ms] ReferenceError: seeAllLinks is not defined
    at removeFriendsButtons (chrome-extension://pcimamnpccdapeaaejlbecdhiifdnllb/content.js:91:28)
    at updateRobloxHome (chrome-extension://pcimamnpccdapeaaejlbecdhiifdnllb/content.js:160:3)
[  530736ms] ReferenceError: seeAllLinks is not defined
    at removeFriendsButtons (chrome-extension://pcimamnpccdapeaaejlbecdhiifdnllb/content.js:91:28)
    at updateRobloxHome (chrome-extension://pcimamnpccdapeaaejlbecdhiifdnllb/content.js:160:3)
[  530740ms] ReferenceError: seeAllLinks is not defined
    at removeFriendsButtons (chrome-extension://pcimamnpccdapeaaejlbecdhiifdnllb/content.js:91:28)
    at updateRobloxHome (chrome-extension://pcimamnpccdapeaaejlbecdhiifdnllb/content.js:160:3)
[  530742ms] ReferenceError: seeAllLinks is not defined
    at removeFriendsButtons (chrome-extension://pcimamnpccdapeaaejlbecdhiifdnllb/content.js:91:28)
    at updateRobloxHome (chrome-extension://pcimamnpccdapeaaejlbecdhiifdnllb/content.js:160:3)
[  530747ms] ReferenceError: seeAllLinks is not defined
    at removeFriendsButtons (chrome-extension://pcimamnpccdapeaaejlbecdhiifdnllb/content.js:91:28)
    at updateRobloxHome (chrome-extension://pcimamnpccdapeaaejlbecdhiifdnllb/content.js:160:3)
[  530750ms] ReferenceError: seeAllLinks is not defined
    at removeFriendsButtons (chrome-extension://pcimamnpccdapeaaejlbecdhiifdnllb/content.js:91:28)
    at updateRobloxHome (chrome-extension://pcimamnpccdapeaaejlbecdhiifdnllb/content.js:160:3)
[  530750ms] ReferenceError: seeAllLinks is not defined
    at removeFriendsButtons (chrome-extension://pcimamnpccdapeaaejlbecdhiifdnllb/content.js:91:28)
    at updateRobloxHome (chrome-extension://pcimamnpccdapeaaejlbecdhiifdnllb/content.js:160:3)
[  530751ms] ReferenceError: seeAllLinks is not defined
    at removeFriendsButtons (chrome-extension://pcimamnpccdapeaaejlbecdhiifdnllb/content.js:91:28)
    at updateRobloxHome (chrome-extension://pcimamnpccdapeaaejlbecdhiifdnllb/content.js:160:3)
[  530757ms] ReferenceError: seeAllLinks is not defined
    at removeFriendsButtons (chrome-extension://pcimamnpccdapeaaejlbecdhiifdnllb/content.js:91:28)
    at updateRobloxHome (chrome-extension://pcimamnpccdapeaaejlbecdhiifdnllb/content.js:160:3)
[  530758ms] ReferenceError: seeAllLinks is not defined
    at removeFriendsButtons (chrome-extension://pcimamnpccdapeaaejlbecdhiifdnllb/content.js:91:28)
    at updateRobloxHome (chrome-extension://pcimamnpccdapeaaejlbecdhiifdnllb/content.js:160:3)
[  530762ms] ReferenceError: seeAllLinks is not defined
    at removeFriendsButtons (chrome-extension://pcimamnpccdapeaaejlbecdhiifdnllb/content.js:91:28)
    at updateRobloxHome (chrome-extension://pcimamnpccdapeaaejlbecdhiifdnllb/content.js:160:3)
[  530766ms] ReferenceError: seeAllLinks is not defined
    at removeFriendsButtons (chrome-extension://pcimamnpccdapeaaejlbecdhiifdnllb/content.js:91:28)
    at updateRobloxHome (chrome-extension://pcimamnpccdapeaaejlbecdhiifdnllb/content.js:160:3)
[  530768ms] ReferenceError: seeAllLinks is not defined
    at removeFriendsButtons (chrome-extension://pcimamnpccdapeaaejlbecdhiifdnllb/content.js:91:28)
    at updateRobloxHome (chrome-extension://pcimamnpccdapeaaejlbecdhiifdnllb/content.js:160:3)
[  530770ms] ReferenceError: seeAllLinks is not defined
    at removeFriendsButtons (chrome-extension://pcimamnpccdapeaaejlbecdhiifdnllb/content.js:91:28)
    at updateRobloxHome (chrome-extension://pcimamnpccdapeaaejlbecdhiifdnllb/content.js:160:3)
[  530774ms] ReferenceError: seeAllLinks is not defined
    at removeFriendsButtons (chrome-extension://pcimamnpccdapeaaejlbecdhiifdnllb/content.js:91:28)
    at updateRobloxHome (chrome-extension://pcimamnpccdapeaaejlbecdhiifdnllb/content.js:160:3)
[  530778ms] ReferenceError: seeAllLinks is not defined
    at removeFriendsButtons (chrome-extension://pcimamnpccdapeaaejlbecdhiifdnllb/content.js:91:28)
    at updateRobloxHome (chrome-extension://pcimamnpccdapeaaejlbecdhiifdnllb/content.js:160:3)
[  530780ms] ReferenceError: seeAllLinks is not defined
    at removeFriendsButtons (chrome-extension://pcimamnpccdapeaaejlbecdhiifdnllb/content.js:91:28)
    at updateRobloxHome (chrome-extension://pcimamnpccdapeaaejlbecdhiifdnllb/content.js:160:3)
[  530782ms] ReferenceError: seeAllLinks is not defined
    at removeFriendsButtons (chrome-extension://pcimamnpccdapeaaejlbecdhiifdnllb/content.js:91:28)
    at updateRobloxHome (chrome-extension://pcimamnpccdapeaaejlbecdhiifdnllb/content.js:160:3)
[  530787ms] ReferenceError: seeAllLinks is not defined
    at removeFriendsButtons (chrome-extension://pcimamnpccdapeaaejlbecdhiifdnllb/content.js:91:28)
    at updateRobloxHome (chrome-extension://pcimamnpccdapeaaejlbecdhiifdnllb/content.js:160:3)
[  530788ms] ReferenceError: seeAllLinks is not defined
    at removeFriendsButtons (chrome-extension://pcimamnpccdapeaaejlbecdhiifdnllb/content.js:91:28)
    at updateRobloxHome (chrome-extension://pcimamnpccdapeaaejlbecdhiifdnllb/content.js:160:3)
[  530790ms] ReferenceError: seeAllLinks is not defined
    at removeFriendsButtons (chrome-extension://pcimamnpccdapeaaejlbecdhiifdnllb/content.js:91:28)
    at updateRobloxHome (chrome-extension://pcimamnpccdapeaaejlbecdhiifdnllb/content.js:160:3)
[  530792ms] ReferenceError: seeAllLinks is not defined
    at removeFriendsButtons (chrome-extension://pcimamnpccdapeaaejlbecdhiifdnllb/content.js:91:28)
    at updateRobloxHome (chrome-extension://pcimamnpccdapeaaejlbecdhiifdnllb/content.js:160:3)
[  530794ms] ReferenceError: seeAllLinks is not defined
    at removeFriendsButtons (chrome-extension://pcimamnpccdapeaaejlbecdhiifdnllb/content.js:91:28)
    at updateRobloxHome (chrome-extension://pcimamnpccdapeaaejlbecdhiifdnllb/content.js:160:3)
[  530797ms] ReferenceError: seeAllLinks is not defined
    at removeFriendsButtons (chrome-extension://pcimamnpccdapeaaejlbecdhiifdnllb/content.js:91:28)
    at updateRobloxHome (chrome-extension://pcimamnpccdapeaaejlbecdhiifdnllb/content.js:160:3)
[  530797ms] ReferenceError: seeAllLinks is not defined
    at removeFriendsButtons (chrome-extension://pcimamnpccdapeaaejlbecdhiifdnllb/content.js:91:28)
    at updateRobloxHome (chrome-extension://pcimamnpccdapeaaejlbecdhiifdnllb/content.js:160:3)
[  530798ms] ReferenceError: seeAllLinks is not defined
    at removeFriendsButtons (chrome-extension://pcimamnpccdapeaaejlbecdhiifdnllb/content.js:91:28)
    at updateRobloxHome (chrome-extension://pcimamnpccdapeaaejlbecdhiifdnllb/content.js:160:3)
[  530800ms] ReferenceError: seeAllLinks is not defined
    at removeFriendsButtons (chrome-extension://pcimamnpccdapeaaejlbecdhiifdnllb/content.js:91:28)
    at updateRobloxHome (chrome-extension://pcimamnpccdapeaaejlbecdhiifdnllb/content.js:160:3)
[  530801ms] ReferenceError: seeAllLinks is not defined
    at removeFriendsButtons (chrome-extension://pcimamnpccdapeaaejlbecdhiifdnllb/content.js:91:28)
    at updateRobloxHome (chrome-extension://pcimamnpccdapeaaejlbecdhiifdnllb/content.js:160:3)
[  530803ms] ReferenceError: seeAllLinks is not defined
    at removeFriendsButtons (chrome-extension://pcimamnpccdapeaaejlbecdhiifdnllb/content.js:91:28)
    at updateRobloxHome (chrome-extension://pcimamnpccdapeaaejlbecdhiifdnllb/content.js:160:3)
[  530872ms] ReferenceError: seeAllLinks is not defined
    at removeFriendsButtons (chrome-extension://pcimamnpccdapeaaejlbecdhiifdnllb/content.js:91:28)
    at updateRobloxHome (chrome-extension://pcimamnpccdapeaaejlbecdhiifdnllb/content.js:160:3)
[  530873ms] ReferenceError: seeAllLinks is not defined
    at removeFriendsButtons (chrome-extension://pcimamnpccdapeaaejlbecdhiifdnllb/content.js:91:28)
    at updateRobloxHome (chrome-extension://pcimamnpccdapeaaejlbecdhiifdnllb/content.js:160:3)
[  530875ms] ReferenceError: seeAllLinks is not defined
    at removeFriendsButtons (chrome-extension://pcimamnpccdapeaaejlbecdhiifdnllb/content.js:91:28)
    at updateRobloxHome (chrome-extension://pcimamnpccdapeaaejlbecdhiifdnllb/content.js:160:3)
[  530877ms] ReferenceError: seeAllLinks is not defined
    at removeFriendsButtons (chrome-extension://pcimamnpccdapeaaejlbecdhiifdnllb/content.js:91:28)
    at updateRobloxHome (chrome-extension://pcimamnpccdapeaaejlbecdhiifdnllb/content.js:160:3)
[  530879ms] ReferenceError: seeAllLinks is not defined
    at removeFriendsButtons (chrome-extension://pcimamnpccdapeaaejlbecdhiifdnllb/content.js:91:28)
    at updateRobloxHome (chrome-extension://pcimamnpccdapeaaejlbecdhiifdnllb/content.js:160:3)
[  530881ms] ReferenceError: seeAllLinks is not defined
    at removeFriendsButtons (chrome-extension://pcimamnpccdapeaaejlbecdhiifdnllb/content.js:91:28)
    at updateRobloxHome (chrome-extension://pcimamnpccdapeaaejlbecdhiifdnllb/content.js:160:3)
[  530882ms] ReferenceError: seeAllLinks is not defined
    at removeFriendsButtons (chrome-extension://pcimamnpccdapeaaejlbecdhiifdnllb/content.js:91:28)
    at updateRobloxHome (chrome-extension://pcimamnpccdapeaaejlbecdhiifdnllb/content.js:160:3)
[  530884ms] ReferenceError: seeAllLinks is not defined
    at removeFriendsButtons (chrome-extension://pcimamnpccdapeaaejlbecdhiifdnllb/content.js:91:28)
    at updateRobloxHome (chrome-extension://pcimamnpccdapeaaejlbecdhiifdnllb/content.js:160:3)
[  530885ms] ReferenceError: seeAllLinks is not defined
    at removeFriendsButtons (chrome-extension://pcimamnpccdapeaaejlbecdhiifdnllb/content.js:91:28)
    at updateRobloxHome (chrome-extension://pcimamnpccdapeaaejlbecdhiifdnllb/content.js:160:3)
[  530886ms] ReferenceError: seeAllLinks is not defined
    at removeFriendsButtons (chrome-extension://pcimamnpccdapeaaejlbecdhiifdnllb/content.js:91:28)
    at updateRobloxHome (chrome-extension://pcimamnpccdapeaaejlbecdhiifdnllb/content.js:160:3)
[  530891ms] [LOG] 
      _______      _________      _____       ______     _
     / _____ \    |____ ____|    / ___ \     | ____ \   | |
    / /     \_\       | |       / /   \ \    | |   \ \  | |
    | |               | |      / /     \ \   | |   | |  | |
    \ \______         | |      | |     | |   | |___/ /  | |
     \______ \        | |      | |     | |   |  ____/   | |
            \ \       | |      | |     | |   | |        | |
     _      | |       | |      \ \     / /   | |        |_|
    \ \_____/ /       | |       \ \___/ /    | |         _
     \_______/        |_|        \_____/     |_|        |_|

     Keep your account safe! Do not send any information from
     here to anyone or paste any text here.

     If someone is asking you to copy or paste text here then
     you're giving someone access to your account, your gear,
     and your Robux.

     To learn more about keeping your account safe you can go to

     https://www.roblox.com/info/account-safety @ https://js.rbxcdn.com/7e3acadef63eb23dd02929eb5e500214e9a8e6400fd42d7a2b35133fc009e0d3-Sentry.js:0
[  530927ms] ReferenceError: seeAllLinks is not defined
    at removeFriendsButtons (chrome-extension://pcimamnpccdapeaaejlbecdhiifdnllb/content.js:91:28)
    at updateRobloxHome (chrome-extension://pcimamnpccdapeaaejlbecdhiifdnllb/content.js:160:3)
[  530939ms] ReferenceError: seeAllLinks is not defined
    at removeFriendsButtons (chrome-extension://pcimamnpccdapeaaejlbecdhiifdnllb/content.js:91:28)
    at updateRobloxHome (chrome-extension://pcimamnpccdapeaaejlbecdhiifdnllb/content.js:160:3)
[  531001ms] ReferenceError: seeAllLinks is not defined
    at removeFriendsButtons (chrome-extension://pcimamnpccdapeaaejlbecdhiifdnllb/content.js:91:28)
    at updateRobloxHome (chrome-extension://pcimamnpccdapeaaejlbecdhiifdnllb/content.js:160:3)
[  531002ms] ReferenceError: seeAllLinks is not defined
    at removeFriendsButtons (chrome-extension://pcimamnpccdapeaaejlbecdhiifdnllb/content.js:91:28)
    at updateRobloxHome (chrome-extension://pcimamnpccdapeaaejlbecdhiifdnllb/content.js:160:3)
[  531004ms] ReferenceError: seeAllLinks is not defined
    at removeFriendsButtons (chrome-extension://pcimamnpccdapeaaejlbecdhiifdnllb/content.js:91:28)
    at updateRobloxHome (chrome-extension://pcimamnpccdapeaaejlbecdhiifdnllb/content.js:160:3)
[  531019ms] ReferenceError: seeAllLinks is not defined
    at removeFriendsButtons (chrome-extension://pcimamnpccdapeaaejlbecdhiifdnllb/content.js:91:28)
    at updateRobloxHome (chrome-extension://pcimamnpccdapeaaejlbecdhiifdnllb/content.js:160:3)
[  531030ms] ReferenceError: seeAllLinks is not defined
    at removeFriendsButtons (chrome-extension://pcimamnpccdapeaaejlbecdhiifdnllb/content.js:91:28)
    at updateRobloxHome (chrome-extension://pcimamnpccdapeaaejlbecdhiifdnllb/content.js:160:3)
[  531036ms] ReferenceError: seeAllLinks is not defined
    at removeFriendsButtons (chrome-extension://pcimamnpccdapeaaejlbecdhiifdnllb/content.js:91:28)
    at updateRobloxHome (chrome-extension://pcimamnpccdapeaaejlbecdhiifdnllb/content.js:160:3)
[  531264ms] ReferenceError: seeAllLinks is not defined
    at removeFriendsButtons (chrome-extension://pcimamnpccdapeaaejlbecdhiifdnllb/content.js:91:28)
    at updateRobloxHome (chrome-extension://pcimamnpccdapeaaejlbecdhiifdnllb/content.js:160:3)
[  531284ms] [LOG] Account Security Prompt: No assignments were retrieved @ https://js.rbxcdn.com/7e3acadef63eb23dd02929eb5e500214e9a8e6400fd42d7a2b35133fc009e0d3-Sentry.js:0
[  531355ms] ReferenceError: seeAllLinks is not defined
    at removeFriendsButtons (chrome-extension://pcimamnpccdapeaaejlbecdhiifdnllb/content.js:91:28)
    at updateRobloxHome (chrome-extension://pcimamnpccdapeaaejlbecdhiifdnllb/content.js:160:3)
[  531384ms] ReferenceError: seeAllLinks is not defined
    at removeFriendsButtons (chrome-extension://pcimamnpccdapeaaejlbecdhiifdnllb/content.js:91:28)
    at updateRobloxHome (chrome-extension://pcimamnpccdapeaaejlbecdhiifdnllb/content.js:160:3)
[  531403ms] ReferenceError: seeAllLinks is not defined
    at removeFriendsButtons (chrome-extension://pcimamnpccdapeaaejlbecdhiifdnllb/content.js:91:28)
    at updateRobloxHome (chrome-extension://pcimamnpccdapeaaejlbecdhiifdnllb/content.js:160:3)
[  531414ms] ReferenceError: seeAllLinks is not defined
    at removeFriendsButtons (chrome-extension://pcimamnpccdapeaaejlbecdhiifdnllb/content.js:91:28)
    at updateRobloxHome (chrome-extension://pcimamnpccdapeaaejlbecdhiifdnllb/content.js:160:3)
[  531671ms] ReferenceError: seeAllLinks is not defined
    at removeFriendsButtons (chrome-extension://pcimamnpccdapeaaejlbecdhiifdnllb/content.js:91:28)
    at updateRobloxHome (chrome-extension://pcimamnpccdapeaaejlbecdhiifdnllb/content.js:160:3)
[  531685ms] ReferenceError: seeAllLinks is not defined
    at removeFriendsButtons (chrome-extension://pcimamnpccdapeaaejlbecdhiifdnllb/content.js:91:28)
    at updateRobloxHome (chrome-extension://pcimamnpccdapeaaejlbecdhiifdnllb/content.js:160:3)
[  531944ms] ReferenceError: seeAllLinks is not defined
    at removeFriendsButtons (chrome-extension://pcimamnpccdapeaaejlbecdhiifdnllb/content.js:91:28)
    at updateRobloxHome (chrome-extension://pcimamnpccdapeaaejlbecdhiifdnllb/content.js:160:3)
[  532268ms] ReferenceError: seeAllLinks is not defined
    at removeFriendsButtons (chrome-extension://pcimamnpccdapeaaejlbecdhiifdnllb/content.js:91:28)
    at updateRobloxHome (chrome-extension://pcimamnpccdapeaaejlbecdhiifdnllb/content.js:160:3)
[  532270ms] ReferenceError: seeAllLinks is not defined
    at removeFriendsButtons (chrome-extension://pcimamnpccdapeaaejlbecdhiifdnllb/content.js:91:28)
    at updateRobloxHome (chrome-extension://pcimamnpccdapeaaejlbecdhiifdnllb/content.js:160:3)
[  532642ms] ReferenceError: seeAllLinks is not defined
    at removeFriendsButtons (chrome-extension://pcimamnpccdapeaaejlbecdhiifdnllb/content.js:91:28)
    at updateRobloxHome (chrome-extension://pcimamnpccdapeaaejlbecdhiifdnllb/content.js:160:3)
[  532889ms] ReferenceError: seeAllLinks is not defined
    at removeFriendsButtons (chrome-extension://pcimamnpccdapeaaejlbecdhiifdnllb/content.js:91:28)
    at updateRobloxHome (chrome-extension://pcimamnpccdapeaaejlbecdhiifdnllb/content.js:160:3)
[  533500ms] [INFO] [2026-07-09T23:47:06.804Z] Information: WebSocket connected to wss://realtime-signalr.roblox.com/userhub. @ https://js.rbxcdn.com/7e3acadef63eb23dd02929eb5e500214e9a8e6400fd42d7a2b35133fc009e0d3-Sentry.js:0
[  533739ms] ReferenceError: seeAllLinks is not defined
    at removeFriendsButtons (chrome-extension://pcimamnpccdapeaaejlbecdhiifdnllb/content.js:91:28)
    at updateRobloxHome (chrome-extension://pcimamnpccdapeaaejlbecdhiifdnllb/content.js:160:3)
[  533754ms] ReferenceError: seeAllLinks is not defined
    at removeFriendsButtons (chrome-extension://pcimamnpccdapeaaejlbecdhiifdnllb/content.js:91:28)
    at updateRobloxHome (chrome-extension://pcimamnpccdapeaaejlbecdhiifdnllb/content.js:160:3)
[  533756ms] ReferenceError: seeAllLinks is not defined
    at removeFriendsButtons (chrome-extension://pcimamnpccdapeaaejlbecdhiifdnllb/content.js:91:28)
    at updateRobloxHome (chrome-extension://pcimamnpccdapeaaejlbecdhiifdnllb/content.js:160:3)
[  533757ms] ReferenceError: seeAllLinks is not defined
    at removeFriendsButtons (chrome-extension://pcimamnpccdapeaaejlbecdhiifdnllb/content.js:91:28)
    at updateRobloxHome (chrome-extension://pcimamnpccdapeaaejlbecdhiifdnllb/content.js:160:3)
[  533759ms] ReferenceError: seeAllLinks is not defined
    at removeFriendsButtons (chrome-extension://pcimamnpccdapeaaejlbecdhiifdnllb/content.js:91:28)
    at updateRobloxHome (chrome-extension://pcimamnpccdapeaaejlbecdhiifdnllb/content.js:160:3)
[  533760ms] ReferenceError: seeAllLinks is not defined
    at removeFriendsButtons (chrome-extension://pcimamnpccdapeaaejlbecdhiifdnllb/content.js:91:28)
    at updateRobloxHome (chrome-extension://pcimamnpccdapeaaejlbecdhiifdnllb/content.js:160:3)
[  533762ms] ReferenceError: seeAllLinks is not defined
    at removeFriendsButtons (chrome-extension://pcimamnpccdapeaaejlbecdhiifdnllb/content.js:91:28)
    at updateRobloxHome (chrome-extension://pcimamnpccdapeaaejlbecdhiifdnllb/content.js:160:3)
[  533764ms] ReferenceError: seeAllLinks is not defined
    at removeFriendsButtons (chrome-extension://pcimamnpccdapeaaejlbecdhiifdnllb/content.js:91:28)
    at updateRobloxHome (chrome-extension://pcimamnpccdapeaaejlbecdhiifdnllb/content.js:160:3)
[  533765ms] ReferenceError: seeAllLinks is not defined
    at removeFriendsButtons (chrome-extension://pcimamnpccdapeaaejlbecdhiifdnllb/content.js:91:28)
    at updateRobloxHome (chrome-extension://pcimamnpccdapeaaejlbecdhiifdnllb/content.js:160:3)
[  533767ms] ReferenceError: seeAllLinks is not defined
    at removeFriendsButtons (chrome-extension://pcimamnpccdapeaaejlbecdhiifdnllb/content.js:91:28)
    at updateRobloxHome (chrome-extension://pcimamnpccdapeaaejlbecdhiifdnllb/content.js:160:3)
[  533768ms] ReferenceError: seeAllLinks is not defined
    at removeFriendsButtons (chrome-extension://pcimamnpccdapeaaejlbecdhiifdnllb/content.js:91:28)
    at updateRobloxHome (chrome-extension://pcimamnpccdapeaaejlbecdhiifdnllb/content.js:160:3)
[  533770ms] ReferenceError: seeAllLinks is not defined
    at removeFriendsButtons (chrome-extension://pcimamnpccdapeaaejlbecdhiifdnllb/content.js:91:28)
    at updateRobloxHome (chrome-extension://pcimamnpccdapeaaejlbecdhiifdnllb/content.js:160:3)
[  533771ms] ReferenceError: seeAllLinks is not defined
    at removeFriendsButtons (chrome-extension://pcimamnpccdapeaaejlbecdhiifdnllb/content.js:91:28)
    at updateRobloxHome (chrome-extension://pcimamnpccdapeaaejlbecdhiifdnllb/content.js:160:3)
[  533773ms] ReferenceError: seeAllLinks is not defined
    at removeFriendsButtons (chrome-extension://pcimamnpccdapeaaejlbecdhiifdnllb/content.js:91:28)
    at updateRobloxHome (chrome-extension://pcimamnpccdapeaaejlbecdhiifdnllb/content.js:160:3)
[  533774ms] ReferenceError: seeAllLinks is not defined
    at removeFriendsButtons (chrome-extension://pcimamnpccdapeaaejlbecdhiifdnllb/content.js:91:28)
    at updateRobloxHome (chrome-extension://pcimamnpccdapeaaejlbecdhiifdnllb/content.js:160:3)
[  533776ms] ReferenceError: seeAllLinks is not defined
    at removeFriendsButtons (chrome-extension://pcimamnpccdapeaaejlbecdhiifdnllb/content.js:91:28)
    at updateRobloxHome (chrome-extension://pcimamnpccdapeaaejlbecdhiifdnllb/content.js:160:3)
[  533777ms] ReferenceError: seeAllLinks is not defined
    at removeFriendsButtons (chrome-extension://pcimamnpccdapeaaejlbecdhiifdnllb/content.js:91:28)
    at updateRobloxHome (chrome-extension://pcimamnpccdapeaaejlbecdhiifdnllb/content.js:160:3)
[  533779ms] ReferenceError: seeAllLinks is not defined
    at removeFriendsButtons (chrome-extension://pcimamnpccdapeaaejlbecdhiifdnllb/content.js:91:28)
    at updateRobloxHome (chrome-extension://pcimamnpccdapeaaejlbecdhiifdnllb/content.js:160:3)
[  533781ms] ReferenceError: seeAllLinks is not defined
    at removeFriendsButtons (chrome-extension://pcimamnpccdapeaaejlbecdhiifdnllb/content.js:91:28)
    at updateRobloxHome (chrome-extension://pcimamnpccdapeaaejlbecdhiifdnllb/content.js:160:3)
[  533782ms] ReferenceError: seeAllLinks is not defined
    at removeFriendsButtons (chrome-extension://pcimamnpccdapeaaejlbecdhiifdnllb/content.js:91:28)
    at updateRobloxHome (chrome-extension://pcimamnpccdapeaaejlbecdhiifdnllb/content.js:160:3)
[  533784ms] ReferenceError: seeAllLinks is not defined
    at removeFriendsButtons (chrome-extension://pcimamnpccdapeaaejlbecdhiifdnllb/content.js:91:28)
    at updateRobloxHome (chrome-extension://pcimamnpccdapeaaejlbecdhiifdnllb/content.js:160:3)
[  533785ms] ReferenceError: seeAllLinks is not defined
    at removeFriendsButtons (chrome-extension://pcimamnpccdapeaaejlbecdhiifdnllb/content.js:91:28)
    at updateRobloxHome (chrome-extension://pcimamnpccdapeaaejlbecdhiifdnllb/content.js:160:3)
[  533787ms] ReferenceError: seeAllLinks is not defined
    at removeFriendsButtons (chrome-extension://pcimamnpccdapeaaejlbecdhiifdnllb/content.js:91:28)
    at updateRobloxHome (chrome-extension://pcimamnpccdapeaaejlbecdhiifdnllb/content.js:160:3)
[  533789ms] ReferenceError: seeAllLinks is not defined
    at removeFriendsButtons (chrome-extension://pcimamnpccdapeaaejlbecdhiifdnllb/content.js:91:28)
    at updateRobloxHome (chrome-extension://pcimamnpccdapeaaejlbecdhiifdnllb/content.js:160:3)
[  533790ms] ReferenceError: seeAllLinks is not defined
    at removeFriendsButtons (chrome-extension://pcimamnpccdapeaaejlbecdhiifdnllb/content.js:91:28)
    at updateRobloxHome (chrome-extension://pcimamnpccdapeaaejlbecdhiifdnllb/content.js:160:3)
[  533792ms] ReferenceError: seeAllLinks is not defined
    at removeFriendsButtons (chrome-extension://pcimamnpccdapeaaejlbecdhiifdnllb/content.js:91:28)
    at updateRobloxHome (chrome-extension://pcimamnpccdapeaaejlbecdhiifdnllb/content.js:160:3)
[  533794ms] ReferenceError: seeAllLinks is not defined
    at removeFriendsButtons (chrome-extension://pcimamnpccdapeaaejlbecdhiifdnllb/content.js:91:28)
    at updateRobloxHome (chrome-extension://pcimamnpccdapeaaejlbecdhiifdnllb/content.js:160:3)
[  533796ms] ReferenceError: seeAllLinks is not defined
    at removeFriendsButtons (chrome-extension://pcimamnpccdapeaaejlbecdhiifdnllb/content.js:91:28)
    at updateRobloxHome (chrome-extension://pcimamnpccdapeaaejlbecdhiifdnllb/content.js:160:3)
[  533797ms] ReferenceError: seeAllLinks is not defined
    at removeFriendsButtons (chrome-extension://pcimamnpccdapeaaejlbecdhiifdnllb/content.js:91:28)
    at updateRobloxHome (chrome-extension://pcimamnpccdapeaaejlbecdhiifdnllb/content.js:160:3)
[  533799ms] ReferenceError: seeAllLinks is not defined
    at removeFriendsButtons (chrome-extension://pcimamnpccdapeaaejlbecdhiifdnllb/content.js:91:28)
    at updateRobloxHome (chrome-extension://pcimamnpccdapeaaejlbecdhiifdnllb/content.js:160:3)
[  533801ms] ReferenceError: seeAllLinks is not defined
    at removeFriendsButtons (chrome-extension://pcimamnpccdapeaaejlbecdhiifdnllb/content.js:91:28)
    at updateRobloxHome (chrome-extension://pcimamnpccdapeaaejlbecdhiifdnllb/content.js:160:3)
[  533803ms] ReferenceError: seeAllLinks is not defined
    at removeFriendsButtons (chrome-extension://pcimamnpccdapeaaejlbecdhiifdnllb/content.js:91:28)
    at updateRobloxHome (chrome-extension://pcimamnpccdapeaaejlbecdhiifdnllb/content.js:160:3)
[  533804ms] ReferenceError: seeAllLinks is not defined
    at removeFriendsButtons (chrome-extension://pcimamnpccdapeaaejlbecdhiifdnllb/content.js:91:28)
    at updateRobloxHome (chrome-extension://pcimamnpccdapeaaejlbecdhiifdnllb/content.js:160:3)
[  533806ms] ReferenceError: seeAllLinks is not defined
    at removeFriendsButtons (chrome-extension://pcimamnpccdapeaaejlbecdhiifdnllb/content.js:91:28)
    at updateRobloxHome (chrome-extension://pcimamnpccdapeaaejlbecdhiifdnllb/content.js:160:3)
[  533808ms] ReferenceError: seeAllLinks is not defined
    at removeFriendsButtons (chrome-extension://pcimamnpccdapeaaejlbecdhiifdnllb/content.js:91:28)
    at updateRobloxHome (chrome-extension://pcimamnpccdapeaaejlbecdhiifdnllb/content.js:160:3)
[  533811ms] ReferenceError: seeAllLinks is not defined
    at removeFriendsButtons (chrome-extension://pcimamnpccdapeaaejlbecdhiifdnllb/content.js:91:28)
    at updateRobloxHome (chrome-extension://pcimamnpccdapeaaejlbecdhiifdnllb/content.js:160:3)
[  533813ms] ReferenceError: seeAllLinks is not defined
    at removeFriendsButtons (chrome-extension://pcimamnpccdapeaaejlbecdhiifdnllb/content.js:91:28)
    at updateRobloxHome (chrome-extension://pcimamnpccdapeaaejlbecdhiifdnllb/content.js:160:3)
[  533816ms] ReferenceError: seeAllLinks is not defined
    at removeFriendsButtons (chrome-extension://pcimamnpccdapeaaejlbecdhiifdnllb/content.js:91:28)
    at updateRobloxHome (chrome-extension://pcimamnpccdapeaaejlbecdhiifdnllb/content.js:160:3)
[  533818ms] ReferenceError: seeAllLinks is not defined
    at removeFriendsButtons (chrome-extension://pcimamnpccdapeaaejlbecdhiifdnllb/content.js:91:28)
    at updateRobloxHome (chrome-extension://pcimamnpccdapeaaejlbecdhiifdnllb/content.js:160:3)
[  533820ms] ReferenceError: seeAllLinks is not defined
    at removeFriendsButtons (chrome-extension://pcimamnpccdapeaaejlbecdhiifdnllb/content.js:91:28)
    at updateRobloxHome (chrome-extension://pcimamnpccdapeaaejlbecdhiifdnllb/content.js:160:3)
[  533822ms] ReferenceError: seeAllLinks is not defined
    at removeFriendsButtons (chrome-extension://pcimamnpccdapeaaejlbecdhiifdnllb/content.js:91:28)
    at updateRobloxHome (chrome-extension://pcimamnpccdapeaaejlbecdhiifdnllb/content.js:160:3)
[  533824ms] ReferenceError: seeAllLinks is not defined
    at removeFriendsButtons (chrome-extension://pcimamnpccdapeaaejlbecdhiifdnllb/content.js:91:28)
    at updateRobloxHome (chrome-extension://pcimamnpccdapeaaejlbecdhiifdnllb/content.js:160:3)
[  533825ms] ReferenceError: seeAllLinks is not defined
    at removeFriendsButtons (chrome-extension://pcimamnpccdapeaaejlbecdhiifdnllb/content.js:91:28)
    at updateRobloxHome (chrome-extension://pcimamnpccdapeaaejlbecdhiifdnllb/content.js:160:3)
[  533826ms] ReferenceError: seeAllLinks is not defined
    at removeFriendsButtons (chrome-extension://pcimamnpccdapeaaejlbecdhiifdnllb/content.js:91:28)
    at updateRobloxHome (chrome-extension://pcimamnpccdapeaaejlbecdhiifdnllb/content.js:160:3)
[  533828ms] ReferenceError: seeAllLinks is not defined
    at removeFriendsButtons (chrome-extension://pcimamnpccdapeaaejlbecdhiifdnllb/content.js:91:28)
    at updateRobloxHome (chrome-extension://pcimamnpccdapeaaejlbecdhiifdnllb/content.js:160:3)
[  533829ms] ReferenceError: seeAllLinks is not defined
    at removeFriendsButtons (chrome-extension://pcimamnpccdapeaaejlbecdhiifdnllb/content.js:91:28)
    at updateRobloxHome (chrome-extension://pcimamnpccdapeaaejlbecdhiifdnllb/content.js:160:3)
[  533830ms] ReferenceError: seeAllLinks is not defined
    at removeFriendsButtons (chrome-extension://pcimamnpccdapeaaejlbecdhiifdnllb/content.js:91:28)
    at updateRobloxHome (chrome-extension://pcimamnpccdapeaaejlbecdhiifdnllb/content.js:160:3)
[  533832ms] ReferenceError: seeAllLinks is not defined
    at removeFriendsButtons (chrome-extension://pcimamnpccdapeaaejlbecdhiifdnllb/content.js:91:28)
    at updateRobloxHome (chrome-extension://pcimamnpccdapeaaejlbecdhiifdnllb/content.js:160:3)
[  533833ms] ReferenceError: seeAllLinks is not defined
    at removeFriendsButtons (chrome-extension://pcimamnpccdapeaaejlbecdhiifdnllb/content.js:91:28)
    at updateRobloxHome (chrome-extension://pcimamnpccdapeaaejlbecdhiifdnllb/content.js:160:3)
[  533835ms] ReferenceError: seeAllLinks is not defined
    at removeFriendsButtons (chrome-extension://pcimamnpccdapeaaejlbecdhiifdnllb/content.js:91:28)
    at updateRobloxHome (chrome-extension://pcimamnpccdapeaaejlbecdhiifdnllb/content.js:160:3)
[  533836ms] ReferenceError: seeAllLinks is not defined
    at removeFriendsButtons (chrome-extension://pcimamnpccdapeaaejlbecdhiifdnllb/content.js:91:28)
    at updateRobloxHome (chrome-extension://pcimamnpccdapeaaejlbecdhiifdnllb/content.js:160:3)
[  533837ms] ReferenceError: seeAllLinks is not defined
    at removeFriendsButtons (chrome-extension://pcimamnpccdapeaaejlbecdhiifdnllb/content.js:91:28)
    at updateRobloxHome (chrome-extension://pcimamnpccdapeaaejlbecdhiifdnllb/content.js:160:3)
[  533839ms] ReferenceError: seeAllLinks is not defined
    at removeFriendsButtons (chrome-extension://pcimamnpccdapeaaejlbecdhiifdnllb/content.js:91:28)
    at updateRobloxHome (chrome-extension://pcimamnpccdapeaaejlbecdhiifdnllb/content.js:160:3)
[  533840ms] ReferenceError: seeAllLinks is not defined
    at removeFriendsButtons (chrome-extension://pcimamnpccdapeaaejlbecdhiifdnllb/content.js:91:28)
    at updateRobloxHome (chrome-extension://pcimamnpccdapeaaejlbecdhiifdnllb/content.js:160:3)
[  533842ms] ReferenceError: seeAllLinks is not defined
    at removeFriendsButtons (chrome-extension://pcimamnpccdapeaaejlbecdhiifdnllb/content.js:91:28)
    at updateRobloxHome (chrome-extension://pcimamnpccdapeaaejlbecdhiifdnllb/content.js:160:3)
[  533843ms] ReferenceError: seeAllLinks is not defined
    at removeFriendsButtons (chrome-extension://pcimamnpccdapeaaejlbecdhiifdnllb/content.js:91:28)
    at updateRobloxHome (chrome-extension://pcimamnpccdapeaaejlbecdhiifdnllb/content.js:160:3)
[  533845ms] ReferenceError: seeAllLinks is not defined
    at removeFriendsButtons (chrome-extension://pcimamnpccdapeaaejlbecdhiifdnllb/content.js:91:28)
    at updateRobloxHome (chrome-extension://pcimamnpccdapeaaejlbecdhiifdnllb/content.js:160:3)
[  533847ms] ReferenceError: seeAllLinks is not defined
    at removeFriendsButtons (chrome-extension://pcimamnpccdapeaaejlbecdhiifdnllb/content.js:91:28)
    at updateRobloxHome (chrome-extension://pcimamnpccdapeaaejlbecdhiifdnllb/content.js:160:3)
[  533850ms] ReferenceError: seeAllLinks is not defined
    at removeFriendsButtons (chrome-extension://pcimamnpccdapeaaejlbecdhiifdnllb/content.js:91:28)
    at updateRobloxHome (chrome-extension://pcimamnpccdapeaaejlbecdhiifdnllb/content.js:160:3)
[  533851ms] ReferenceError: seeAllLinks is not defined
    at removeFriendsButtons (chrome-extension://pcimamnpccdapeaaejlbecdhiifdnllb/content.js:91:28)
    at updateRobloxHome (chrome-extension://pcimamnpccdapeaaejlbecdhiifdnllb/content.js:160:3)
[  533853ms] ReferenceError: seeAllLinks is not defined
    at removeFriendsButtons (chrome-extension://pcimamnpccdapeaaejlbecdhiifdnllb/content.js:91:28)
    at updateRobloxHome (chrome-extension://pcimamnpccdapeaaejlbecdhiifdnllb/content.js:160:3)
[  533875ms] ReferenceError: seeAllLinks is not defined
    at removeFriendsButtons (chrome-extension://pcimamnpccdapeaaejlbecdhiifdnllb/content.js:91:28)
    at updateRobloxHome (chrome-extension://pcimamnpccdapeaaejlbecdhiifdnllb/content.js:160:3)
[  533877ms] ReferenceError: seeAllLinks is not defined
    at removeFriendsButtons (chrome-extension://pcimamnpccdapeaaejlbecdhiifdnllb/content.js:91:28)
    at updateRobloxHome (chrome-extension://pcimamnpccdapeaaejlbecdhiifdnllb/content.js:160:3)
[  533879ms] ReferenceError: seeAllLinks is not defined
    at removeFriendsButtons (chrome-extension://pcimamnpccdapeaaejlbecdhiifdnllb/content.js:91:28)
    at updateRobloxHome (chrome-extension://pcimamnpccdapeaaejlbecdhiifdnllb/content.js:160:3)
[  533882ms] ReferenceError: seeAllLinks is not defined
    at removeFriendsButtons (chrome-extension://pcimamnpccdapeaaejlbecdhiifdnllb/content.js:91:28)
    at updateRobloxHome (chrome-extension://pcimamnpccdapeaaejlbecdhiifdnllb/content.js:160:3)
[  533883ms] ReferenceError: seeAllLinks is not defined
    at removeFriendsButtons (chrome-extension://pcimamnpccdapeaaejlbecdhiifdnllb/content.js:91:28)
    at updateRobloxHome (chrome-extension://pcimamnpccdapeaaejlbecdhiifdnllb/content.js:160:3)
[  533886ms] ReferenceError: seeAllLinks is not defined
    at removeFriendsButtons (chrome-extension://pcimamnpccdapeaaejlbecdhiifdnllb/content.js:91:28)
    at updateRobloxHome (chrome-extension://pcimamnpccdapeaaejlbecdhiifdnllb/content.js:160:3)
[  533887ms] ReferenceError: seeAllLinks is not defined
    at removeFriendsButtons (chrome-extension://pcimamnpccdapeaaejlbecdhiifdnllb/content.js:91:28)
    at updateRobloxHome (chrome-extension://pcimamnpccdapeaaejlbecdhiifdnllb/content.js:160:3)
[  533889ms] ReferenceError: seeAllLinks is not defined
    at removeFriendsButtons (chrome-extension://pcimamnpccdapeaaejlbecdhiifdnllb/content.js:91:28)
    at updateRobloxHome (chrome-extension://pcimamnpccdapeaaejlbecdhiifdnllb/content.js:160:3)
[  533890ms] ReferenceError: seeAllLinks is not defined
    at removeFriendsButtons (chrome-extension://pcimamnpccdapeaaejlbecdhiifdnllb/content.js:91:28)
    at updateRobloxHome (chrome-extension://pcimamnpccdapeaaejlbecdhiifdnllb/content.js:160:3)
[  533892ms] ReferenceError: seeAllLinks is not defined
    at removeFriendsButtons (chrome-extension://pcimamnpccdapeaaejlbecdhiifdnllb/content.js:91:28)
    at updateRobloxHome (chrome-extension://pcimamnpccdapeaaejlbecdhiifdnllb/content.js:160:3)
[  533893ms] ReferenceError: seeAllLinks is not defined
    at removeFriendsButtons (chrome-extension://pcimamnpccdapeaaejlbecdhiifdnllb/content.js:91:28)
    at updateRobloxHome (chrome-extension://pcimamnpccdapeaaejlbecdhiifdnllb/content.js:160:3)
[  533894ms] ReferenceError: seeAllLinks is not defined
    at removeFriendsButtons (chrome-extension://pcimamnpccdapeaaejlbecdhiifdnllb/content.js:91:28)
    at updateRobloxHome (chrome-extension://pcimamnpccdapeaaejlbecdhiifdnllb/content.js:160:3)
[  533896ms] ReferenceError: seeAllLinks is not defined
    at removeFriendsButtons (chrome-extension://pcimamnpccdapeaaejlbecdhiifdnllb/content.js:91:28)
    at updateRobloxHome (chrome-extension://pcimamnpccdapeaaejlbecdhiifdnllb/content.js:160:3)
[  533898ms] ReferenceError: seeAllLinks is not defined
    at removeFriendsButtons (chrome-extension://pcimamnpccdapeaaejlbecdhiifdnllb/content.js:91:28)
    at updateRobloxHome (chrome-extension://pcimamnpccdapeaaejlbecdhiifdnllb/content.js:160:3)
[  533899ms] ReferenceError: seeAllLinks is not defined
    at removeFriendsButtons (chrome-extension://pcimamnpccdapeaaejlbecdhiifdnllb/content.js:91:28)
    at updateRobloxHome (chrome-extension://pcimamnpccdapeaaejlbecdhiifdnllb/content.js:160:3)
[  533900ms] ReferenceError: seeAllLinks is not defined
    at removeFriendsButtons (chrome-extension://pcimamnpccdapeaaejlbecdhiifdnllb/content.js:91:28)
    at updateRobloxHome (chrome-extension://pcimamnpccdapeaaejlbecdhiifdnllb/content.js:160:3)
[  533902ms] ReferenceError: seeAllLinks is not defined
    at removeFriendsButtons (chrome-extension://pcimamnpccdapeaaejlbecdhiifdnllb/content.js:91:28)
    at updateRobloxHome (chrome-extension://pcimamnpccdapeaaejlbecdhiifdnllb/content.js:160:3)
[  533903ms] ReferenceError: seeAllLinks is not defined
    at removeFriendsButtons (chrome-extension://pcimamnpccdapeaaejlbecdhiifdnllb/content.js:91:28)
    at updateRobloxHome (chrome-extension://pcimamnpccdapeaaejlbecdhiifdnllb/content.js:160:3)
[  533904ms] ReferenceError: seeAllLinks is not defined
    at removeFriendsButtons (chrome-extension://pcimamnpccdapeaaejlbecdhiifdnllb/content.js:91:28)
    at updateRobloxHome (chrome-extension://pcimamnpccdapeaaejlbecdhiifdnllb/content.js:160:3)
[  533906ms] ReferenceError: seeAllLinks is not defined
    at removeFriendsButtons (chrome-extension://pcimamnpccdapeaaejlbecdhiifdnllb/content.js:91:28)
    at updateRobloxHome (chrome-extension://pcimamnpccdapeaaejlbecdhiifdnllb/content.js:160:3)
[  533908ms] ReferenceError: seeAllLinks is not defined
    at removeFriendsButtons (chrome-extension://pcimamnpccdapeaaejlbecdhiifdnllb/content.js:91:28)
    at updateRobloxHome (chrome-extension://pcimamnpccdapeaaejlbecdhiifdnllb/content.js:160:3)
[  533909ms] ReferenceError: seeAllLinks is not defined
    at removeFriendsButtons (chrome-extension://pcimamnpccdapeaaejlbecdhiifdnllb/content.js:91:28)
    at updateRobloxHome (chrome-extension://pcimamnpccdapeaaejlbecdhiifdnllb/content.js:160:3)
[  533911ms] ReferenceError: seeAllLinks is not defined
    at removeFriendsButtons (chrome-extension://pcimamnpccdapeaaejlbecdhiifdnllb/content.js:91:28)
    at updateRobloxHome (chrome-extension://pcimamnpccdapeaaejlbecdhiifdnllb/content.js:160:3)
[  533913ms] ReferenceError: seeAllLinks is not defined
    at removeFriendsButtons (chrome-extension://pcimamnpccdapeaaejlbecdhiifdnllb/content.js:91:28)
    at updateRobloxHome (chrome-extension://pcimamnpccdapeaaejlbecdhiifdnllb/content.js:160:3)
[  533914ms] ReferenceError: seeAllLinks is not defined
    at removeFriendsButtons (chrome-extension://pcimamnpccdapeaaejlbecdhiifdnllb/content.js:91:28)
    at updateRobloxHome (chrome-extension://pcimamnpccdapeaaejlbecdhiifdnllb/content.js:160:3)
[  533916ms] ReferenceError: seeAllLinks is not defined
    at removeFriendsButtons (chrome-extension://pcimamnpccdapeaaejlbecdhiifdnllb/content.js:91:28)
    at updateRobloxHome (chrome-extension://pcimamnpccdapeaaejlbecdhiifdnllb/content.js:160:3)
[  533917ms] ReferenceError: seeAllLinks is not defined
    at removeFriendsButtons (chrome-extension://pcimamnpccdapeaaejlbecdhiifdnllb/content.js:91:28)
    at updateRobloxHome (chrome-extension://pcimamnpccdapeaaejlbecdhiifdnllb/content.js:160:3)
[  533918ms] ReferenceError: seeAllLinks is not defined
    at removeFriendsButtons (chrome-extension://pcimamnpccdapeaaejlbecdhiifdnllb/content.js:91:28)
    at updateRobloxHome (chrome-extension://pcimamnpccdapeaaejlbecdhiifdnllb/content.js:160:3)
[  533920ms] ReferenceError: seeAllLinks is not defined
    at removeFriendsButtons (chrome-extension://pcimamnpccdapeaaejlbecdhiifdnllb/content.js:91:28)
    at updateRobloxHome (chrome-extension://pcimamnpccdapeaaejlbecdhiifdnllb/content.js:160:3)
[  533928ms] ReferenceError: seeAllLinks is not defined
    at removeFriendsButtons (chrome-extension://pcimamnpccdapeaaejlbecdhiifdnllb/content.js:91:28)
    at updateRobloxHome (chrome-extension://pcimamnpccdapeaaejlbecdhiifdnllb/content.js:160:3)
[  533928ms] ReferenceError: seeAllLinks is not defined
    at removeFriendsButtons (chrome-extension://pcimamnpccdapeaaejlbecdhiifdnllb/content.js:91:28)
    at updateRobloxHome (chrome-extension://pcimamnpccdapeaaejlbecdhiifdnllb/content.js:160:3)
[  533929ms] ReferenceError: seeAllLinks is not defined
    at removeFriendsButtons (chrome-extension://pcimamnpccdapeaaejlbecdhiifdnllb/content.js:91:28)
    at updateRobloxHome (chrome-extension://pcimamnpccdapeaaejlbecdhiifdnllb/content.js:160:3)
[  533929ms] ReferenceError: seeAllLinks is not defined
    at removeFriendsButtons (chrome-extension://pcimamnpccdapeaaejlbecdhiifdnllb/content.js:91:28)
    at updateRobloxHome (chrome-extension://pcimamnpccdapeaaejlbecdhiifdnllb/content.js:160:3)
[  533929ms] ReferenceError: seeAllLinks is not defined
    at removeFriendsButtons (chrome-extension://pcimamnpccdapeaaejlbecdhiifdnllb/content.js:91:28)
    at updateRobloxHome (chrome-extension://pcimamnpccdapeaaejlbecdhiifdnllb/content.js:160:3)
[  533930ms] ReferenceError: seeAllLinks is not defined
    at removeFriendsButtons (chrome-extension://pcimamnpccdapeaaejlbecdhiifdnllb/content.js:91:28)
    at updateRobloxHome (chrome-extension://pcimamnpccdapeaaejlbecdhiifdnllb/content.js:160:3)
[  533946ms] ReferenceError: seeAllLinks is not defined
    at removeFriendsButtons (chrome-extension://pcimamnpccdapeaaejlbecdhiifdnllb/content.js:91:28)
    at updateRobloxHome (chrome-extension://pcimamnpccdapeaaejlbecdhiifdnllb/content.js:160:3)
[  533980ms] ReferenceError: seeAllLinks is not defined
    at removeFriendsButtons (chrome-extension://pcimamnpccdapeaaejlbecdhiifdnllb/content.js:91:28)
    at updateRobloxHome (chrome-extension://pcimamnpccdapeaaejlbecdhiifdnllb/content.js:160:3)
[  533983ms] ReferenceError: seeAllLinks is not defined
    at removeFriendsButtons (chrome-extension://pcimamnpccdapeaaejlbecdhiifdnllb/content.js:91:28)
    at updateRobloxHome (chrome-extension://pcimamnpccdapeaaejlbecdhiifdnllb/content.js:160:3)
[  533986ms] ReferenceError: seeAllLinks is not defined
    at removeFriendsButtons (chrome-extension://pcimamnpccdapeaaejlbecdhiifdnllb/content.js:91:28)
    at updateRobloxHome (chrome-extension://pcimamnpccdapeaaejlbecdhiifdnllb/content.js:160:3)
[  533989ms] ReferenceError: seeAllLinks is not defined
    at removeFriendsButtons (chrome-extension://pcimamnpccdapeaaejlbecdhiifdnllb/content.js:91:28)
    at updateRobloxHome (chrome-extension://pcimamnpccdapeaaejlbecdhiifdnllb/content.js:160:3)
[  533992ms] ReferenceError: seeAllLinks is not defined
    at removeFriendsButtons (chrome-extension://pcimamnpccdapeaaejlbecdhiifdnllb/content.js:91:28)
    at updateRobloxHome (chrome-extension://pcimamnpccdapeaaejlbecdhiifdnllb/content.js:160:3)
[  533995ms] ReferenceError: seeAllLinks is not defined
    at removeFriendsButtons (chrome-extension://pcimamnpccdapeaaejlbecdhiifdnllb/content.js:91:28)
    at updateRobloxHome (chrome-extension://pcimamnpccdapeaaejlbecdhiifdnllb/content.js:160:3)
[  533999ms] ReferenceError: seeAllLinks is not defined
    at removeFriendsButtons (chrome-extension://pcimamnpccdapeaaejlbecdhiifdnllb/content.js:91:28)
    at updateRobloxHome (chrome-extension://pcimamnpccdapeaaejlbecdhiifdnllb/content.js:160:3)
[  534000ms] ReferenceError: seeAllLinks is not defined
    at removeFriendsButtons (chrome-extension://pcimamnpccdapeaaejlbecdhiifdnllb/content.js:91:28)
    at updateRobloxHome (chrome-extension://pcimamnpccdapeaaejlbecdhiifdnllb/content.js:160:3)
[  534001ms] ReferenceError: seeAllLinks is not defined
    at removeFriendsButtons (chrome-extension://pcimamnpccdapeaaejlbecdhiifdnllb/content.js:91:28)
    at updateRobloxHome (chrome-extension://pcimamnpccdapeaaejlbecdhiifdnllb/content.js:160:3)
[  534003ms] ReferenceError: seeAllLinks is not defined
    at removeFriendsButtons (chrome-extension://pcimamnpccdapeaaejlbecdhiifdnllb/content.js:91:28)
    at updateRobloxHome (chrome-extension://pcimamnpccdapeaaejlbecdhiifdnllb/content.js:160:3)
[  534005ms] ReferenceError: seeAllLinks is not defined
    at removeFriendsButtons (chrome-extension://pcimamnpccdapeaaejlbecdhiifdnllb/content.js:91:28)
    at updateRobloxHome (chrome-extension://pcimamnpccdapeaaejlbecdhiifdnllb/content.js:160:3)
[  534008ms] ReferenceError: seeAllLinks is not defined
    at removeFriendsButtons (chrome-extension://pcimamnpccdapeaaejlbecdhiifdnllb/content.js:91:28)
    at updateRobloxHome (chrome-extension://pcimamnpccdapeaaejlbecdhiifdnllb/content.js:160:3)
[  534009ms] ReferenceError: seeAllLinks is not defined
    at removeFriendsButtons (chrome-extension://pcimamnpccdapeaaejlbecdhiifdnllb/content.js:91:28)
    at updateRobloxHome (chrome-extension://pcimamnpccdapeaaejlbecdhiifdnllb/content.js:160:3)
[  534012ms] ReferenceError: seeAllLinks is not defined
    at removeFriendsButtons (chrome-extension://pcimamnpccdapeaaejlbecdhiifdnllb/content.js:91:28)
    at updateRobloxHome (chrome-extension://pcimamnpccdapeaaejlbecdhiifdnllb/content.js:160:3)
[  534013ms] ReferenceError: seeAllLinks is not defined
    at removeFriendsButtons (chrome-extension://pcimamnpccdapeaaejlbecdhiifdnllb/content.js:91:28)
    at updateRobloxHome (chrome-extension://pcimamnpccdapeaaejlbecdhiifdnllb/content.js:160:3)
[  534015ms] ReferenceError: seeAllLinks is not defined
    at removeFriendsButtons (chrome-extension://pcimamnpccdapeaaejlbecdhiifdnllb/content.js:91:28)
    at updateRobloxHome (chrome-extension://pcimamnpccdapeaaejlbecdhiifdnllb/content.js:160:3)
[  534017ms] ReferenceError: seeAllLinks is not defined
    at removeFriendsButtons (chrome-extension://pcimamnpccdapeaaejlbecdhiifdnllb/content.js:91:28)
    at updateRobloxHome (chrome-extension://pcimamnpccdapeaaejlbecdhiifdnllb/content.js:160:3)
[  534019ms] ReferenceError: seeAllLinks is not defined
    at removeFriendsButtons (chrome-extension://pcimamnpccdapeaaejlbecdhiifdnllb/content.js:91:28)
    at updateRobloxHome (chrome-extension://pcimamnpccdapeaaejlbecdhiifdnllb/content.js:160:3)
[  534027ms] ReferenceError: seeAllLinks is not defined
    at removeFriendsButtons (chrome-extension://pcimamnpccdapeaaejlbecdhiifdnllb/content.js:91:28)
    at updateRobloxHome (chrome-extension://pcimamnpccdapeaaejlbecdhiifdnllb/content.js:160:3)
[  534027ms] ReferenceError: seeAllLinks is not defined
    at removeFriendsButtons (chrome-extension://pcimamnpccdapeaaejlbecdhiifdnllb/content.js:91:28)
    at updateRobloxHome (chrome-extension://pcimamnpccdapeaaejlbecdhiifdnllb/content.js:160:3)
[  534027ms] ReferenceError: seeAllLinks is not defined
    at removeFriendsButtons (chrome-extension://pcimamnpccdapeaaejlbecdhiifdnllb/content.js:91:28)
    at updateRobloxHome (chrome-extension://pcimamnpccdapeaaejlbecdhiifdnllb/content.js:160:3)
[  534027ms] ReferenceError: seeAllLinks is not defined
    at removeFriendsButtons (chrome-extension://pcimamnpccdapeaaejlbecdhiifdnllb/content.js:91:28)
    at updateRobloxHome (chrome-extension://pcimamnpccdapeaaejlbecdhiifdnllb/content.js:160:3)
[  534028ms] ReferenceError: seeAllLinks is not defined
    at removeFriendsButtons (chrome-extension://pcimamnpccdapeaaejlbecdhiifdnllb/content.js:91:28)
    at updateRobloxHome (chrome-extension://pcimamnpccdapeaaejlbecdhiifdnllb/content.js:160:3)
[  534031ms] ReferenceError: seeAllLinks is not defined
    at removeFriendsButtons (chrome-extension://pcimamnpccdapeaaejlbecdhiifdnllb/content.js:91:28)
    at updateRobloxHome (chrome-extension://pcimamnpccdapeaaejlbecdhiifdnllb/content.js:160:3)
[  534032ms] ReferenceError: seeAllLinks is not defined
    at removeFriendsButtons (chrome-extension://pcimamnpccdapeaaejlbecdhiifdnllb/content.js:91:28)
    at updateRobloxHome (chrome-extension://pcimamnpccdapeaaejlbecdhiifdnllb/content.js:160:3)
[  534035ms] ReferenceError: seeAllLinks is not defined
    at removeFriendsButtons (chrome-extension://pcimamnpccdapeaaejlbecdhiifdnllb/content.js:91:28)
    at updateRobloxHome (chrome-extension://pcimamnpccdapeaaejlbecdhiifdnllb/content.js:160:3)
[  534037ms] ReferenceError: seeAllLinks is not defined
    at removeFriendsButtons (chrome-extension://pcimamnpccdapeaaejlbecdhiifdnllb/content.js:91:28)
    at updateRobloxHome (chrome-extension://pcimamnpccdapeaaejlbecdhiifdnllb/content.js:160:3)
[  534039ms] ReferenceError: seeAllLinks is not defined
    at removeFriendsButtons (chrome-extension://pcimamnpccdapeaaejlbecdhiifdnllb/content.js:91:28)
    at updateRobloxHome (chrome-extension://pcimamnpccdapeaaejlbecdhiifdnllb/content.js:160:3)
[  534041ms] ReferenceError: seeAllLinks is not defined
    at removeFriendsButtons (chrome-extension://pcimamnpccdapeaaejlbecdhiifdnllb/content.js:91:28)
    at updateRobloxHome (chrome-extension://pcimamnpccdapeaaejlbecdhiifdnllb/content.js:160:3)
[  534042ms] ReferenceError: seeAllLinks is not defined
    at removeFriendsButtons (chrome-extension://pcimamnpccdapeaaejlbecdhiifdnllb/content.js:91:28)
    at updateRobloxHome (chrome-extension://pcimamnpccdapeaaejlbecdhiifdnllb/content.js:160:3)
[  534049ms] ReferenceError: seeAllLinks is not defined
    at removeFriendsButtons (chrome-extension://pcimamnpccdapeaaejlbecdhiifdnllb/content.js:91:28)
    at updateRobloxHome (chrome-extension://pcimamnpccdapeaaejlbecdhiifdnllb/content.js:160:3)
[  534050ms] ReferenceError: seeAllLinks is not defined
    at removeFriendsButtons (chrome-extension://pcimamnpccdapeaaejlbecdhiifdnllb/content.js:91:28)
    at updateRobloxHome (chrome-extension://pcimamnpccdapeaaejlbecdhiifdnllb/content.js:160:3)
[  534053ms] ReferenceError: seeAllLinks is not defined
    at removeFriendsButtons (chrome-extension://pcimamnpccdapeaaejlbecdhiifdnllb/content.js:91:28)
    at updateRobloxHome (chrome-extension://pcimamnpccdapeaaejlbecdhiifdnllb/content.js:160:3)
[  534054ms] ReferenceError: seeAllLinks is not defined
    at removeFriendsButtons (chrome-extension://pcimamnpccdapeaaejlbecdhiifdnllb/content.js:91:28)
    at updateRobloxHome (chrome-extension://pcimamnpccdapeaaejlbecdhiifdnllb/content.js:160:3)
[  534056ms] ReferenceError: seeAllLinks is not defined
    at removeFriendsButtons (chrome-extension://pcimamnpccdapeaaejlbecdhiifdnllb/content.js:91:28)
    at updateRobloxHome (chrome-extension://pcimamnpccdapeaaejlbecdhiifdnllb/content.js:160:3)
[  534058ms] ReferenceError: seeAllLinks is not defined
    at removeFriendsButtons (chrome-extension://pcimamnpccdapeaaejlbecdhiifdnllb/content.js:91:28)
    at updateRobloxHome (chrome-extension://pcimamnpccdapeaaejlbecdhiifdnllb/content.js:160:3)
[  534059ms] ReferenceError: seeAllLinks is not defined
    at removeFriendsButtons (chrome-extension://pcimamnpccdapeaaejlbecdhiifdnllb/content.js:91:28)
    at updateRobloxHome (chrome-extension://pcimamnpccdapeaaejlbecdhiifdnllb/content.js:160:3)
[  534062ms] ReferenceError: seeAllLinks is not defined
    at removeFriendsButtons (chrome-extension://pcimamnpccdapeaaejlbecdhiifdnllb/content.js:91:28)
    at updateRobloxHome (chrome-extension://pcimamnpccdapeaaejlbecdhiifdnllb/content.js:160:3)
[  534064ms] ReferenceError: seeAllLinks is not defined
    at removeFriendsButtons (chrome-extension://pcimamnpccdapeaaejlbecdhiifdnllb/content.js:91:28)
    at updateRobloxHome (chrome-extension://pcimamnpccdapeaaejlbecdhiifdnllb/content.js:160:3)
[  534066ms] ReferenceError: seeAllLinks is not defined
    at removeFriendsButtons (chrome-extension://pcimamnpccdapeaaejlbecdhiifdnllb/content.js:91:28)
    at updateRobloxHome (chrome-extension://pcimamnpccdapeaaejlbecdhiifdnllb/content.js:160:3)
[  534068ms] ReferenceError: seeAllLinks is not defined
    at removeFriendsButtons (chrome-extension://pcimamnpccdapeaaejlbecdhiifdnllb/content.js:91:28)
    at updateRobloxHome (chrome-extension://pcimamnpccdapeaaejlbecdhiifdnllb/content.js:160:3)
[  534070ms] ReferenceError: seeAllLinks is not defined
    at removeFriendsButtons (chrome-extension://pcimamnpccdapeaaejlbecdhiifdnllb/content.js:91:28)
    at updateRobloxHome (chrome-extension://pcimamnpccdapeaaejlbecdhiifdnllb/content.js:160:3)
[  534072ms] ReferenceError: seeAllLinks is not defined
    at removeFriendsButtons (chrome-extension://pcimamnpccdapeaaejlbecdhiifdnllb/content.js:91:28)
    at updateRobloxHome (chrome-extension://pcimamnpccdapeaaejlbecdhiifdnllb/content.js:160:3)
[  534074ms] ReferenceError: seeAllLinks is not defined
    at removeFriendsButtons (chrome-extension://pcimamnpccdapeaaejlbecdhiifdnllb/content.js:91:28)
    at updateRobloxHome (chrome-extension://pcimamnpccdapeaaejlbecdhiifdnllb/content.js:160:3)
[  534076ms] ReferenceError: seeAllLinks is not defined
    at removeFriendsButtons (chrome-extension://pcimamnpccdapeaaejlbecdhiifdnllb/content.js:91:28)
    at updateRobloxHome (chrome-extension://pcimamnpccdapeaaejlbecdhiifdnllb/content.js:160:3)
[  534078ms] ReferenceError: seeAllLinks is not defined
    at removeFriendsButtons (chrome-extension://pcimamnpccdapeaaejlbecdhiifdnllb/content.js:91:28)
    at updateRobloxHome (chrome-extension://pcimamnpccdapeaaejlbecdhiifdnllb/content.js:160:3)
[  534095ms] ReferenceError: seeAllLinks is not defined
    at removeFriendsButtons (chrome-extension://pcimamnpccdapeaaejlbecdhiifdnllb/content.js:91:28)
    at updateRobloxHome (chrome-extension://pcimamnpccdapeaaejlbecdhiifdnllb/content.js:160:3)
[  534098ms] ReferenceError: seeAllLinks is not defined
    at removeFriendsButtons (chrome-extension://pcimamnpccdapeaaejlbecdhiifdnllb/content.js:91:28)
    at updateRobloxHome (chrome-extension://pcimamnpccdapeaaejlbecdhiifdnllb/content.js:160:3)
[  534099ms] ReferenceError: seeAllLinks is not defined
    at removeFriendsButtons (chrome-extension://pcimamnpccdapeaaejlbecdhiifdnllb/content.js:91:28)
    at updateRobloxHome (chrome-extension://pcimamnpccdapeaaejlbecdhiifdnllb/content.js:160:3)
[  534101ms] ReferenceError: seeAllLinks is not defined
    at removeFriendsButtons (chrome-extension://pcimamnpccdapeaaejlbecdhiifdnllb/content.js:91:28)
    at updateRobloxHome (chrome-extension://pcimamnpccdapeaaejlbecdhiifdnllb/content.js:160:3)
[  534102ms] ReferenceError: seeAllLinks is not defined
    at removeFriendsButtons (chrome-extension://pcimamnpccdapeaaejlbecdhiifdnllb/content.js:91:28)
    at updateRobloxHome (chrome-extension://pcimamnpccdapeaaejlbecdhiifdnllb/content.js:160:3)
[  534104ms] ReferenceError: seeAllLinks is not defined
    at removeFriendsButtons (chrome-extension://pcimamnpccdapeaaejlbecdhiifdnllb/content.js:91:28)
    at updateRobloxHome (chrome-extension://pcimamnpccdapeaaejlbecdhiifdnllb/content.js:160:3)
[  534106ms] ReferenceError: seeAllLinks is not defined
    at removeFriendsButtons (chrome-extension://pcimamnpccdapeaaejlbecdhiifdnllb/content.js:91:28)
    at updateRobloxHome (chrome-extension://pcimamnpccdapeaaejlbecdhiifdnllb/content.js:160:3)
[  534108ms] ReferenceError: seeAllLinks is not defined
    at removeFriendsButtons (chrome-extension://pcimamnpccdapeaaejlbecdhiifdnllb/content.js:91:28)
    at updateRobloxHome (chrome-extension://pcimamnpccdapeaaejlbecdhiifdnllb/content.js:160:3)
[  534109ms] ReferenceError: seeAllLinks is not defined
    at removeFriendsButtons (chrome-extension://pcimamnpccdapeaaejlbecdhiifdnllb/content.js:91:28)
    at updateRobloxHome (chrome-extension://pcimamnpccdapeaaejlbecdhiifdnllb/content.js:160:3)
[  534111ms] ReferenceError: seeAllLinks is not defined
    at removeFriendsButtons (chrome-extension://pcimamnpccdapeaaejlbecdhiifdnllb/content.js:91:28)
    at updateRobloxHome (chrome-extension://pcimamnpccdapeaaejlbecdhiifdnllb/content.js:160:3)
[  534113ms] ReferenceError: seeAllLinks is not defined
    at removeFriendsButtons (chrome-extension://pcimamnpccdapeaaejlbecdhiifdnllb/content.js:91:28)
    at updateRobloxHome (chrome-extension://pcimamnpccdapeaaejlbecdhiifdnllb/content.js:160:3)
[  534115ms] ReferenceError: seeAllLinks is not defined
    at removeFriendsButtons (chrome-extension://pcimamnpccdapeaaejlbecdhiifdnllb/content.js:91:28)
    at updateRobloxHome (chrome-extension://pcimamnpccdapeaaejlbecdhiifdnllb/content.js:160:3)
[  534117ms] ReferenceError: seeAllLinks is not defined
    at removeFriendsButtons (chrome-extension://pcimamnpccdapeaaejlbecdhiifdnllb/content.js:91:28)
    at updateRobloxHome (chrome-extension://pcimamnpccdapeaaejlbecdhiifdnllb/content.js:160:3)
[  534119ms] ReferenceError: seeAllLinks is not defined
    at removeFriendsButtons (chrome-extension://pcimamnpccdapeaaejlbecdhiifdnllb/content.js:91:28)
    at updateRobloxHome (chrome-extension://pcimamnpccdapeaaejlbecdhiifdnllb/content.js:160:3)
[  534120ms] ReferenceError: seeAllLinks is not defined
    at removeFriendsButtons (chrome-extension://pcimamnpccdapeaaejlbecdhiifdnllb/content.js:91:28)
    at updateRobloxHome (chrome-extension://pcimamnpccdapeaaejlbecdhiifdnllb/content.js:160:3)
[  534122ms] ReferenceError: seeAllLinks is not defined
    at removeFriendsButtons (chrome-extension://pcimamnpccdapeaaejlbecdhiifdnllb/content.js:91:28)
    at updateRobloxHome (chrome-extension://pcimamnpccdapeaaejlbecdhiifdnllb/content.js:160:3)
[  534124ms] ReferenceError: seeAllLinks is not defined
    at removeFriendsButtons (chrome-extension://pcimamnpccdapeaaejlbecdhiifdnllb/content.js:91:28)
    at updateRobloxHome (chrome-extension://pcimamnpccdapeaaejlbecdhiifdnllb/content.js:160:3)
[  534126ms] ReferenceError: seeAllLinks is not defined
    at removeFriendsButtons (chrome-extension://pcimamnpccdapeaaejlbecdhiifdnllb/content.js:91:28)
    at updateRobloxHome (chrome-extension://pcimamnpccdapeaaejlbecdhiifdnllb/content.js:160:3)
[  534128ms] ReferenceError: seeAllLinks is not defined
    at removeFriendsButtons (chrome-extension://pcimamnpccdapeaaejlbecdhiifdnllb/content.js:91:28)
    at updateRobloxHome (chrome-extension://pcimamnpccdapeaaejlbecdhiifdnllb/content.js:160:3)
[  534130ms] ReferenceError: seeAllLinks is not defined
    at removeFriendsButtons (chrome-extension://pcimamnpccdapeaaejlbecdhiifdnllb/content.js:91:28)
    at updateRobloxHome (chrome-extension://pcimamnpccdapeaaejlbecdhiifdnllb/content.js:160:3)
[  534132ms] ReferenceError: seeAllLinks is not defined
    at removeFriendsButtons (chrome-extension://pcimamnpccdapeaaejlbecdhiifdnllb/content.js:91:28)
    at updateRobloxHome (chrome-extension://pcimamnpccdapeaaejlbecdhiifdnllb/content.js:160:3)
[  534134ms] ReferenceError: seeAllLinks is not defined
    at removeFriendsButtons (chrome-extension://pcimamnpccdapeaaejlbecdhiifdnllb/content.js:91:28)
    at updateRobloxHome (chrome-extension://pcimamnpccdapeaaejlbecdhiifdnllb/content.js:160:3)
[  534136ms] ReferenceError: seeAllLinks is not defined
    at removeFriendsButtons (chrome-extension://pcimamnpccdapeaaejlbecdhiifdnllb/content.js:91:28)
    at updateRobloxHome (chrome-extension://pcimamnpccdapeaaejlbecdhiifdnllb/content.js:160:3)
[  534137ms] ReferenceError: seeAllLinks is not defined
    at removeFriendsButtons (chrome-extension://pcimamnpccdapeaaejlbecdhiifdnllb/content.js:91:28)
    at updateRobloxHome (chrome-extension://pcimamnpccdapeaaejlbecdhiifdnllb/content.js:160:3)
[  534139ms] ReferenceError: seeAllLinks is not defined
    at removeFriendsButtons (chrome-extension://pcimamnpccdapeaaejlbecdhiifdnllb/content.js:91:28)
    at updateRobloxHome (chrome-extension://pcimamnpccdapeaaejlbecdhiifdnllb/content.js:160:3)
[  534141ms] ReferenceError: seeAllLinks is not defined
    at removeFriendsButtons (chrome-extension://pcimamnpccdapeaaejlbecdhiifdnllb/content.js:91:28)
    at updateRobloxHome (chrome-extension://pcimamnpccdapeaaejlbecdhiifdnllb/content.js:160:3)
[  534143ms] ReferenceError: seeAllLinks is not defined
    at removeFriendsButtons (chrome-extension://pcimamnpccdapeaaejlbecdhiifdnllb/content.js:91:28)
    at updateRobloxHome (chrome-extension://pcimamnpccdapeaaejlbecdhiifdnllb/content.js:160:3)
[  534145ms] ReferenceError: seeAllLinks is not defined
    at removeFriendsButtons (chrome-extension://pcimamnpccdapeaaejlbecdhiifdnllb/content.js:91:28)
    at updateRobloxHome (chrome-extension://pcimamnpccdapeaaejlbecdhiifdnllb/content.js:160:3)
[  534147ms] ReferenceError: seeAllLinks is not defined
    at removeFriendsButtons (chrome-extension://pcimamnpccdapeaaejlbecdhiifdnllb/content.js:91:28)
    at updateRobloxHome (chrome-extension://pcimamnpccdapeaaejlbecdhiifdnllb/content.js:160:3)
[  534149ms] ReferenceError: seeAllLinks is not defined
    at removeFriendsButtons (chrome-extension://pcimamnpccdapeaaejlbecdhiifdnllb/content.js:91:28)
    at updateRobloxHome (chrome-extension://pcimamnpccdapeaaejlbecdhiifdnllb/content.js:160:3)
[  534151ms] ReferenceError: seeAllLinks is not defined
    at removeFriendsButtons (chrome-extension://pcimamnpccdapeaaejlbecdhiifdnllb/content.js:91:28)
    at updateRobloxHome (chrome-extension://pcimamnpccdapeaaejlbecdhiifdnllb/content.js:160:3)
[  534153ms] ReferenceError: seeAllLinks is not defined
    at removeFriendsButtons (chrome-extension://pcimamnpccdapeaaejlbecdhiifdnllb/content.js:91:28)
    at updateRobloxHome (chrome-extension://pcimamnpccdapeaaejlbecdhiifdnllb/content.js:160:3)
[  534154ms] ReferenceError: seeAllLinks is not defined
    at removeFriendsButtons (chrome-extension://pcimamnpccdapeaaejlbecdhiifdnllb/content.js:91:28)
    at updateRobloxHome (chrome-extension://pcimamnpccdapeaaejlbecdhiifdnllb/content.js:160:3)
[  534164ms] ReferenceError: seeAllLinks is not defined
    at removeFriendsButtons (chrome-extension://pcimamnpccdapeaaejlbecdhiifdnllb/content.js:91:28)
    at updateRobloxHome (chrome-extension://pcimamnpccdapeaaejlbecdhiifdnllb/content.js:160:3)
[  534165ms] ReferenceError: seeAllLinks is not defined
    at removeFriendsButtons (chrome-extension://pcimamnpccdapeaaejlbecdhiifdnllb/content.js:91:28)
    at updateRobloxHome (chrome-extension://pcimamnpccdapeaaejlbecdhiifdnllb/content.js:160:3)
[  534168ms] ReferenceError: seeAllLinks is not defined
    at removeFriendsButtons (chrome-extension://pcimamnpccdapeaaejlbecdhiifdnllb/content.js:91:28)
    at updateRobloxHome (chrome-extension://pcimamnpccdapeaaejlbecdhiifdnllb/content.js:160:3)
[  534169ms] ReferenceError: seeAllLinks is not defined
    at removeFriendsButtons (chrome-extension://pcimamnpccdapeaaejlbecdhiifdnllb/content.js:91:28)
    at updateRobloxHome (chrome-extension://pcimamnpccdapeaaejlbecdhiifdnllb/content.js:160:3)
[  534171ms] ReferenceError: seeAllLinks is not defined
    at removeFriendsButtons (chrome-extension://pcimamnpccdapeaaejlbecdhiifdnllb/content.js:91:28)
    at updateRobloxHome (chrome-extension://pcimamnpccdapeaaejlbecdhiifdnllb/content.js:160:3)
[  534173ms] ReferenceError: seeAllLinks is not defined
    at removeFriendsButtons (chrome-extension://pcimamnpccdapeaaejlbecdhiifdnllb/content.js:91:28)
    at updateRobloxHome (chrome-extension://pcimamnpccdapeaaejlbecdhiifdnllb/content.js:160:3)
[  534175ms] ReferenceError: seeAllLinks is not defined
    at removeFriendsButtons (chrome-extension://pcimamnpccdapeaaejlbecdhiifdnllb/content.js:91:28)
    at updateRobloxHome (chrome-extension://pcimamnpccdapeaaejlbecdhiifdnllb/content.js:160:3)
[  534176ms] ReferenceError: seeAllLinks is not defined
    at removeFriendsButtons (chrome-extension://pcimamnpccdapeaaejlbecdhiifdnllb/content.js:91:28)
    at updateRobloxHome (chrome-extension://pcimamnpccdapeaaejlbecdhiifdnllb/content.js:160:3)
[  534179ms] ReferenceError: seeAllLinks is not defined
    at removeFriendsButtons (chrome-extension://pcimamnpccdapeaaejlbecdhiifdnllb/content.js:91:28)
    at updateRobloxHome (chrome-extension://pcimamnpccdapeaaejlbecdhiifdnllb/content.js:160:3)
[  534181ms] ReferenceError: seeAllLinks is not defined
    at removeFriendsButtons (chrome-extension://pcimamnpccdapeaaejlbecdhiifdnllb/content.js:91:28)
    at updateRobloxHome (chrome-extension://pcimamnpccdapeaaejlbecdhiifdnllb/content.js:160:3)
[  534183ms] ReferenceError: seeAllLinks is not defined
    at removeFriendsButtons (chrome-extension://pcimamnpccdapeaaejlbecdhiifdnllb/content.js:91:28)
    at updateRobloxHome (chrome-extension://pcimamnpccdapeaaejlbecdhiifdnllb/content.js:160:3)
[  534184ms] ReferenceError: seeAllLinks is not defined
    at removeFriendsButtons (chrome-extension://pcimamnpccdapeaaejlbecdhiifdnllb/content.js:91:28)
    at updateRobloxHome (chrome-extension://pcimamnpccdapeaaejlbecdhiifdnllb/content.js:160:3)
[  534185ms] ReferenceError: seeAllLinks is not defined
    at removeFriendsButtons (chrome-extension://pcimamnpccdapeaaejlbecdhiifdnllb/content.js:91:28)
    at updateRobloxHome (chrome-extension://pcimamnpccdapeaaejlbecdhiifdnllb/content.js:160:3)
[  534187ms] ReferenceError: seeAllLinks is not defined
    at removeFriendsButtons (chrome-extension://pcimamnpccdapeaaejlbecdhiifdnllb/content.js:91:28)
    at updateRobloxHome (chrome-extension://pcimamnpccdapeaaejlbecdhiifdnllb/content.js:160:3)
[  534188ms] ReferenceError: seeAllLinks is not defined
    at removeFriendsButtons (chrome-extension://pcimamnpccdapeaaejlbecdhiifdnllb/content.js:91:28)
    at updateRobloxHome (chrome-extension://pcimamnpccdapeaaejlbecdhiifdnllb/content.js:160:3)
[  534190ms] ReferenceError: seeAllLinks is not defined
    at removeFriendsButtons (chrome-extension://pcimamnpccdapeaaejlbecdhiifdnllb/content.js:91:28)
    at updateRobloxHome (chrome-extension://pcimamnpccdapeaaejlbecdhiifdnllb/content.js:160:3)
[  534242ms] ReferenceError: seeAllLinks is not defined
    at removeFriendsButtons (chrome-extension://pcimamnpccdapeaaejlbecdhiifdnllb/content.js:91:28)
    at updateRobloxHome (chrome-extension://pcimamnpccdapeaaejlbecdhiifdnllb/content.js:160:3)
[  534328ms] ReferenceError: seeAllLinks is not defined
    at removeFriendsButtons (chrome-extension://pcimamnpccdapeaaejlbecdhiifdnllb/content.js:91:28)
    at updateRobloxHome (chrome-extension://pcimamnpccdapeaaejlbecdhiifdnllb/content.js:160:3)
[  534329ms] ReferenceError: seeAllLinks is not defined
    at removeFriendsButtons (chrome-extension://pcimamnpccdapeaaejlbecdhiifdnllb/content.js:91:28)
    at updateRobloxHome (chrome-extension://pcimamnpccdapeaaejlbecdhiifdnllb/content.js:160:3)
[  534330ms] ReferenceError: seeAllLinks is not defined
    at removeFriendsButtons (chrome-extension://pcimamnpccdapeaaejlbecdhiifdnllb/content.js:91:28)
    at updateRobloxHome (chrome-extension://pcimamnpccdapeaaejlbecdhiifdnllb/content.js:160:3)
[  534346ms] ReferenceError: seeAllLinks is not defined
    at removeFriendsButtons (chrome-extension://pcimamnpccdapeaaejlbecdhiifdnllb/content.js:91:28)
    at updateRobloxHome (chrome-extension://pcimamnpccdapeaaejlbecdhiifdnllb/content.js:160:3)
[  534399ms] ReferenceError: seeAllLinks is not defined
    at removeFriendsButtons (chrome-extension://pcimamnpccdapeaaejlbecdhiifdnllb/content.js:91:28)
    at updateRobloxHome (chrome-extension://pcimamnpccdapeaaejlbecdhiifdnllb/content.js:160:3)
[  534402ms] ReferenceError: seeAllLinks is not defined
    at removeFriendsButtons (chrome-extension://pcimamnpccdapeaaejlbecdhiifdnllb/content.js:91:28)
    at updateRobloxHome (chrome-extension://pcimamnpccdapeaaejlbecdhiifdnllb/content.js:160:3)
[  534404ms] ReferenceError: seeAllLinks is not defined
    at removeFriendsButtons (chrome-extension://pcimamnpccdapeaaejlbecdhiifdnllb/content.js:91:28)
    at updateRobloxHome (chrome-extension://pcimamnpccdapeaaejlbecdhiifdnllb/content.js:160:3)
[  534406ms] ReferenceError: seeAllLinks is not defined
    at removeFriendsButtons (chrome-extension://pcimamnpccdapeaaejlbecdhiifdnllb/content.js:91:28)
    at updateRobloxHome (chrome-extension://pcimamnpccdapeaaejlbecdhiifdnllb/content.js:160:3)
[  534416ms] ReferenceError: seeAllLinks is not defined
    at removeFriendsButtons (chrome-extension://pcimamnpccdapeaaejlbecdhiifdnllb/content.js:91:28)
    at updateRobloxHome (chrome-extension://pcimamnpccdapeaaejlbecdhiifdnllb/content.js:160:3)
[  534417ms] ReferenceError: seeAllLinks is not defined
    at removeFriendsButtons (chrome-extension://pcimamnpccdapeaaejlbecdhiifdnllb/content.js:91:28)
    at updateRobloxHome (chrome-extension://pcimamnpccdapeaaejlbecdhiifdnllb/content.js:160:3)
[  534419ms] ReferenceError: seeAllLinks is not defined
    at removeFriendsButtons (chrome-extension://pcimamnpccdapeaaejlbecdhiifdnllb/content.js:91:28)
    at updateRobloxHome (chrome-extension://pcimamnpccdapeaaejlbecdhiifdnllb/content.js:160:3)
[  534423ms] ReferenceError: seeAllLinks is not defined
    at removeFriendsButtons (chrome-extension://pcimamnpccdapeaaejlbecdhiifdnllb/content.js:91:28)
    at updateRobloxHome (chrome-extension://pcimamnpccdapeaaejlbecdhiifdnllb/content.js:160:3)
[  534424ms] ReferenceError: seeAllLinks is not defined
    at removeFriendsButtons (chrome-extension://pcimamnpccdapeaaejlbecdhiifdnllb/content.js:91:28)
    at updateRobloxHome (chrome-extension://pcimamnpccdapeaaejlbecdhiifdnllb/content.js:160:3)
[  534426ms] ReferenceError: seeAllLinks is not defined
    at removeFriendsButtons (chrome-extension://pcimamnpccdapeaaejlbecdhiifdnllb/content.js:91:28)
    at updateRobloxHome (chrome-extension://pcimamnpccdapeaaejlbecdhiifdnllb/content.js:160:3)
[  534427ms] ReferenceError: seeAllLinks is not defined
    at removeFriendsButtons (chrome-extension://pcimamnpccdapeaaejlbecdhiifdnllb/content.js:91:28)
    at updateRobloxHome (chrome-extension://pcimamnpccdapeaaejlbecdhiifdnllb/content.js:160:3)
[  534429ms] ReferenceError: seeAllLinks is not defined
    at removeFriendsButtons (chrome-extension://pcimamnpccdapeaaejlbecdhiifdnllb/content.js:91:28)
    at updateRobloxHome (chrome-extension://pcimamnpccdapeaaejlbecdhiifdnllb/content.js:160:3)
[  534430ms] ReferenceError: seeAllLinks is not defined
    at removeFriendsButtons (chrome-extension://pcimamnpccdapeaaejlbecdhiifdnllb/content.js:91:28)
    at updateRobloxHome (chrome-extension://pcimamnpccdapeaaejlbecdhiifdnllb/content.js:160:3)
[  534432ms] ReferenceError: seeAllLinks is not defined
    at removeFriendsButtons (chrome-extension://pcimamnpccdapeaaejlbecdhiifdnllb/content.js:91:28)
    at updateRobloxHome (chrome-extension://pcimamnpccdapeaaejlbecdhiifdnllb/content.js:160:3)
[  534434ms] ReferenceError: seeAllLinks is not defined
    at removeFriendsButtons (chrome-extension://pcimamnpccdapeaaejlbecdhiifdnllb/content.js:91:28)
    at updateRobloxHome (chrome-extension://pcimamnpccdapeaaejlbecdhiifdnllb/content.js:160:3)
[  534435ms] ReferenceError: seeAllLinks is not defined
    at removeFriendsButtons (chrome-extension://pcimamnpccdapeaaejlbecdhiifdnllb/content.js:91:28)
    at updateRobloxHome (chrome-extension://pcimamnpccdapeaaejlbecdhiifdnllb/content.js:160:3)
[  534437ms] ReferenceError: seeAllLinks is not defined
    at removeFriendsButtons (chrome-extension://pcimamnpccdapeaaejlbecdhiifdnllb/content.js:91:28)
    at updateRobloxHome (chrome-extension://pcimamnpccdapeaaejlbecdhiifdnllb/content.js:160:3)
[  534438ms] ReferenceError: seeAllLinks is not defined
    at removeFriendsButtons (chrome-extension://pcimamnpccdapeaaejlbecdhiifdnllb/content.js:91:28)
    at updateRobloxHome (chrome-extension://pcimamnpccdapeaaejlbecdhiifdnllb/content.js:160:3)
[  534440ms] ReferenceError: seeAllLinks is not defined
    at removeFriendsButtons (chrome-extension://pcimamnpccdapeaaejlbecdhiifdnllb/content.js:91:28)
    at updateRobloxHome (chrome-extension://pcimamnpccdapeaaejlbecdhiifdnllb/content.js:160:3)
[  534442ms] ReferenceError: seeAllLinks is not defined
    at removeFriendsButtons (chrome-extension://pcimamnpccdapeaaejlbecdhiifdnllb/content.js:91:28)
    at updateRobloxHome (chrome-extension://pcimamnpccdapeaaejlbecdhiifdnllb/content.js:160:3)
[  534445ms] ReferenceError: seeAllLinks is not defined
    at removeFriendsButtons (chrome-extension://pcimamnpccdapeaaejlbecdhiifdnllb/content.js:91:28)
    at updateRobloxHome (chrome-extension://pcimamnpccdapeaaejlbecdhiifdnllb/content.js:160:3)
[  534447ms] ReferenceError: seeAllLinks is not defined
    at removeFriendsButtons (chrome-extension://pcimamnpccdapeaaejlbecdhiifdnllb/content.js:91:28)
    at updateRobloxHome (chrome-extension://pcimamnpccdapeaaejlbecdhiifdnllb/content.js:160:3)
[  534450ms] ReferenceError: seeAllLinks is not defined
    at removeFriendsButtons (chrome-extension://pcimamnpccdapeaaejlbecdhiifdnllb/content.js:91:28)
    at updateRobloxHome (chrome-extension://pcimamnpccdapeaaejlbecdhiifdnllb/content.js:160:3)
[  534452ms] ReferenceError: seeAllLinks is not defined
    at removeFriendsButtons (chrome-extension://pcimamnpccdapeaaejlbecdhiifdnllb/content.js:91:28)
    at updateRobloxHome (chrome-extension://pcimamnpccdapeaaejlbecdhiifdnllb/content.js:160:3)
[  534456ms] ReferenceError: seeAllLinks is not defined
    at removeFriendsButtons (chrome-extension://pcimamnpccdapeaaejlbecdhiifdnllb/content.js:91:28)
    at updateRobloxHome (chrome-extension://pcimamnpccdapeaaejlbecdhiifdnllb/content.js:160:3)
[  534457ms] ReferenceError: seeAllLinks is not defined
    at removeFriendsButtons (chrome-extension://pcimamnpccdapeaaejlbecdhiifdnllb/content.js:91:28)
    at updateRobloxHome (chrome-extension://pcimamnpccdapeaaejlbecdhiifdnllb/content.js:160:3)
[  534459ms] ReferenceError: seeAllLinks is not defined
    at removeFriendsButtons (chrome-extension://pcimamnpccdapeaaejlbecdhiifdnllb/content.js:91:28)
    at updateRobloxHome (chrome-extension://pcimamnpccdapeaaejlbecdhiifdnllb/content.js:160:3)
[  534462ms] ReferenceError: seeAllLinks is not defined
    at removeFriendsButtons (chrome-extension://pcimamnpccdapeaaejlbecdhiifdnllb/content.js:91:28)
    at updateRobloxHome (chrome-extension://pcimamnpccdapeaaejlbecdhiifdnllb/content.js:160:3)
[  534463ms] ReferenceError: seeAllLinks is not defined
    at removeFriendsButtons (chrome-extension://pcimamnpccdapeaaejlbecdhiifdnllb/content.js:91:28)
    at updateRobloxHome (chrome-extension://pcimamnpccdapeaaejlbecdhiifdnllb/content.js:160:3)
[  534469ms] ReferenceError: seeAllLinks is not defined
    at removeFriendsButtons (chrome-extension://pcimamnpccdapeaaejlbecdhiifdnllb/content.js:91:28)
    at updateRobloxHome (chrome-extension://pcimamnpccdapeaaejlbecdhiifdnllb/content.js:160:3)
[  534470ms] ReferenceError: seeAllLinks is not defined
    at removeFriendsButtons (chrome-extension://pcimamnpccdapeaaejlbecdhiifdnllb/content.js:91:28)
    at updateRobloxHome (chrome-extension://pcimamnpccdapeaaejlbecdhiifdnllb/content.js:160:3)
[  534473ms] ReferenceError: seeAllLinks is not defined
    at removeFriendsButtons (chrome-extension://pcimamnpccdapeaaejlbecdhiifdnllb/content.js:91:28)
    at updateRobloxHome (chrome-extension://pcimamnpccdapeaaejlbecdhiifdnllb/content.js:160:3)
[  534476ms] ReferenceError: seeAllLinks is not defined
    at removeFriendsButtons (chrome-extension://pcimamnpccdapeaaejlbecdhiifdnllb/content.js:91:28)
    at updateRobloxHome (chrome-extension://pcimamnpccdapeaaejlbecdhiifdnllb/content.js:160:3)
[  534479ms] ReferenceError: seeAllLinks is not defined
    at removeFriendsButtons (chrome-extension://pcimamnpccdapeaaejlbecdhiifdnllb/content.js:91:28)
    at updateRobloxHome (chrome-extension://pcimamnpccdapeaaejlbecdhiifdnllb/content.js:160:3)
[  534481ms] ReferenceError: seeAllLinks is not defined
    at removeFriendsButtons (chrome-extension://pcimamnpccdapeaaejlbecdhiifdnllb/content.js:91:28)
    at updateRobloxHome (chrome-extension://pcimamnpccdapeaaejlbecdhiifdnllb/content.js:160:3)
[  534482ms] ReferenceError: seeAllLinks is not defined
    at removeFriendsButtons (chrome-extension://pcimamnpccdapeaaejlbecdhiifdnllb/content.js:91:28)
    at updateRobloxHome (chrome-extension://pcimamnpccdapeaaejlbecdhiifdnllb/content.js:160:3)
[  534485ms] ReferenceError: seeAllLinks is not defined
    at removeFriendsButtons (chrome-extension://pcimamnpccdapeaaejlbecdhiifdnllb/content.js:91:28)
    at updateRobloxHome (chrome-extension://pcimamnpccdapeaaejlbecdhiifdnllb/content.js:160:3)
[  534487ms] ReferenceError: seeAllLinks is not defined
    at removeFriendsButtons (chrome-extension://pcimamnpccdapeaaejlbecdhiifdnllb/content.js:91:28)
    at updateRobloxHome (chrome-extension://pcimamnpccdapeaaejlbecdhiifdnllb/content.js:160:3)
[  534490ms] ReferenceError: seeAllLinks is not defined
    at removeFriendsButtons (chrome-extension://pcimamnpccdapeaaejlbecdhiifdnllb/content.js:91:28)
    at updateRobloxHome (chrome-extension://pcimamnpccdapeaaejlbecdhiifdnllb/content.js:160:3)
[  534491ms] ReferenceError: seeAllLinks is not defined
    at removeFriendsButtons (chrome-extension://pcimamnpccdapeaaejlbecdhiifdnllb/content.js:91:28)
    at updateRobloxHome (chrome-extension://pcimamnpccdapeaaejlbecdhiifdnllb/content.js:160:3)
[  534493ms] ReferenceError: seeAllLinks is not defined
    at removeFriendsButtons (chrome-extension://pcimamnpccdapeaaejlbecdhiifdnllb/content.js:91:28)
    at updateRobloxHome (chrome-extension://pcimamnpccdapeaaejlbecdhiifdnllb/content.js:160:3)
[  534495ms] ReferenceError: seeAllLinks is not defined
    at removeFriendsButtons (chrome-extension://pcimamnpccdapeaaejlbecdhiifdnllb/content.js:91:28)
    at updateRobloxHome (chrome-extension://pcimamnpccdapeaaejlbecdhiifdnllb/content.js:160:3)
[  534497ms] ReferenceError: seeAllLinks is not defined
    at removeFriendsButtons (chrome-extension://pcimamnpccdapeaaejlbecdhiifdnllb/content.js:91:28)
    at updateRobloxHome (chrome-extension://pcimamnpccdapeaaejlbecdhiifdnllb/content.js:160:3)
[  534522ms] ReferenceError: seeAllLinks is not defined
    at removeFriendsButtons (chrome-extension://pcimamnpccdapeaaejlbecdhiifdnllb/content.js:91:28)
    at updateRobloxHome (chrome-extension://pcimamnpccdapeaaejlbecdhiifdnllb/content.js:160:3)
[  534524ms] ReferenceError: seeAllLinks is not defined
    at removeFriendsButtons (chrome-extension://pcimamnpccdapeaaejlbecdhiifdnllb/content.js:91:28)
    at updateRobloxHome (chrome-extension://pcimamnpccdapeaaejlbecdhiifdnllb/content.js:160:3)
[  534526ms] ReferenceError: seeAllLinks is not defined
    at removeFriendsButtons (chrome-extension://pcimamnpccdapeaaejlbecdhiifdnllb/content.js:91:28)
    at updateRobloxHome (chrome-extension://pcimamnpccdapeaaejlbecdhiifdnllb/content.js:160:3)
[  534529ms] ReferenceError: seeAllLinks is not defined
    at removeFriendsButtons (chrome-extension://pcimamnpccdapeaaejlbecdhiifdnllb/content.js:91:28)
    at updateRobloxHome (chrome-extension://pcimamnpccdapeaaejlbecdhiifdnllb/content.js:160:3)
[  534531ms] ReferenceError: seeAllLinks is not defined
    at removeFriendsButtons (chrome-extension://pcimamnpccdapeaaejlbecdhiifdnllb/content.js:91:28)
    at updateRobloxHome (chrome-extension://pcimamnpccdapeaaejlbecdhiifdnllb/content.js:160:3)
[  534533ms] ReferenceError: seeAllLinks is not defined
    at removeFriendsButtons (chrome-extension://pcimamnpccdapeaaejlbecdhiifdnllb/content.js:91:28)
    at updateRobloxHome (chrome-extension://pcimamnpccdapeaaejlbecdhiifdnllb/content.js:160:3)
[  534535ms] ReferenceError: seeAllLinks is not defined
    at removeFriendsButtons (chrome-extension://pcimamnpccdapeaaejlbecdhiifdnllb/content.js:91:28)
    at updateRobloxHome (chrome-extension://pcimamnpccdapeaaejlbecdhiifdnllb/content.js:160:3)
[  534537ms] ReferenceError: seeAllLinks is not defined
    at removeFriendsButtons (chrome-extension://pcimamnpccdapeaaejlbecdhiifdnllb/content.js:91:28)
    at updateRobloxHome (chrome-extension://pcimamnpccdapeaaejlbecdhiifdnllb/content.js:160:3)
[  534540ms] ReferenceError: seeAllLinks is not defined
    at removeFriendsButtons (chrome-extension://pcimamnpccdapeaaejlbecdhiifdnllb/content.js:91:28)
    at updateRobloxHome (chrome-extension://pcimamnpccdapeaaejlbecdhiifdnllb/content.js:160:3)
[  534542ms] ReferenceError: seeAllLinks is not defined
    at removeFriendsButtons (chrome-extension://pcimamnpccdapeaaejlbecdhiifdnllb/content.js:91:28)
    at updateRobloxHome (chrome-extension://pcimamnpccdapeaaejlbecdhiifdnllb/content.js:160:3)
[  534545ms] ReferenceError: seeAllLinks is not defined
    at removeFriendsButtons (chrome-extension://pcimamnpccdapeaaejlbecdhiifdnllb/content.js:91:28)
    at updateRobloxHome (chrome-extension://pcimamnpccdapeaaejlbecdhiifdnllb/content.js:160:3)
[  534547ms] ReferenceError: seeAllLinks is not defined
    at removeFriendsButtons (chrome-extension://pcimamnpccdapeaaejlbecdhiifdnllb/content.js:91:28)
    at updateRobloxHome (chrome-extension://pcimamnpccdapeaaejlbecdhiifdnllb/content.js:160:3)
[  534549ms] ReferenceError: seeAllLinks is not defined
    at removeFriendsButtons (chrome-extension://pcimamnpccdapeaaejlbecdhiifdnllb/content.js:91:28)
    at updateRobloxHome (chrome-extension://pcimamnpccdapeaaejlbecdhiifdnllb/content.js:160:3)
[  534551ms] ReferenceError: seeAllLinks is not defined
    at removeFriendsButtons (chrome-extension://pcimamnpccdapeaaejlbecdhiifdnllb/content.js:91:28)
    at updateRobloxHome (chrome-extension://pcimamnpccdapeaaejlbecdhiifdnllb/content.js:160:3)
[  534552ms] ReferenceError: seeAllLinks is not defined
    at removeFriendsButtons (chrome-extension://pcimamnpccdapeaaejlbecdhiifdnllb/content.js:91:28)
    at updateRobloxHome (chrome-extension://pcimamnpccdapeaaejlbecdhiifdnllb/content.js:160:3)
[  534554ms] ReferenceError: seeAllLinks is not defined
    at removeFriendsButtons (chrome-extension://pcimamnpccdapeaaejlbecdhiifdnllb/content.js:91:28)
    at updateRobloxHome (chrome-extension://pcimamnpccdapeaaejlbecdhiifdnllb/content.js:160:3)
[  534555ms] ReferenceError: seeAllLinks is not defined
    at removeFriendsButtons (chrome-extension://pcimamnpccdapeaaejlbecdhiifdnllb/content.js:91:28)
    at updateRobloxHome (chrome-extension://pcimamnpccdapeaaejlbecdhiifdnllb/content.js:160:3)
[  534557ms] ReferenceError: seeAllLinks is not defined
    at removeFriendsButtons (chrome-extension://pcimamnpccdapeaaejlbecdhiifdnllb/content.js:91:28)
    at updateRobloxHome (chrome-extension://pcimamnpccdapeaaejlbecdhiifdnllb/content.js:160:3)
[  534558ms] ReferenceError: seeAllLinks is not defined
    at removeFriendsButtons (chrome-extension://pcimamnpccdapeaaejlbecdhiifdnllb/content.js:91:28)
    at updateRobloxHome (chrome-extension://pcimamnpccdapeaaejlbecdhiifdnllb/content.js:160:3)
[  534560ms] ReferenceError: seeAllLinks is not defined
    at removeFriendsButtons (chrome-extension://pcimamnpccdapeaaejlbecdhiifdnllb/content.js:91:28)
    at updateRobloxHome (chrome-extension://pcimamnpccdapeaaejlbecdhiifdnllb/content.js:160:3)
[  534562ms] ReferenceError: seeAllLinks is not defined
    at removeFriendsButtons (chrome-extension://pcimamnpccdapeaaejlbecdhiifdnllb/content.js:91:28)
    at updateRobloxHome (chrome-extension://pcimamnpccdapeaaejlbecdhiifdnllb/content.js:160:3)
[  534563ms] ReferenceError: seeAllLinks is not defined
    at removeFriendsButtons (chrome-extension://pcimamnpccdapeaaejlbecdhiifdnllb/content.js:91:28)
    at updateRobloxHome (chrome-extension://pcimamnpccdapeaaejlbecdhiifdnllb/content.js:160:3)
[  534565ms] ReferenceError: seeAllLinks is not defined
    at removeFriendsButtons (chrome-extension://pcimamnpccdapeaaejlbecdhiifdnllb/content.js:91:28)
    at updateRobloxHome (chrome-extension://pcimamnpccdapeaaejlbecdhiifdnllb/content.js:160:3)
[  534566ms] ReferenceError: seeAllLinks is not defined
    at removeFriendsButtons (chrome-extension://pcimamnpccdapeaaejlbecdhiifdnllb/content.js:91:28)
    at updateRobloxHome (chrome-extension://pcimamnpccdapeaaejlbecdhiifdnllb/content.js:160:3)
[  534568ms] ReferenceError: seeAllLinks is not defined
    at removeFriendsButtons (chrome-extension://pcimamnpccdapeaaejlbecdhiifdnllb/content.js:91:28)
    at updateRobloxHome (chrome-extension://pcimamnpccdapeaaejlbecdhiifdnllb/content.js:160:3)
[  534569ms] ReferenceError: seeAllLinks is not defined
    at removeFriendsButtons (chrome-extension://pcimamnpccdapeaaejlbecdhiifdnllb/content.js:91:28)
    at updateRobloxHome (chrome-extension://pcimamnpccdapeaaejlbecdhiifdnllb/content.js:160:3)
[  534571ms] ReferenceError: seeAllLinks is not defined
    at removeFriendsButtons (chrome-extension://pcimamnpccdapeaaejlbecdhiifdnllb/content.js:91:28)
    at updateRobloxHome (chrome-extension://pcimamnpccdapeaaejlbecdhiifdnllb/content.js:160:3)
[  534572ms] ReferenceError: seeAllLinks is not defined
    at removeFriendsButtons (chrome-extension://pcimamnpccdapeaaejlbecdhiifdnllb/content.js:91:28)
    at updateRobloxHome (chrome-extension://pcimamnpccdapeaaejlbecdhiifdnllb/content.js:160:3)
[  534574ms] ReferenceError: seeAllLinks is not defined
    at removeFriendsButtons (chrome-extension://pcimamnpccdapeaaejlbecdhiifdnllb/content.js:91:28)
    at updateRobloxHome (chrome-extension://pcimamnpccdapeaaejlbecdhiifdnllb/content.js:160:3)
[  534575ms] ReferenceError: seeAllLinks is not defined
    at removeFriendsButtons (chrome-extension://pcimamnpccdapeaaejlbecdhiifdnllb/content.js:91:28)
    at updateRobloxHome (chrome-extension://pcimamnpccdapeaaejlbecdhiifdnllb/content.js:160:3)
[  534577ms] ReferenceError: seeAllLinks is not defined
    at removeFriendsButtons (chrome-extension://pcimamnpccdapeaaejlbecdhiifdnllb/content.js:91:28)
    at updateRobloxHome (chrome-extension://pcimamnpccdapeaaejlbecdhiifdnllb/content.js:160:3)
[  534579ms] ReferenceError: seeAllLinks is not defined
    at removeFriendsButtons (chrome-extension://pcimamnpccdapeaaejlbecdhiifdnllb/content.js:91:28)
    at updateRobloxHome (chrome-extension://pcimamnpccdapeaaejlbecdhiifdnllb/content.js:160:3)
[  534581ms] ReferenceError: seeAllLinks is not defined
    at removeFriendsButtons (chrome-extension://pcimamnpccdapeaaejlbecdhiifdnllb/content.js:91:28)
    at updateRobloxHome (chrome-extension://pcimamnpccdapeaaejlbecdhiifdnllb/content.js:160:3)
[  534584ms] ReferenceError: seeAllLinks is not defined
    at removeFriendsButtons (chrome-extension://pcimamnpccdapeaaejlbecdhiifdnllb/content.js:91:28)
    at updateRobloxHome (chrome-extension://pcimamnpccdapeaaejlbecdhiifdnllb/content.js:160:3)
[  534586ms] ReferenceError: seeAllLinks is not defined
    at removeFriendsButtons (chrome-extension://pcimamnpccdapeaaejlbecdhiifdnllb/content.js:91:28)
    at updateRobloxHome (chrome-extension://pcimamnpccdapeaaejlbecdhiifdnllb/content.js:160:3)
[  534588ms] ReferenceError: seeAllLinks is not defined
    at removeFriendsButtons (chrome-extension://pcimamnpccdapeaaejlbecdhiifdnllb/content.js:91:28)
    at updateRobloxHome (chrome-extension://pcimamnpccdapeaaejlbecdhiifdnllb/content.js:160:3)
[  534590ms] ReferenceError: seeAllLinks is not defined
    at removeFriendsButtons (chrome-extension://pcimamnpccdapeaaejlbecdhiifdnllb/content.js:91:28)
    at updateRobloxHome (chrome-extension://pcimamnpccdapeaaejlbecdhiifdnllb/content.js:160:3)
[  534592ms] ReferenceError: seeAllLinks is not defined
    at removeFriendsButtons (chrome-extension://pcimamnpccdapeaaejlbecdhiifdnllb/content.js:91:28)
    at updateRobloxHome (chrome-extension://pcimamnpccdapeaaejlbecdhiifdnllb/content.js:160:3)
[  534593ms] ReferenceError: seeAllLinks is not defined
    at removeFriendsButtons (chrome-extension://pcimamnpccdapeaaejlbecdhiifdnllb/content.js:91:28)
    at updateRobloxHome (chrome-extension://pcimamnpccdapeaaejlbecdhiifdnllb/content.js:160:3)
[  534595ms] ReferenceError: seeAllLinks is not defined
    at removeFriendsButtons (chrome-extension://pcimamnpccdapeaaejlbecdhiifdnllb/content.js:91:28)
    at updateRobloxHome (chrome-extension://pcimamnpccdapeaaejlbecdhiifdnllb/content.js:160:3)
[  534597ms] ReferenceError: seeAllLinks is not defined
    at removeFriendsButtons (chrome-extension://pcimamnpccdapeaaejlbecdhiifdnllb/content.js:91:28)
    at updateRobloxHome (chrome-extension://pcimamnpccdapeaaejlbecdhiifdnllb/content.js:160:3)
[  534598ms] ReferenceError: seeAllLinks is not defined
    at removeFriendsButtons (chrome-extension://pcimamnpccdapeaaejlbecdhiifdnllb/content.js:91:28)
    at updateRobloxHome (chrome-extension://pcimamnpccdapeaaejlbecdhiifdnllb/content.js:160:3)
[  534600ms] ReferenceError: seeAllLinks is not defined
    at removeFriendsButtons (chrome-extension://pcimamnpccdapeaaejlbecdhiifdnllb/content.js:91:28)
    at updateRobloxHome (chrome-extension://pcimamnpccdapeaaejlbecdhiifdnllb/content.js:160:3)
[  534602ms] ReferenceError: seeAllLinks is not defined
    at removeFriendsButtons (chrome-extension://pcimamnpccdapeaaejlbecdhiifdnllb/content.js:91:28)
    at updateRobloxHome (chrome-extension://pcimamnpccdapeaaejlbecdhiifdnllb/content.js:160:3)
[  534603ms] ReferenceError: seeAllLinks is not defined
    at removeFriendsButtons (chrome-extension://pcimamnpccdapeaaejlbecdhiifdnllb/content.js:91:28)
    at updateRobloxHome (chrome-extension://pcimamnpccdapeaaejlbecdhiifdnllb/content.js:160:3)
[  534606ms] ReferenceError: seeAllLinks is not defined
    at removeFriendsButtons (chrome-extension://pcimamnpccdapeaaejlbecdhiifdnllb/content.js:91:28)
    at updateRobloxHome (chrome-extension://pcimamnpccdapeaaejlbecdhiifdnllb/content.js:160:3)
[  534608ms] ReferenceError: seeAllLinks is not defined
    at removeFriendsButtons (chrome-extension://pcimamnpccdapeaaejlbecdhiifdnllb/content.js:91:28)
    at updateRobloxHome (chrome-extension://pcimamnpccdapeaaejlbecdhiifdnllb/content.js:160:3)
[  534610ms] ReferenceError: seeAllLinks is not defined
    at removeFriendsButtons (chrome-extension://pcimamnpccdapeaaejlbecdhiifdnllb/content.js:91:28)
    at updateRobloxHome (chrome-extension://pcimamnpccdapeaaejlbecdhiifdnllb/content.js:160:3)
[  534612ms] ReferenceError: seeAllLinks is not defined
    at removeFriendsButtons (chrome-extension://pcimamnpccdapeaaejlbecdhiifdnllb/content.js:91:28)
    at updateRobloxHome (chrome-extension://pcimamnpccdapeaaejlbecdhiifdnllb/content.js:160:3)
[  534615ms] ReferenceError: seeAllLinks is not defined
    at removeFriendsButtons (chrome-extension://pcimamnpccdapeaaejlbecdhiifdnllb/content.js:91:28)
    at updateRobloxHome (chrome-extension://pcimamnpccdapeaaejlbecdhiifdnllb/content.js:160:3)
[  534616ms] ReferenceError: seeAllLinks is not defined
    at removeFriendsButtons (chrome-extension://pcimamnpccdapeaaejlbecdhiifdnllb/content.js:91:28)
    at updateRobloxHome (chrome-extension://pcimamnpccdapeaaejlbecdhiifdnllb/content.js:160:3)
[  534620ms] ReferenceError: seeAllLinks is not defined
    at removeFriendsButtons (chrome-extension://pcimamnpccdapeaaejlbecdhiifdnllb/content.js:91:28)
    at updateRobloxHome (chrome-extension://pcimamnpccdapeaaejlbecdhiifdnllb/content.js:160:3)
[  534649ms] ReferenceError: seeAllLinks is not defined
    at removeFriendsButtons (chrome-extension://pcimamnpccdapeaaejlbecdhiifdnllb/content.js:91:28)
    at updateRobloxHome (chrome-extension://pcimamnpccdapeaaejlbecdhiifdnllb/content.js:160:3)
[  534651ms] ReferenceError: seeAllLinks is not defined
    at removeFriendsButtons (chrome-extension://pcimamnpccdapeaaejlbecdhiifdnllb/content.js:91:28)
    at updateRobloxHome (chrome-extension://pcimamnpccdapeaaejlbecdhiifdnllb/content.js:160:3)
[  534653ms] ReferenceError: seeAllLinks is not defined
    at removeFriendsButtons (chrome-extension://pcimamnpccdapeaaejlbecdhiifdnllb/content.js:91:28)
    at updateRobloxHome (chrome-extension://pcimamnpccdapeaaejlbecdhiifdnllb/content.js:160:3)
[  534655ms] ReferenceError: seeAllLinks is not defined
    at removeFriendsButtons (chrome-extension://pcimamnpccdapeaaejlbecdhiifdnllb/content.js:91:28)
    at updateRobloxHome (chrome-extension://pcimamnpccdapeaaejlbecdhiifdnllb/content.js:160:3)
[  534658ms] ReferenceError: seeAllLinks is not defined
    at removeFriendsButtons (chrome-extension://pcimamnpccdapeaaejlbecdhiifdnllb/content.js:91:28)
    at updateRobloxHome (chrome-extension://pcimamnpccdapeaaejlbecdhiifdnllb/content.js:160:3)
[  534661ms] ReferenceError: seeAllLinks is not defined
    at removeFriendsButtons (chrome-extension://pcimamnpccdapeaaejlbecdhiifdnllb/content.js:91:28)
    at updateRobloxHome (chrome-extension://pcimamnpccdapeaaejlbecdhiifdnllb/content.js:160:3)
[  534671ms] ReferenceError: seeAllLinks is not defined
    at removeFriendsButtons (chrome-extension://pcimamnpccdapeaaejlbecdhiifdnllb/content.js:91:28)
    at updateRobloxHome (chrome-extension://pcimamnpccdapeaaejlbecdhiifdnllb/content.js:160:3)
[  534673ms] ReferenceError: seeAllLinks is not defined
    at removeFriendsButtons (chrome-extension://pcimamnpccdapeaaejlbecdhiifdnllb/content.js:91:28)
    at updateRobloxHome (chrome-extension://pcimamnpccdapeaaejlbecdhiifdnllb/content.js:160:3)
[  534675ms] ReferenceError: seeAllLinks is not defined
    at removeFriendsButtons (chrome-extension://pcimamnpccdapeaaejlbecdhiifdnllb/content.js:91:28)
    at updateRobloxHome (chrome-extension://pcimamnpccdapeaaejlbecdhiifdnllb/content.js:160:3)
[  534677ms] ReferenceError: seeAllLinks is not defined
    at removeFriendsButtons (chrome-extension://pcimamnpccdapeaaejlbecdhiifdnllb/content.js:91:28)
    at updateRobloxHome (chrome-extension://pcimamnpccdapeaaejlbecdhiifdnllb/content.js:160:3)
[  534679ms] ReferenceError: seeAllLinks is not defined
    at removeFriendsButtons (chrome-extension://pcimamnpccdapeaaejlbecdhiifdnllb/content.js:91:28)
    at updateRobloxHome (chrome-extension://pcimamnpccdapeaaejlbecdhiifdnllb/content.js:160:3)
[  534681ms] ReferenceError: seeAllLinks is not defined
    at removeFriendsButtons (chrome-extension://pcimamnpccdapeaaejlbecdhiifdnllb/content.js:91:28)
    at updateRobloxHome (chrome-extension://pcimamnpccdapeaaejlbecdhiifdnllb/content.js:160:3)
[  534683ms] ReferenceError: seeAllLinks is not defined
    at removeFriendsButtons (chrome-extension://pcimamnpccdapeaaejlbecdhiifdnllb/content.js:91:28)
    at updateRobloxHome (chrome-extension://pcimamnpccdapeaaejlbecdhiifdnllb/content.js:160:3)
[  534685ms] ReferenceError: seeAllLinks is not defined
    at removeFriendsButtons (chrome-extension://pcimamnpccdapeaaejlbecdhiifdnllb/content.js:91:28)
    at updateRobloxHome (chrome-extension://pcimamnpccdapeaaejlbecdhiifdnllb/content.js:160:3)
[  534687ms] ReferenceError: seeAllLinks is not defined
    at removeFriendsButtons (chrome-extension://pcimamnpccdapeaaejlbecdhiifdnllb/content.js:91:28)
    at updateRobloxHome (chrome-extension://pcimamnpccdapeaaejlbecdhiifdnllb/content.js:160:3)
[  534689ms] ReferenceError: seeAllLinks is not defined
    at removeFriendsButtons (chrome-extension://pcimamnpccdapeaaejlbecdhiifdnllb/content.js:91:28)
    at updateRobloxHome (chrome-extension://pcimamnpccdapeaaejlbecdhiifdnllb/content.js:160:3)
[  534690ms] ReferenceError: seeAllLinks is not defined
    at removeFriendsButtons (chrome-extension://pcimamnpccdapeaaejlbecdhiifdnllb/content.js:91:28)
    at updateRobloxHome (chrome-extension://pcimamnpccdapeaaejlbecdhiifdnllb/content.js:160:3)
[  534692ms] ReferenceError: seeAllLinks is not defined
    at removeFriendsButtons (chrome-extension://pcimamnpccdapeaaejlbecdhiifdnllb/content.js:91:28)
    at updateRobloxHome (chrome-extension://pcimamnpccdapeaaejlbecdhiifdnllb/content.js:160:3)
[  534694ms] ReferenceError: seeAllLinks is not defined
    at removeFriendsButtons (chrome-extension://pcimamnpccdapeaaejlbecdhiifdnllb/content.js:91:28)
    at updateRobloxHome (chrome-extension://pcimamnpccdapeaaejlbecdhiifdnllb/content.js:160:3)
[  534697ms] ReferenceError: seeAllLinks is not defined
    at removeFriendsButtons (chrome-extension://pcimamnpccdapeaaejlbecdhiifdnllb/content.js:91:28)
    at updateRobloxHome (chrome-extension://pcimamnpccdapeaaejlbecdhiifdnllb/content.js:160:3)
[  534699ms] ReferenceError: seeAllLinks is not defined
    at removeFriendsButtons (chrome-extension://pcimamnpccdapeaaejlbecdhiifdnllb/content.js:91:28)
    at updateRobloxHome (chrome-extension://pcimamnpccdapeaaejlbecdhiifdnllb/content.js:160:3)
[  534809ms] ReferenceError: seeAllLinks is not defined
    at removeFriendsButtons (chrome-extension://pcimamnpccdapeaaejlbecdhiifdnllb/content.js:91:28)
    at updateRobloxHome (chrome-extension://pcimamnpccdapeaaejlbecdhiifdnllb/content.js:160:3)
[  534812ms] ReferenceError: seeAllLinks is not defined
    at removeFriendsButtons (chrome-extension://pcimamnpccdapeaaejlbecdhiifdnllb/content.js:91:28)
    at updateRobloxHome (chrome-extension://pcimamnpccdapeaaejlbecdhiifdnllb/content.js:160:3)
[  534816ms] ReferenceError: seeAllLinks is not defined
    at removeFriendsButtons (chrome-extension://pcimamnpccdapeaaejlbecdhiifdnllb/content.js:91:28)
    at updateRobloxHome (chrome-extension://pcimamnpccdapeaaejlbecdhiifdnllb/content.js:160:3)
[  534818ms] ReferenceError: seeAllLinks is not defined
    at removeFriendsButtons (chrome-extension://pcimamnpccdapeaaejlbecdhiifdnllb/content.js:91:28)
    at updateRobloxHome (chrome-extension://pcimamnpccdapeaaejlbecdhiifdnllb/content.js:160:3)
[  534820ms] ReferenceError: seeAllLinks is not defined
    at removeFriendsButtons (chrome-extension://pcimamnpccdapeaaejlbecdhiifdnllb/content.js:91:28)
    at updateRobloxHome (chrome-extension://pcimamnpccdapeaaejlbecdhiifdnllb/content.js:160:3)
[  534822ms] ReferenceError: seeAllLinks is not defined
    at removeFriendsButtons (chrome-extension://pcimamnpccdapeaaejlbecdhiifdnllb/content.js:91:28)
    at updateRobloxHome (chrome-extension://pcimamnpccdapeaaejlbecdhiifdnllb/content.js:160:3)
[  534825ms] ReferenceError: seeAllLinks is not defined
    at removeFriendsButtons (chrome-extension://pcimamnpccdapeaaejlbecdhiifdnllb/content.js:91:28)
    at updateRobloxHome (chrome-extension://pcimamnpccdapeaaejlbecdhiifdnllb/content.js:160:3)
[  534827ms] ReferenceError: seeAllLinks is not defined
    at removeFriendsButtons (chrome-extension://pcimamnpccdapeaaejlbecdhiifdnllb/content.js:91:28)
    at updateRobloxHome (chrome-extension://pcimamnpccdapeaaejlbecdhiifdnllb/content.js:160:3)
[  534831ms] ReferenceError: seeAllLinks is not defined
    at removeFriendsButtons (chrome-extension://pcimamnpccdapeaaejlbecdhiifdnllb/content.js:91:28)
    at updateRobloxHome (chrome-extension://pcimamnpccdapeaaejlbecdhiifdnllb/content.js:160:3)
[  534858ms] ReferenceError: seeAllLinks is not defined
    at removeFriendsButtons (chrome-extension://pcimamnpccdapeaaejlbecdhiifdnllb/content.js:91:28)
    at updateRobloxHome (chrome-extension://pcimamnpccdapeaaejlbecdhiifdnllb/content.js:160:3)
[  534859ms] ReferenceError: seeAllLinks is not defined
    at removeFriendsButtons (chrome-extension://pcimamnpccdapeaaejlbecdhiifdnllb/content.js:91:28)
    at updateRobloxHome (chrome-extension://pcimamnpccdapeaaejlbecdhiifdnllb/content.js:160:3)
[  534862ms] ReferenceError: seeAllLinks is not defined
    at removeFriendsButtons (chrome-extension://pcimamnpccdapeaaejlbecdhiifdnllb/content.js:91:28)
    at updateRobloxHome (chrome-extension://pcimamnpccdapeaaejlbecdhiifdnllb/content.js:160:3)
[  534865ms] ReferenceError: seeAllLinks is not defined
    at removeFriendsButtons (chrome-extension://pcimamnpccdapeaaejlbecdhiifdnllb/content.js:91:28)
    at updateRobloxHome (chrome-extension://pcimamnpccdapeaaejlbecdhiifdnllb/content.js:160:3)
[  534867ms] ReferenceError: seeAllLinks is not defined
    at removeFriendsButtons (chrome-extension://pcimamnpccdapeaaejlbecdhiifdnllb/content.js:91:28)
    at updateRobloxHome (chrome-extension://pcimamnpccdapeaaejlbecdhiifdnllb/content.js:160:3)
[  534870ms] ReferenceError: seeAllLinks is not defined
    at removeFriendsButtons (chrome-extension://pcimamnpccdapeaaejlbecdhiifdnllb/content.js:91:28)
    at updateRobloxHome (chrome-extension://pcimamnpccdapeaaejlbecdhiifdnllb/content.js:160:3)
[  534871ms] ReferenceError: seeAllLinks is not defined
    at removeFriendsButtons (chrome-extension://pcimamnpccdapeaaejlbecdhiifdnllb/content.js:91:28)
    at updateRobloxHome (chrome-extension://pcimamnpccdapeaaejlbecdhiifdnllb/content.js:160:3)
[  534874ms] ReferenceError: seeAllLinks is not defined
    at removeFriendsButtons (chrome-extension://pcimamnpccdapeaaejlbecdhiifdnllb/content.js:91:28)
    at updateRobloxHome (chrome-extension://pcimamnpccdapeaaejlbecdhiifdnllb/content.js:160:3)
[  534876ms] ReferenceError: seeAllLinks is not defined
    at removeFriendsButtons (chrome-extension://pcimamnpccdapeaaejlbecdhiifdnllb/content.js:91:28)
    at updateRobloxHome (chrome-extension://pcimamnpccdapeaaejlbecdhiifdnllb/content.js:160:3)
[  534880ms] ReferenceError: seeAllLinks is not defined
    at removeFriendsButtons (chrome-extension://pcimamnpccdapeaaejlbecdhiifdnllb/content.js:91:28)
    at updateRobloxHome (chrome-extension://pcimamnpccdapeaaejlbecdhiifdnllb/content.js:160:3)
[  534883ms] ReferenceError: seeAllLinks is not defined
    at removeFriendsButtons (chrome-extension://pcimamnpccdapeaaejlbecdhiifdnllb/content.js:91:28)
    at updateRobloxHome (chrome-extension://pcimamnpccdapeaaejlbecdhiifdnllb/content.js:160:3)
[  534886ms] ReferenceError: seeAllLinks is not defined
    at removeFriendsButtons (chrome-extension://pcimamnpccdapeaaejlbecdhiifdnllb/content.js:91:28)
    at updateRobloxHome (chrome-extension://pcimamnpccdapeaaejlbecdhiifdnllb/content.js:160:3)
[  534887ms] ReferenceError: seeAllLinks is not defined
    at removeFriendsButtons (chrome-extension://pcimamnpccdapeaaejlbecdhiifdnllb/content.js:91:28)
    at updateRobloxHome (chrome-extension://pcimamnpccdapeaaejlbecdhiifdnllb/content.js:160:3)
[  534890ms] ReferenceError: seeAllLinks is not defined
    at removeFriendsButtons (chrome-extension://pcimamnpccdapeaaejlbecdhiifdnllb/content.js:91:28)
    at updateRobloxHome (chrome-extension://pcimamnpccdapeaaejlbecdhiifdnllb/content.js:160:3)
[  534892ms] ReferenceError: seeAllLinks is not defined
    at removeFriendsButtons (chrome-extension://pcimamnpccdapeaaejlbecdhiifdnllb/content.js:91:28)
    at updateRobloxHome (chrome-extension://pcimamnpccdapeaaejlbecdhiifdnllb/content.js:160:3)
[  534895ms] ReferenceError: seeAllLinks is not defined
    at removeFriendsButtons (chrome-extension://pcimamnpccdapeaaejlbecdhiifdnllb/content.js:91:28)
    at updateRobloxHome (chrome-extension://pcimamnpccdapeaaejlbecdhiifdnllb/content.js:160:3)
[  534900ms] ReferenceError: seeAllLinks is not defined
    at removeFriendsButtons (chrome-extension://pcimamnpccdapeaaejlbecdhiifdnllb/content.js:91:28)
    at updateRobloxHome (chrome-extension://pcimamnpccdapeaaejlbecdhiifdnllb/content.js:160:3)
[  534904ms] ReferenceError: seeAllLinks is not defined
    at removeFriendsButtons (chrome-extension://pcimamnpccdapeaaejlbecdhiifdnllb/content.js:91:28)
    at updateRobloxHome (chrome-extension://pcimamnpccdapeaaejlbecdhiifdnllb/content.js:160:3)
[  534906ms] ReferenceError: seeAllLinks is not defined
    at removeFriendsButtons (chrome-extension://pcimamnpccdapeaaejlbecdhiifdnllb/content.js:91:28)
    at updateRobloxHome (chrome-extension://pcimamnpccdapeaaejlbecdhiifdnllb/content.js:160:3)
[  534908ms] ReferenceError: seeAllLinks is not defined
    at removeFriendsButtons (chrome-extension://pcimamnpccdapeaaejlbecdhiifdnllb/content.js:91:28)
    at updateRobloxHome (chrome-extension://pcimamnpccdapeaaejlbecdhiifdnllb/content.js:160:3)
[  534911ms] ReferenceError: seeAllLinks is not defined
    at removeFriendsButtons (chrome-extension://pcimamnpccdapeaaejlbecdhiifdnllb/content.js:91:28)
    at updateRobloxHome (chrome-extension://pcimamnpccdapeaaejlbecdhiifdnllb/content.js:160:3)
[  534915ms] ReferenceError: seeAllLinks is not defined
    at removeFriendsButtons (chrome-extension://pcimamnpccdapeaaejlbecdhiifdnllb/content.js:91:28)
    at updateRobloxHome (chrome-extension://pcimamnpccdapeaaejlbecdhiifdnllb/content.js:160:3)
[  534918ms] ReferenceError: seeAllLinks is not defined
    at removeFriendsButtons (chrome-extension://pcimamnpccdapeaaejlbecdhiifdnllb/content.js:91:28)
    at updateRobloxHome (chrome-extension://pcimamnpccdapeaaejlbecdhiifdnllb/content.js:160:3)
[  534922ms] ReferenceError: seeAllLinks is not defined
    at removeFriendsButtons (chrome-extension://pcimamnpccdapeaaejlbecdhiifdnllb/content.js:91:28)
    at updateRobloxHome (chrome-extension://pcimamnpccdapeaaejlbecdhiifdnllb/content.js:160:3)
[  534925ms] ReferenceError: seeAllLinks is not defined
    at removeFriendsButtons (chrome-extension://pcimamnpccdapeaaejlbecdhiifdnllb/content.js:91:28)
    at updateRobloxHome (chrome-extension://pcimamnpccdapeaaejlbecdhiifdnllb/content.js:160:3)
[  534927ms] ReferenceError: seeAllLinks is not defined
    at removeFriendsButtons (chrome-extension://pcimamnpccdapeaaejlbecdhiifdnllb/content.js:91:28)
    at updateRobloxHome (chrome-extension://pcimamnpccdapeaaejlbecdhiifdnllb/content.js:160:3)
[  534930ms] ReferenceError: seeAllLinks is not defined
    at removeFriendsButtons (chrome-extension://pcimamnpccdapeaaejlbecdhiifdnllb/content.js:91:28)
    at updateRobloxHome (chrome-extension://pcimamnpccdapeaaejlbecdhiifdnllb/content.js:160:3)
[  534933ms] ReferenceError: seeAllLinks is not defined
    at removeFriendsButtons (chrome-extension://pcimamnpccdapeaaejlbecdhiifdnllb/content.js:91:28)
    at updateRobloxHome (chrome-extension://pcimamnpccdapeaaejlbecdhiifdnllb/content.js:160:3)
[  534936ms] ReferenceError: seeAllLinks is not defined
    at removeFriendsButtons (chrome-extension://pcimamnpccdapeaaejlbecdhiifdnllb/content.js:91:28)
    at updateRobloxHome (chrome-extension://pcimamnpccdapeaaejlbecdhiifdnllb/content.js:160:3)
[  534939ms] ReferenceError: seeAllLinks is not defined
    at removeFriendsButtons (chrome-extension://pcimamnpccdapeaaejlbecdhiifdnllb/content.js:91:28)
    at updateRobloxHome (chrome-extension://pcimamnpccdapeaaejlbecdhiifdnllb/content.js:160:3)
[  534942ms] ReferenceError: seeAllLinks is not defined
    at removeFriendsButtons (chrome-extension://pcimamnpccdapeaaejlbecdhiifdnllb/content.js:91:28)
    at updateRobloxHome (chrome-extension://pcimamnpccdapeaaejlbecdhiifdnllb/content.js:160:3)
[  534945ms] ReferenceError: seeAllLinks is not defined
    at removeFriendsButtons (chrome-extension://pcimamnpccdapeaaejlbecdhiifdnllb/content.js:91:28)
    at updateRobloxHome (chrome-extension://pcimamnpccdapeaaejlbecdhiifdnllb/content.js:160:3)
[  534950ms] ReferenceError: seeAllLinks is not defined
    at removeFriendsButtons (chrome-extension://pcimamnpccdapeaaejlbecdhiifdnllb/content.js:91:28)
    at updateRobloxHome (chrome-extension://pcimamnpccdapeaaejlbecdhiifdnllb/content.js:160:3)
[  534953ms] ReferenceError: seeAllLinks is not defined
    at removeFriendsButtons (chrome-extension://pcimamnpccdapeaaejlbecdhiifdnllb/content.js:91:28)
    at updateRobloxHome (chrome-extension://pcimamnpccdapeaaejlbecdhiifdnllb/content.js:160:3)
[  534983ms] ReferenceError: seeAllLinks is not defined
    at removeFriendsButtons (chrome-extension://pcimamnpccdapeaaejlbecdhiifdnllb/content.js:91:28)
    at updateRobloxHome (chrome-extension://pcimamnpccdapeaaejlbecdhiifdnllb/content.js:160:3)
[  534985ms] ReferenceError: seeAllLinks is not defined
    at removeFriendsButtons (chrome-extension://pcimamnpccdapeaaejlbecdhiifdnllb/content.js:91:28)
    at updateRobloxHome (chrome-extension://pcimamnpccdapeaaejlbecdhiifdnllb/content.js:160:3)
[  534987ms] ReferenceError: seeAllLinks is not defined
    at removeFriendsButtons (chrome-extension://pcimamnpccdapeaaejlbecdhiifdnllb/content.js:91:28)
    at updateRobloxHome (chrome-extension://pcimamnpccdapeaaejlbecdhiifdnllb/content.js:160:3)
[  534989ms] ReferenceError: seeAllLinks is not defined
    at removeFriendsButtons (chrome-extension://pcimamnpccdapeaaejlbecdhiifdnllb/content.js:91:28)
    at updateRobloxHome (chrome-extension://pcimamnpccdapeaaejlbecdhiifdnllb/content.js:160:3)
[  534991ms] ReferenceError: seeAllLinks is not defined
    at removeFriendsButtons (chrome-extension://pcimamnpccdapeaaejlbecdhiifdnllb/content.js:91:28)
    at updateRobloxHome (chrome-extension://pcimamnpccdapeaaejlbecdhiifdnllb/content.js:160:3)
[  534994ms] ReferenceError: seeAllLinks is not defined
    at removeFriendsButtons (chrome-extension://pcimamnpccdapeaaejlbecdhiifdnllb/content.js:91:28)
    at updateRobloxHome (chrome-extension://pcimamnpccdapeaaejlbecdhiifdnllb/content.js:160:3)
[  534997ms] ReferenceError: seeAllLinks is not defined
    at removeFriendsButtons (chrome-extension://pcimamnpccdapeaaejlbecdhiifdnllb/content.js:91:28)
    at updateRobloxHome (chrome-extension://pcimamnpccdapeaaejlbecdhiifdnllb/content.js:160:3)
[  535000ms] ReferenceError: seeAllLinks is not defined
    at removeFriendsButtons (chrome-extension://pcimamnpccdapeaaejlbecdhiifdnllb/content.js:91:28)
    at updateRobloxHome (chrome-extension://pcimamnpccdapeaaejlbecdhiifdnllb/content.js:160:3)
[  535002ms] ReferenceError: seeAllLinks is not defined
    at removeFriendsButtons (chrome-extension://pcimamnpccdapeaaejlbecdhiifdnllb/content.js:91:28)
    at updateRobloxHome (chrome-extension://pcimamnpccdapeaaejlbecdhiifdnllb/content.js:160:3)
[  535004ms] ReferenceError: seeAllLinks is not defined
    at removeFriendsButtons (chrome-extension://pcimamnpccdapeaaejlbecdhiifdnllb/content.js:91:28)
    at updateRobloxHome (chrome-extension://pcimamnpccdapeaaejlbecdhiifdnllb/content.js:160:3)
[  535007ms] ReferenceError: seeAllLinks is not defined
    at removeFriendsButtons (chrome-extension://pcimamnpccdapeaaejlbecdhiifdnllb/content.js:91:28)
    at updateRobloxHome (chrome-extension://pcimamnpccdapeaaejlbecdhiifdnllb/content.js:160:3)
[  535009ms] ReferenceError: seeAllLinks is not defined
    at removeFriendsButtons (chrome-extension://pcimamnpccdapeaaejlbecdhiifdnllb/content.js:91:28)
    at updateRobloxHome (chrome-extension://pcimamnpccdapeaaejlbecdhiifdnllb/content.js:160:3)
[  535013ms] ReferenceError: seeAllLinks is not defined
    at removeFriendsButtons (chrome-extension://pcimamnpccdapeaaejlbecdhiifdnllb/content.js:91:28)
    at updateRobloxHome (chrome-extension://pcimamnpccdapeaaejlbecdhiifdnllb/content.js:160:3)
[  535017ms] ReferenceError: seeAllLinks is not defined
    at removeFriendsButtons (chrome-extension://pcimamnpccdapeaaejlbecdhiifdnllb/content.js:91:28)
    at updateRobloxHome (chrome-extension://pcimamnpccdapeaaejlbecdhiifdnllb/content.js:160:3)
[  535021ms] ReferenceError: seeAllLinks is not defined
    at removeFriendsButtons (chrome-extension://pcimamnpccdapeaaejlbecdhiifdnllb/content.js:91:28)
    at updateRobloxHome (chrome-extension://pcimamnpccdapeaaejlbecdhiifdnllb/content.js:160:3)
[  535024ms] ReferenceError: seeAllLinks is not defined
    at removeFriendsButtons (chrome-extension://pcimamnpccdapeaaejlbecdhiifdnllb/content.js:91:28)
    at updateRobloxHome (chrome-extension://pcimamnpccdapeaaejlbecdhiifdnllb/content.js:160:3)
[  535030ms] ReferenceError: seeAllLinks is not defined
    at removeFriendsButtons (chrome-extension://pcimamnpccdapeaaejlbecdhiifdnllb/content.js:91:28)
    at updateRobloxHome (chrome-extension://pcimamnpccdapeaaejlbecdhiifdnllb/content.js:160:3)
[  535032ms] ReferenceError: seeAllLinks is not defined
    at removeFriendsButtons (chrome-extension://pcimamnpccdapeaaejlbecdhiifdnllb/content.js:91:28)
    at updateRobloxHome (chrome-extension://pcimamnpccdapeaaejlbecdhiifdnllb/content.js:160:3)
[  535034ms] ReferenceError: seeAllLinks is not defined
    at removeFriendsButtons (chrome-extension://pcimamnpccdapeaaejlbecdhiifdnllb/content.js:91:28)
    at updateRobloxHome (chrome-extension://pcimamnpccdapeaaejlbecdhiifdnllb/content.js:160:3)
[  535039ms] ReferenceError: seeAllLinks is not defined
    at removeFriendsButtons (chrome-extension://pcimamnpccdapeaaejlbecdhiifdnllb/content.js:91:28)
    at updateRobloxHome (chrome-extension://pcimamnpccdapeaaejlbecdhiifdnllb/content.js:160:3)
[  535042ms] ReferenceError: seeAllLinks is not defined
    at removeFriendsButtons (chrome-extension://pcimamnpccdapeaaejlbecdhiifdnllb/content.js:91:28)
    at updateRobloxHome (chrome-extension://pcimamnpccdapeaaejlbecdhiifdnllb/content.js:160:3)
[  535047ms] ReferenceError: seeAllLinks is not defined
    at removeFriendsButtons (chrome-extension://pcimamnpccdapeaaejlbecdhiifdnllb/content.js:91:28)
    at updateRobloxHome (chrome-extension://pcimamnpccdapeaaejlbecdhiifdnllb/content.js:160:3)
[  535049ms] ReferenceError: seeAllLinks is not defined
    at removeFriendsButtons (chrome-extension://pcimamnpccdapeaaejlbecdhiifdnllb/content.js:91:28)
    at updateRobloxHome (chrome-extension://pcimamnpccdapeaaejlbecdhiifdnllb/content.js:160:3)
[  535052ms] ReferenceError: seeAllLinks is not defined
    at removeFriendsButtons (chrome-extension://pcimamnpccdapeaaejlbecdhiifdnllb/content.js:91:28)
    at updateRobloxHome (chrome-extension://pcimamnpccdapeaaejlbecdhiifdnllb/content.js:160:3)
[  535055ms] ReferenceError: seeAllLinks is not defined
    at removeFriendsButtons (chrome-extension://pcimamnpccdapeaaejlbecdhiifdnllb/content.js:91:28)
    at updateRobloxHome (chrome-extension://pcimamnpccdapeaaejlbecdhiifdnllb/content.js:160:3)
[  535058ms] ReferenceError: seeAllLinks is not defined
    at removeFriendsButtons (chrome-extension://pcimamnpccdapeaaejlbecdhiifdnllb/content.js:91:28)
    at updateRobloxHome (chrome-extension://pcimamnpccdapeaaejlbecdhiifdnllb/content.js:160:3)
[  535060ms] ReferenceError: seeAllLinks is not defined
    at removeFriendsButtons (chrome-extension://pcimamnpccdapeaaejlbecdhiifdnllb/content.js:91:28)
    at updateRobloxHome (chrome-extension://pcimamnpccdapeaaejlbecdhiifdnllb/content.js:160:3)
[  535064ms] ReferenceError: seeAllLinks is not defined
    at removeFriendsButtons (chrome-extension://pcimamnpccdapeaaejlbecdhiifdnllb/content.js:91:28)
    at updateRobloxHome (chrome-extension://pcimamnpccdapeaaejlbecdhiifdnllb/content.js:160:3)
[  535066ms] ReferenceError: seeAllLinks is not defined
    at removeFriendsButtons (chrome-extension://pcimamnpccdapeaaejlbecdhiifdnllb/content.js:91:28)
    at updateRobloxHome (chrome-extension://pcimamnpccdapeaaejlbecdhiifdnllb/content.js:160:3)
[  535068ms] ReferenceError: seeAllLinks is not defined
    at removeFriendsButtons (chrome-extension://pcimamnpccdapeaaejlbecdhiifdnllb/content.js:91:28)
    at updateRobloxHome (chrome-extension://pcimamnpccdapeaaejlbecdhiifdnllb/content.js:160:3)
[  535070ms] ReferenceError: seeAllLinks is not defined
    at removeFriendsButtons (chrome-extension://pcimamnpccdapeaaejlbecdhiifdnllb/content.js:91:28)
    at updateRobloxHome (chrome-extension://pcimamnpccdapeaaejlbecdhiifdnllb/content.js:160:3)
[  535078ms] ReferenceError: seeAllLinks is not defined
    at removeFriendsButtons (chrome-extension://pcimamnpccdapeaaejlbecdhiifdnllb/content.js:91:28)
    at updateRobloxHome (chrome-extension://pcimamnpccdapeaaejlbecdhiifdnllb/content.js:160:3)
[  535115ms] ReferenceError: seeAllLinks is not defined
    at removeFriendsButtons (chrome-extension://pcimamnpccdapeaaejlbecdhiifdnllb/content.js:91:28)
    at updateRobloxHome (chrome-extension://pcimamnpccdapeaaejlbecdhiifdnllb/content.js:160:3)
[  535117ms] ReferenceError: seeAllLinks is not defined
    at removeFriendsButtons (chrome-extension://pcimamnpccdapeaaejlbecdhiifdnllb/content.js:91:28)
    at updateRobloxHome (chrome-extension://pcimamnpccdapeaaejlbecdhiifdnllb/content.js:160:3)
[  535119ms] ReferenceError: seeAllLinks is not defined
    at removeFriendsButtons (chrome-extension://pcimamnpccdapeaaejlbecdhiifdnllb/content.js:91:28)
    at updateRobloxHome (chrome-extension://pcimamnpccdapeaaejlbecdhiifdnllb/content.js:160:3)
[  535122ms] ReferenceError: seeAllLinks is not defined
    at removeFriendsButtons (chrome-extension://pcimamnpccdapeaaejlbecdhiifdnllb/content.js:91:28)
    at updateRobloxHome (chrome-extension://pcimamnpccdapeaaejlbecdhiifdnllb/content.js:160:3)
[  535125ms] ReferenceError: seeAllLinks is not defined
    at removeFriendsButtons (chrome-extension://pcimamnpccdapeaaejlbecdhiifdnllb/content.js:91:28)
    at updateRobloxHome (chrome-extension://pcimamnpccdapeaaejlbecdhiifdnllb/content.js:160:3)
[  535127ms] ReferenceError: seeAllLinks is not defined
    at removeFriendsButtons (chrome-extension://pcimamnpccdapeaaejlbecdhiifdnllb/content.js:91:28)
    at updateRobloxHome (chrome-extension://pcimamnpccdapeaaejlbecdhiifdnllb/content.js:160:3)
[  535131ms] ReferenceError: seeAllLinks is not defined
    at removeFriendsButtons (chrome-extension://pcimamnpccdapeaaejlbecdhiifdnllb/content.js:91:28)
    at updateRobloxHome (chrome-extension://pcimamnpccdapeaaejlbecdhiifdnllb/content.js:160:3)
[  535133ms] ReferenceError: seeAllLinks is not defined
    at removeFriendsButtons (chrome-extension://pcimamnpccdapeaaejlbecdhiifdnllb/content.js:91:28)
    at updateRobloxHome (chrome-extension://pcimamnpccdapeaaejlbecdhiifdnllb/content.js:160:3)
[  535136ms] ReferenceError: seeAllLinks is not defined
    at removeFriendsButtons (chrome-extension://pcimamnpccdapeaaejlbecdhiifdnllb/content.js:91:28)
    at updateRobloxHome (chrome-extension://pcimamnpccdapeaaejlbecdhiifdnllb/content.js:160:3)
[  535138ms] ReferenceError: seeAllLinks is not defined
    at removeFriendsButtons (chrome-extension://pcimamnpccdapeaaejlbecdhiifdnllb/content.js:91:28)
    at updateRobloxHome (chrome-extension://pcimamnpccdapeaaejlbecdhiifdnllb/content.js:160:3)
[  535144ms] ReferenceError: seeAllLinks is not defined
    at removeFriendsButtons (chrome-extension://pcimamnpccdapeaaejlbecdhiifdnllb/content.js:91:28)
    at updateRobloxHome (chrome-extension://pcimamnpccdapeaaejlbecdhiifdnllb/content.js:160:3)
[  535147ms] ReferenceError: seeAllLinks is not defined
    at removeFriendsButtons (chrome-extension://pcimamnpccdapeaaejlbecdhiifdnllb/content.js:91:28)
    at updateRobloxHome (chrome-extension://pcimamnpccdapeaaejlbecdhiifdnllb/content.js:160:3)
[  535149ms] ReferenceError: seeAllLinks is not defined
    at removeFriendsButtons (chrome-extension://pcimamnpccdapeaaejlbecdhiifdnllb/content.js:91:28)
    at updateRobloxHome (chrome-extension://pcimamnpccdapeaaejlbecdhiifdnllb/content.js:160:3)
[  535151ms] ReferenceError: seeAllLinks is not defined
    at removeFriendsButtons (chrome-extension://pcimamnpccdapeaaejlbecdhiifdnllb/content.js:91:28)
    at updateRobloxHome (chrome-extension://pcimamnpccdapeaaejlbecdhiifdnllb/content.js:160:3)
[  535154ms] ReferenceError: seeAllLinks is not defined
    at removeFriendsButtons (chrome-extension://pcimamnpccdapeaaejlbecdhiifdnllb/content.js:91:28)
    at updateRobloxHome (chrome-extension://pcimamnpccdapeaaejlbecdhiifdnllb/content.js:160:3)
[  535156ms] ReferenceError: seeAllLinks is not defined
    at removeFriendsButtons (chrome-extension://pcimamnpccdapeaaejlbecdhiifdnllb/content.js:91:28)
    at updateRobloxHome (chrome-extension://pcimamnpccdapeaaejlbecdhiifdnllb/content.js:160:3)
[  535158ms] ReferenceError: seeAllLinks is not defined
    at removeFriendsButtons (chrome-extension://pcimamnpccdapeaaejlbecdhiifdnllb/content.js:91:28)
    at updateRobloxHome (chrome-extension://pcimamnpccdapeaaejlbecdhiifdnllb/content.js:160:3)
[  535160ms] ReferenceError: seeAllLinks is not defined
    at removeFriendsButtons (chrome-extension://pcimamnpccdapeaaejlbecdhiifdnllb/content.js:91:28)
    at updateRobloxHome (chrome-extension://pcimamnpccdapeaaejlbecdhiifdnllb/content.js:160:3)
[  535164ms] ReferenceError: seeAllLinks is not defined
    at removeFriendsButtons (chrome-extension://pcimamnpccdapeaaejlbecdhiifdnllb/content.js:91:28)
    at updateRobloxHome (chrome-extension://pcimamnpccdapeaaejlbecdhiifdnllb/content.js:160:3)
[  535166ms] ReferenceError: seeAllLinks is not defined
    at removeFriendsButtons (chrome-extension://pcimamnpccdapeaaejlbecdhiifdnllb/content.js:91:28)
    at updateRobloxHome (chrome-extension://pcimamnpccdapeaaejlbecdhiifdnllb/content.js:160:3)
[  535169ms] ReferenceError: seeAllLinks is not defined
    at removeFriendsButtons (chrome-extension://pcimamnpccdapeaaejlbecdhiifdnllb/content.js:91:28)
    at updateRobloxHome (chrome-extension://pcimamnpccdapeaaejlbecdhiifdnllb/content.js:160:3)
[  535179ms] ReferenceError: seeAllLinks is not defined
    at removeFriendsButtons (chrome-extension://pcimamnpccdapeaaejlbecdhiifdnllb/content.js:91:28)
    at updateRobloxHome (chrome-extension://pcimamnpccdapeaaejlbecdhiifdnllb/content.js:160:3)
[  535183ms] ReferenceError: seeAllLinks is not defined
    at removeFriendsButtons (chrome-extension://pcimamnpccdapeaaejlbecdhiifdnllb/content.js:91:28)
    at updateRobloxHome (chrome-extension://pcimamnpccdapeaaejlbecdhiifdnllb/content.js:160:3)
[  535186ms] ReferenceError: seeAllLinks is not defined
    at removeFriendsButtons (chrome-extension://pcimamnpccdapeaaejlbecdhiifdnllb/content.js:91:28)
    at updateRobloxHome (chrome-extension://pcimamnpccdapeaaejlbecdhiifdnllb/content.js:160:3)
[  535194ms] ReferenceError: seeAllLinks is not defined
    at removeFriendsButtons (chrome-extension://pcimamnpccdapeaaejlbecdhiifdnllb/content.js:91:28)
    at updateRobloxHome (chrome-extension://pcimamnpccdapeaaejlbecdhiifdnllb/content.js:160:3)
[  535195ms] ReferenceError: seeAllLinks is not defined
    at removeFriendsButtons (chrome-extension://pcimamnpccdapeaaejlbecdhiifdnllb/content.js:91:28)
    at updateRobloxHome (chrome-extension://pcimamnpccdapeaaejlbecdhiifdnllb/content.js:160:3)
[  535197ms] ReferenceError: seeAllLinks is not defined
    at removeFriendsButtons (chrome-extension://pcimamnpccdapeaaejlbecdhiifdnllb/content.js:91:28)
    at updateRobloxHome (chrome-extension://pcimamnpccdapeaaejlbecdhiifdnllb/content.js:160:3)
[  535200ms] ReferenceError: seeAllLinks is not defined
    at removeFriendsButtons (chrome-extension://pcimamnpccdapeaaejlbecdhiifdnllb/content.js:91:28)
    at updateRobloxHome (chrome-extension://pcimamnpccdapeaaejlbecdhiifdnllb/content.js:160:3)
[  535202ms] ReferenceError: seeAllLinks is not defined
    at removeFriendsButtons (chrome-extension://pcimamnpccdapeaaejlbecdhiifdnllb/content.js:91:28)
    at updateRobloxHome (chrome-extension://pcimamnpccdapeaaejlbecdhiifdnllb/content.js:160:3)
[  535204ms] ReferenceError: seeAllLinks is not defined
    at removeFriendsButtons (chrome-extension://pcimamnpccdapeaaejlbecdhiifdnllb/content.js:91:28)
    at updateRobloxHome (chrome-extension://pcimamnpccdapeaaejlbecdhiifdnllb/content.js:160:3)
[  535206ms] ReferenceError: seeAllLinks is not defined
    at removeFriendsButtons (chrome-extension://pcimamnpccdapeaaejlbecdhiifdnllb/content.js:91:28)
    at updateRobloxHome (chrome-extension://pcimamnpccdapeaaejlbecdhiifdnllb/content.js:160:3)
[  535208ms] ReferenceError: seeAllLinks is not defined
    at removeFriendsButtons (chrome-extension://pcimamnpccdapeaaejlbecdhiifdnllb/content.js:91:28)
    at updateRobloxHome (chrome-extension://pcimamnpccdapeaaejlbecdhiifdnllb/content.js:160:3)
[  535210ms] ReferenceError: seeAllLinks is not defined
    at removeFriendsButtons (chrome-extension://pcimamnpccdapeaaejlbecdhiifdnllb/content.js:91:28)
    at updateRobloxHome (chrome-extension://pcimamnpccdapeaaejlbecdhiifdnllb/content.js:160:3)
[  535238ms] ReferenceError: seeAllLinks is not defined
    at removeFriendsButtons (chrome-extension://pcimamnpccdapeaaejlbecdhiifdnllb/content.js:91:28)
    at updateRobloxHome (chrome-extension://pcimamnpccdapeaaejlbecdhiifdnllb/content.js:160:3)
[  535240ms] ReferenceError: seeAllLinks is not defined
    at removeFriendsButtons (chrome-extension://pcimamnpccdapeaaejlbecdhiifdnllb/content.js:91:28)
    at updateRobloxHome (chrome-extension://pcimamnpccdapeaaejlbecdhiifdnllb/content.js:160:3)
[  535243ms] ReferenceError: seeAllLinks is not defined
    at removeFriendsButtons (chrome-extension://pcimamnpccdapeaaejlbecdhiifdnllb/content.js:91:28)
    at updateRobloxHome (chrome-extension://pcimamnpccdapeaaejlbecdhiifdnllb/content.js:160:3)
[  535246ms] ReferenceError: seeAllLinks is not defined
    at removeFriendsButtons (chrome-extension://pcimamnpccdapeaaejlbecdhiifdnllb/content.js:91:28)
    at updateRobloxHome (chrome-extension://pcimamnpccdapeaaejlbecdhiifdnllb/content.js:160:3)
[  535249ms] ReferenceError: seeAllLinks is not defined
    at removeFriendsButtons (chrome-extension://pcimamnpccdapeaaejlbecdhiifdnllb/content.js:91:28)
    at updateRobloxHome (chrome-extension://pcimamnpccdapeaaejlbecdhiifdnllb/content.js:160:3)
[  535252ms] ReferenceError: seeAllLinks is not defined
    at removeFriendsButtons (chrome-extension://pcimamnpccdapeaaejlbecdhiifdnllb/content.js:91:28)
    at updateRobloxHome (chrome-extension://pcimamnpccdapeaaejlbecdhiifdnllb/content.js:160:3)
[  535255ms] ReferenceError: seeAllLinks is not defined
    at removeFriendsButtons (chrome-extension://pcimamnpccdapeaaejlbecdhiifdnllb/content.js:91:28)
    at updateRobloxHome (chrome-extension://pcimamnpccdapeaaejlbecdhiifdnllb/content.js:160:3)
[  535258ms] ReferenceError: seeAllLinks is not defined
    at removeFriendsButtons (chrome-extension://pcimamnpccdapeaaejlbecdhiifdnllb/content.js:91:28)
    at updateRobloxHome (chrome-extension://pcimamnpccdapeaaejlbecdhiifdnllb/content.js:160:3)
[  535263ms] ReferenceError: seeAllLinks is not defined
    at removeFriendsButtons (chrome-extension://pcimamnpccdapeaaejlbecdhiifdnllb/content.js:91:28)
    at updateRobloxHome (chrome-extension://pcimamnpccdapeaaejlbecdhiifdnllb/content.js:160:3)
[  535264ms] ReferenceError: seeAllLinks is not defined
    at removeFriendsButtons (chrome-extension://pcimamnpccdapeaaejlbecdhiifdnllb/content.js:91:28)
    at updateRobloxHome (chrome-extension://pcimamnpccdapeaaejlbecdhiifdnllb/content.js:160:3)
[  535268ms] ReferenceError: seeAllLinks is not defined
    at removeFriendsButtons (chrome-extension://pcimamnpccdapeaaejlbecdhiifdnllb/content.js:91:28)
    at updateRobloxHome (chrome-extension://pcimamnpccdapeaaejlbecdhiifdnllb/content.js:160:3)
[  535271ms] ReferenceError: seeAllLinks is not defined
    at removeFriendsButtons (chrome-extension://pcimamnpccdapeaaejlbecdhiifdnllb/content.js:91:28)
    at updateRobloxHome (chrome-extension://pcimamnpccdapeaaejlbecdhiifdnllb/content.js:160:3)
[  535275ms] ReferenceError: seeAllLinks is not defined
    at removeFriendsButtons (chrome-extension://pcimamnpccdapeaaejlbecdhiifdnllb/content.js:91:28)
    at updateRobloxHome (chrome-extension://pcimamnpccdapeaaejlbecdhiifdnllb/content.js:160:3)
[  535278ms] ReferenceError: seeAllLinks is not defined
    at removeFriendsButtons (chrome-extension://pcimamnpccdapeaaejlbecdhiifdnllb/content.js:91:28)
    at updateRobloxHome (chrome-extension://pcimamnpccdapeaaejlbecdhiifdnllb/content.js:160:3)
[  535281ms] ReferenceError: seeAllLinks is not defined
    at removeFriendsButtons (chrome-extension://pcimamnpccdapeaaejlbecdhiifdnllb/content.js:91:28)
    at updateRobloxHome (chrome-extension://pcimamnpccdapeaaejlbecdhiifdnllb/content.js:160:3)
[  535284ms] ReferenceError: seeAllLinks is not defined
    at removeFriendsButtons (chrome-extension://pcimamnpccdapeaaejlbecdhiifdnllb/content.js:91:28)
    at updateRobloxHome (chrome-extension://pcimamnpccdapeaaejlbecdhiifdnllb/content.js:160:3)
[  535287ms] ReferenceError: seeAllLinks is not defined
    at removeFriendsButtons (chrome-extension://pcimamnpccdapeaaejlbecdhiifdnllb/content.js:91:28)
    at updateRobloxHome (chrome-extension://pcimamnpccdapeaaejlbecdhiifdnllb/content.js:160:3)
[  535290ms] ReferenceError: seeAllLinks is not defined
    at removeFriendsButtons (chrome-extension://pcimamnpccdapeaaejlbecdhiifdnllb/content.js:91:28)
    at updateRobloxHome (chrome-extension://pcimamnpccdapeaaejlbecdhiifdnllb/content.js:160:3)
[  535293ms] ReferenceError: seeAllLinks is not defined
    at removeFriendsButtons (chrome-extension://pcimamnpccdapeaaejlbecdhiifdnllb/content.js:91:28)
    at updateRobloxHome (chrome-extension://pcimamnpccdapeaaejlbecdhiifdnllb/content.js:160:3)
[  535297ms] ReferenceError: seeAllLinks is not defined
    at removeFriendsButtons (chrome-extension://pcimamnpccdapeaaejlbecdhiifdnllb/content.js:91:28)
    at updateRobloxHome (chrome-extension://pcimamnpccdapeaaejlbecdhiifdnllb/content.js:160:3)
[  535299ms] ReferenceError: seeAllLinks is not defined
    at removeFriendsButtons (chrome-extension://pcimamnpccdapeaaejlbecdhiifdnllb/content.js:91:28)
    at updateRobloxHome (chrome-extension://pcimamnpccdapeaaejlbecdhiifdnllb/content.js:160:3)
[  535302ms] ReferenceError: seeAllLinks is not defined
    at removeFriendsButtons (chrome-extension://pcimamnpccdapeaaejlbecdhiifdnllb/content.js:91:28)
    at updateRobloxHome (chrome-extension://pcimamnpccdapeaaejlbecdhiifdnllb/content.js:160:3)
[  535304ms] ReferenceError: seeAllLinks is not defined
    at removeFriendsButtons (chrome-extension://pcimamnpccdapeaaejlbecdhiifdnllb/content.js:91:28)
    at updateRobloxHome (chrome-extension://pcimamnpccdapeaaejlbecdhiifdnllb/content.js:160:3)
[  535307ms] ReferenceError: seeAllLinks is not defined
    at removeFriendsButtons (chrome-extension://pcimamnpccdapeaaejlbecdhiifdnllb/content.js:91:28)
    at updateRobloxHome (chrome-extension://pcimamnpccdapeaaejlbecdhiifdnllb/content.js:160:3)
[  535310ms] ReferenceError: seeAllLinks is not defined
    at removeFriendsButtons (chrome-extension://pcimamnpccdapeaaejlbecdhiifdnllb/content.js:91:28)
    at updateRobloxHome (chrome-extension://pcimamnpccdapeaaejlbecdhiifdnllb/content.js:160:3)
[  535313ms] ReferenceError: seeAllLinks is not defined
    at removeFriendsButtons (chrome-extension://pcimamnpccdapeaaejlbecdhiifdnllb/content.js:91:28)
    at updateRobloxHome (chrome-extension://pcimamnpccdapeaaejlbecdhiifdnllb/content.js:160:3)
[  535316ms] ReferenceError: seeAllLinks is not defined
    at removeFriendsButtons (chrome-extension://pcimamnpccdapeaaejlbecdhiifdnllb/content.js:91:28)
    at updateRobloxHome (chrome-extension://pcimamnpccdapeaaejlbecdhiifdnllb/content.js:160:3)
[  535319ms] ReferenceError: seeAllLinks is not defined
    at removeFriendsButtons (chrome-extension://pcimamnpccdapeaaejlbecdhiifdnllb/content.js:91:28)
    at updateRobloxHome (chrome-extension://pcimamnpccdapeaaejlbecdhiifdnllb/content.js:160:3)
[  535322ms] ReferenceError: seeAllLinks is not defined
    at removeFriendsButtons (chrome-extension://pcimamnpccdapeaaejlbecdhiifdnllb/content.js:91:28)
    at updateRobloxHome (chrome-extension://pcimamnpccdapeaaejlbecdhiifdnllb/content.js:160:3)
[  535324ms] ReferenceError: seeAllLinks is not defined
    at removeFriendsButtons (chrome-extension://pcimamnpccdapeaaejlbecdhiifdnllb/content.js:91:28)
    at updateRobloxHome (chrome-extension://pcimamnpccdapeaaejlbecdhiifdnllb/content.js:160:3)
[  535327ms] ReferenceError: seeAllLinks is not defined
    at removeFriendsButtons (chrome-extension://pcimamnpccdapeaaejlbecdhiifdnllb/content.js:91:28)
    at updateRobloxHome (chrome-extension://pcimamnpccdapeaaejlbecdhiifdnllb/content.js:160:3)
[  535329ms] ReferenceError: seeAllLinks is not defined
    at removeFriendsButtons (chrome-extension://pcimamnpccdapeaaejlbecdhiifdnllb/content.js:91:28)
    at updateRobloxHome (chrome-extension://pcimamnpccdapeaaejlbecdhiifdnllb/content.js:160:3)
[  535334ms] ReferenceError: seeAllLinks is not defined
    at removeFriendsButtons (chrome-extension://pcimamnpccdapeaaejlbecdhiifdnllb/content.js:91:28)
    at updateRobloxHome (chrome-extension://pcimamnpccdapeaaejlbecdhiifdnllb/content.js:160:3)
[  535337ms] ReferenceError: seeAllLinks is not defined
    at removeFriendsButtons (chrome-extension://pcimamnpccdapeaaejlbecdhiifdnllb/content.js:91:28)
    at updateRobloxHome (chrome-extension://pcimamnpccdapeaaejlbecdhiifdnllb/content.js:160:3)
[  535365ms] ReferenceError: seeAllLinks is not defined
    at removeFriendsButtons (chrome-extension://pcimamnpccdapeaaejlbecdhiifdnllb/content.js:91:28)
    at updateRobloxHome (chrome-extension://pcimamnpccdapeaaejlbecdhiifdnllb/content.js:160:3)
[  535368ms] ReferenceError: seeAllLinks is not defined
    at removeFriendsButtons (chrome-extension://pcimamnpccdapeaaejlbecdhiifdnllb/content.js:91:28)
    at updateRobloxHome (chrome-extension://pcimamnpccdapeaaejlbecdhiifdnllb/content.js:160:3)
[  535371ms] ReferenceError: seeAllLinks is not defined
    at removeFriendsButtons (chrome-extension://pcimamnpccdapeaaejlbecdhiifdnllb/content.js:91:28)
    at updateRobloxHome (chrome-extension://pcimamnpccdapeaaejlbecdhiifdnllb/content.js:160:3)
[  535372ms] ReferenceError: seeAllLinks is not defined
    at removeFriendsButtons (chrome-extension://pcimamnpccdapeaaejlbecdhiifdnllb/content.js:91:28)
    at updateRobloxHome (chrome-extension://pcimamnpccdapeaaejlbecdhiifdnllb/content.js:160:3)
[  535374ms] ReferenceError: seeAllLinks is not defined
    at removeFriendsButtons (chrome-extension://pcimamnpccdapeaaejlbecdhiifdnllb/content.js:91:28)
    at updateRobloxHome (chrome-extension://pcimamnpccdapeaaejlbecdhiifdnllb/content.js:160:3)
[  535375ms] ReferenceError: seeAllLinks is not defined
    at removeFriendsButtons (chrome-extension://pcimamnpccdapeaaejlbecdhiifdnllb/content.js:91:28)
    at updateRobloxHome (chrome-extension://pcimamnpccdapeaaejlbecdhiifdnllb/content.js:160:3)
[  535377ms] ReferenceError: seeAllLinks is not defined
    at removeFriendsButtons (chrome-extension://pcimamnpccdapeaaejlbecdhiifdnllb/content.js:91:28)
    at updateRobloxHome (chrome-extension://pcimamnpccdapeaaejlbecdhiifdnllb/content.js:160:3)
[  535379ms] ReferenceError: seeAllLinks is not defined
    at removeFriendsButtons (chrome-extension://pcimamnpccdapeaaejlbecdhiifdnllb/content.js:91:28)
    at updateRobloxHome (chrome-extension://pcimamnpccdapeaaejlbecdhiifdnllb/content.js:160:3)
[  535384ms] ReferenceError: seeAllLinks is not defined
    at removeFriendsButtons (chrome-extension://pcimamnpccdapeaaejlbecdhiifdnllb/content.js:91:28)
    at updateRobloxHome (chrome-extension://pcimamnpccdapeaaejlbecdhiifdnllb/content.js:160:3)
[  535389ms] ReferenceError: seeAllLinks is not defined
    at removeFriendsButtons (chrome-extension://pcimamnpccdapeaaejlbecdhiifdnllb/content.js:91:28)
    at updateRobloxHome (chrome-extension://pcimamnpccdapeaaejlbecdhiifdnllb/content.js:160:3)
[  535392ms] ReferenceError: seeAllLinks is not defined
    at removeFriendsButtons (chrome-extension://pcimamnpccdapeaaejlbecdhiifdnllb/content.js:91:28)
    at updateRobloxHome (chrome-extension://pcimamnpccdapeaaejlbecdhiifdnllb/content.js:160:3)
[  535397ms] ReferenceError: seeAllLinks is not defined
    at removeFriendsButtons (chrome-extension://pcimamnpccdapeaaejlbecdhiifdnllb/content.js:91:28)
    at updateRobloxHome (chrome-extension://pcimamnpccdapeaaejlbecdhiifdnllb/content.js:160:3)
[  535401ms] ReferenceError: seeAllLinks is not defined
    at removeFriendsButtons (chrome-extension://pcimamnpccdapeaaejlbecdhiifdnllb/content.js:91:28)
    at updateRobloxHome (chrome-extension://pcimamnpccdapeaaejlbecdhiifdnllb/content.js:160:3)
[  535402ms] ReferenceError: seeAllLinks is not defined
    at removeFriendsButtons (chrome-extension://pcimamnpccdapeaaejlbecdhiifdnllb/content.js:91:28)
    at updateRobloxHome (chrome-extension://pcimamnpccdapeaaejlbecdhiifdnllb/content.js:160:3)
[  535405ms] ReferenceError: seeAllLinks is not defined
    at removeFriendsButtons (chrome-extension://pcimamnpccdapeaaejlbecdhiifdnllb/content.js:91:28)
    at updateRobloxHome (chrome-extension://pcimamnpccdapeaaejlbecdhiifdnllb/content.js:160:3)
[  535407ms] ReferenceError: seeAllLinks is not defined
    at removeFriendsButtons (chrome-extension://pcimamnpccdapeaaejlbecdhiifdnllb/content.js:91:28)
    at updateRobloxHome (chrome-extension://pcimamnpccdapeaaejlbecdhiifdnllb/content.js:160:3)
[  535410ms] ReferenceError: seeAllLinks is not defined
    at removeFriendsButtons (chrome-extension://pcimamnpccdapeaaejlbecdhiifdnllb/content.js:91:28)
    at updateRobloxHome (chrome-extension://pcimamnpccdapeaaejlbecdhiifdnllb/content.js:160:3)
[  535413ms] ReferenceError: seeAllLinks is not defined
    at removeFriendsButtons (chrome-extension://pcimamnpccdapeaaejlbecdhiifdnllb/content.js:91:28)
    at updateRobloxHome (chrome-extension://pcimamnpccdapeaaejlbecdhiifdnllb/content.js:160:3)
[  535417ms] ReferenceError: seeAllLinks is not defined
    at removeFriendsButtons (chrome-extension://pcimamnpccdapeaaejlbecdhiifdnllb/content.js:91:28)
    at updateRobloxHome (chrome-extension://pcimamnpccdapeaaejlbecdhiifdnllb/content.js:160:3)
[  535419ms] ReferenceError: seeAllLinks is not defined
    at removeFriendsButtons (chrome-extension://pcimamnpccdapeaaejlbecdhiifdnllb/content.js:91:28)
    at updateRobloxHome (chrome-extension://pcimamnpccdapeaaejlbecdhiifdnllb/content.js:160:3)
[  535421ms] ReferenceError: seeAllLinks is not defined
    at removeFriendsButtons (chrome-extension://pcimamnpccdapeaaejlbecdhiifdnllb/content.js:91:28)
    at updateRobloxHome (chrome-extension://pcimamnpccdapeaaejlbecdhiifdnllb/content.js:160:3)
[  535424ms] ReferenceError: seeAllLinks is not defined
    at removeFriendsButtons (chrome-extension://pcimamnpccdapeaaejlbecdhiifdnllb/content.js:91:28)
    at updateRobloxHome (chrome-extension://pcimamnpccdapeaaejlbecdhiifdnllb/content.js:160:3)
[  535425ms] ReferenceError: seeAllLinks is not defined
    at removeFriendsButtons (chrome-extension://pcimamnpccdapeaaejlbecdhiifdnllb/content.js:91:28)
    at updateRobloxHome (chrome-extension://pcimamnpccdapeaaejlbecdhiifdnllb/content.js:160:3)
[  535428ms] ReferenceError: seeAllLinks is not defined
    at removeFriendsButtons (chrome-extension://pcimamnpccdapeaaejlbecdhiifdnllb/content.js:91:28)
    at updateRobloxHome (chrome-extension://pcimamnpccdapeaaejlbecdhiifdnllb/content.js:160:3)
[  535443ms] ReferenceError: seeAllLinks is not defined
    at removeFriendsButtons (chrome-extension://pcimamnpccdapeaaejlbecdhiifdnllb/content.js:91:28)
    at updateRobloxHome (chrome-extension://pcimamnpccdapeaaejlbecdhiifdnllb/content.js:160:3)
[  535447ms] ReferenceError: seeAllLinks is not defined
    at removeFriendsButtons (chrome-extension://pcimamnpccdapeaaejlbecdhiifdnllb/content.js:91:28)
    at updateRobloxHome (chrome-extension://pcimamnpccdapeaaejlbecdhiifdnllb/content.js:160:3)
[  535449ms] ReferenceError: seeAllLinks is not defined
    at removeFriendsButtons (chrome-extension://pcimamnpccdapeaaejlbecdhiifdnllb/content.js:91:28)
    at updateRobloxHome (chrome-extension://pcimamnpccdapeaaejlbecdhiifdnllb/content.js:160:3)
[  535451ms] ReferenceError: seeAllLinks is not defined
    at removeFriendsButtons (chrome-extension://pcimamnpccdapeaaejlbecdhiifdnllb/content.js:91:28)
    at updateRobloxHome (chrome-extension://pcimamnpccdapeaaejlbecdhiifdnllb/content.js:160:3)
[  535453ms] ReferenceError: seeAllLinks is not defined
    at removeFriendsButtons (chrome-extension://pcimamnpccdapeaaejlbecdhiifdnllb/content.js:91:28)
    at updateRobloxHome (chrome-extension://pcimamnpccdapeaaejlbecdhiifdnllb/content.js:160:3)
[  535455ms] ReferenceError: seeAllLinks is not defined
    at removeFriendsButtons (chrome-extension://pcimamnpccdapeaaejlbecdhiifdnllb/content.js:91:28)
    at updateRobloxHome (chrome-extension://pcimamnpccdapeaaejlbecdhiifdnllb/content.js:160:3)
[  535458ms] ReferenceError: seeAllLinks is not defined
    at removeFriendsButtons (chrome-extension://pcimamnpccdapeaaejlbecdhiifdnllb/content.js:91:28)
    at updateRobloxHome (chrome-extension://pcimamnpccdapeaaejlbecdhiifdnllb/content.js:160:3)
[  535459ms] ReferenceError: seeAllLinks is not defined
    at removeFriendsButtons (chrome-extension://pcimamnpccdapeaaejlbecdhiifdnllb/content.js:91:28)
    at updateRobloxHome (chrome-extension://pcimamnpccdapeaaejlbecdhiifdnllb/content.js:160:3)
[  535480ms] ReferenceError: seeAllLinks is not defined
    at removeFriendsButtons (chrome-extension://pcimamnpccdapeaaejlbecdhiifdnllb/content.js:91:28)
    at updateRobloxHome (chrome-extension://pcimamnpccdapeaaejlbecdhiifdnllb/content.js:160:3)
[  535482ms] ReferenceError: seeAllLinks is not defined
    at removeFriendsButtons (chrome-extension://pcimamnpccdapeaaejlbecdhiifdnllb/content.js:91:28)
    at updateRobloxHome (chrome-extension://pcimamnpccdapeaaejlbecdhiifdnllb/content.js:160:3)
[  535484ms] ReferenceError: seeAllLinks is not defined
    at removeFriendsButtons (chrome-extension://pcimamnpccdapeaaejlbecdhiifdnllb/content.js:91:28)
    at updateRobloxHome (chrome-extension://pcimamnpccdapeaaejlbecdhiifdnllb/content.js:160:3)
[  535487ms] ReferenceError: seeAllLinks is not defined
    at removeFriendsButtons (chrome-extension://pcimamnpccdapeaaejlbecdhiifdnllb/content.js:91:28)
    at updateRobloxHome (chrome-extension://pcimamnpccdapeaaejlbecdhiifdnllb/content.js:160:3)
[  535489ms] ReferenceError: seeAllLinks is not defined
    at removeFriendsButtons (chrome-extension://pcimamnpccdapeaaejlbecdhiifdnllb/content.js:91:28)
    at updateRobloxHome (chrome-extension://pcimamnpccdapeaaejlbecdhiifdnllb/content.js:160:3)
[  535491ms] ReferenceError: seeAllLinks is not defined
    at removeFriendsButtons (chrome-extension://pcimamnpccdapeaaejlbecdhiifdnllb/content.js:91:28)
    at updateRobloxHome (chrome-extension://pcimamnpccdapeaaejlbecdhiifdnllb/content.js:160:3)
[  535494ms] ReferenceError: seeAllLinks is not defined
    at removeFriendsButtons (chrome-extension://pcimamnpccdapeaaejlbecdhiifdnllb/content.js:91:28)
    at updateRobloxHome (chrome-extension://pcimamnpccdapeaaejlbecdhiifdnllb/content.js:160:3)
[  535496ms] ReferenceError: seeAllLinks is not defined
    at removeFriendsButtons (chrome-extension://pcimamnpccdapeaaejlbecdhiifdnllb/content.js:91:28)
    at updateRobloxHome (chrome-extension://pcimamnpccdapeaaejlbecdhiifdnllb/content.js:160:3)
[  535499ms] ReferenceError: seeAllLinks is not defined
    at removeFriendsButtons (chrome-extension://pcimamnpccdapeaaejlbecdhiifdnllb/content.js:91:28)
    at updateRobloxHome (chrome-extension://pcimamnpccdapeaaejlbecdhiifdnllb/content.js:160:3)
[  535501ms] ReferenceError: seeAllLinks is not defined
    at removeFriendsButtons (chrome-extension://pcimamnpccdapeaaejlbecdhiifdnllb/content.js:91:28)
    at updateRobloxHome (chrome-extension://pcimamnpccdapeaaejlbecdhiifdnllb/content.js:160:3)
[  535504ms] ReferenceError: seeAllLinks is not defined
    at removeFriendsButtons (chrome-extension://pcimamnpccdapeaaejlbecdhiifdnllb/content.js:91:28)
    at updateRobloxHome (chrome-extension://pcimamnpccdapeaaejlbecdhiifdnllb/content.js:160:3)
[  535507ms] ReferenceError: seeAllLinks is not defined
    at removeFriendsButtons (chrome-extension://pcimamnpccdapeaaejlbecdhiifdnllb/content.js:91:28)
    at updateRobloxHome (chrome-extension://pcimamnpccdapeaaejlbecdhiifdnllb/content.js:160:3)
[  535509ms] ReferenceError: seeAllLinks is not defined
    at removeFriendsButtons (chrome-extension://pcimamnpccdapeaaejlbecdhiifdnllb/content.js:91:28)
    at updateRobloxHome (chrome-extension://pcimamnpccdapeaaejlbecdhiifdnllb/content.js:160:3)
[  535514ms] ReferenceError: seeAllLinks is not defined
    at removeFriendsButtons (chrome-extension://pcimamnpccdapeaaejlbecdhiifdnllb/content.js:91:28)
    at updateRobloxHome (chrome-extension://pcimamnpccdapeaaejlbecdhiifdnllb/content.js:160:3)
[  535516ms] ReferenceError: seeAllLinks is not defined
    at removeFriendsButtons (chrome-extension://pcimamnpccdapeaaejlbecdhiifdnllb/content.js:91:28)
    at updateRobloxHome (chrome-extension://pcimamnpccdapeaaejlbecdhiifdnllb/content.js:160:3)
[  535520ms] ReferenceError: seeAllLinks is not defined
    at removeFriendsButtons (chrome-extension://pcimamnpccdapeaaejlbecdhiifdnllb/content.js:91:28)
    at updateRobloxHome (chrome-extension://pcimamnpccdapeaaejlbecdhiifdnllb/content.js:160:3)
[  535528ms] ReferenceError: seeAllLinks is not defined
    at removeFriendsButtons (chrome-extension://pcimamnpccdapeaaejlbecdhiifdnllb/content.js:91:28)
    at updateRobloxHome (chrome-extension://pcimamnpccdapeaaejlbecdhiifdnllb/content.js:160:3)
[  535530ms] ReferenceError: seeAllLinks is not defined
    at removeFriendsButtons (chrome-extension://pcimamnpccdapeaaejlbecdhiifdnllb/content.js:91:28)
    at updateRobloxHome (chrome-extension://pcimamnpccdapeaaejlbecdhiifdnllb/content.js:160:3)
[  535532ms] ReferenceError: seeAllLinks is not defined
    at removeFriendsButtons (chrome-extension://pcimamnpccdapeaaejlbecdhiifdnllb/content.js:91:28)
    at updateRobloxHome (chrome-extension://pcimamnpccdapeaaejlbecdhiifdnllb/content.js:160:3)
[  535534ms] ReferenceError: seeAllLinks is not defined
    at removeFriendsButtons (chrome-extension://pcimamnpccdapeaaejlbecdhiifdnllb/content.js:91:28)
    at updateRobloxHome (chrome-extension://pcimamnpccdapeaaejlbecdhiifdnllb/content.js:160:3)
[  535536ms] ReferenceError: seeAllLinks is not defined
    at removeFriendsButtons (chrome-extension://pcimamnpccdapeaaejlbecdhiifdnllb/content.js:91:28)
    at updateRobloxHome (chrome-extension://pcimamnpccdapeaaejlbecdhiifdnllb/content.js:160:3)
[  535538ms] ReferenceError: seeAllLinks is not defined
    at removeFriendsButtons (chrome-extension://pcimamnpccdapeaaejlbecdhiifdnllb/content.js:91:28)
    at updateRobloxHome (chrome-extension://pcimamnpccdapeaaejlbecdhiifdnllb/content.js:160:3)
[  535541ms] ReferenceError: seeAllLinks is not defined
    at removeFriendsButtons (chrome-extension://pcimamnpccdapeaaejlbecdhiifdnllb/content.js:91:28)
    at updateRobloxHome (chrome-extension://pcimamnpccdapeaaejlbecdhiifdnllb/content.js:160:3)
[  535543ms] ReferenceError: seeAllLinks is not defined
    at removeFriendsButtons (chrome-extension://pcimamnpccdapeaaejlbecdhiifdnllb/content.js:91:28)
    at updateRobloxHome (chrome-extension://pcimamnpccdapeaaejlbecdhiifdnllb/content.js:160:3)
[  535545ms] ReferenceError: seeAllLinks is not defined
    at removeFriendsButtons (chrome-extension://pcimamnpccdapeaaejlbecdhiifdnllb/content.js:91:28)
    at updateRobloxHome (chrome-extension://pcimamnpccdapeaaejlbecdhiifdnllb/content.js:160:3)
[  535548ms] ReferenceError: seeAllLinks is not defined
    at removeFriendsButtons (chrome-extension://pcimamnpccdapeaaejlbecdhiifdnllb/content.js:91:28)
    at updateRobloxHome (chrome-extension://pcimamnpccdapeaaejlbecdhiifdnllb/content.js:160:3)
[  535550ms] ReferenceError: seeAllLinks is not defined
    at removeFriendsButtons (chrome-extension://pcimamnpccdapeaaejlbecdhiifdnllb/content.js:91:28)
    at updateRobloxHome (chrome-extension://pcimamnpccdapeaaejlbecdhiifdnllb/content.js:160:3)
[  535552ms] ReferenceError: seeAllLinks is not defined
    at removeFriendsButtons (chrome-extension://pcimamnpccdapeaaejlbecdhiifdnllb/content.js:91:28)
    at updateRobloxHome (chrome-extension://pcimamnpccdapeaaejlbecdhiifdnllb/content.js:160:3)
[  535553ms] ReferenceError: seeAllLinks is not defined
    at removeFriendsButtons (chrome-extension://pcimamnpccdapeaaejlbecdhiifdnllb/content.js:91:28)
    at updateRobloxHome (chrome-extension://pcimamnpccdapeaaejlbecdhiifdnllb/content.js:160:3)
[  535556ms] ReferenceError: seeAllLinks is not defined
    at removeFriendsButtons (chrome-extension://pcimamnpccdapeaaejlbecdhiifdnllb/content.js:91:28)
    at updateRobloxHome (chrome-extension://pcimamnpccdapeaaejlbecdhiifdnllb/content.js:160:3)
[  535558ms] ReferenceError: seeAllLinks is not defined
    at removeFriendsButtons (chrome-extension://pcimamnpccdapeaaejlbecdhiifdnllb/content.js:91:28)
    at updateRobloxHome (chrome-extension://pcimamnpccdapeaaejlbecdhiifdnllb/content.js:160:3)
[  535559ms] ReferenceError: seeAllLinks is not defined
    at removeFriendsButtons (chrome-extension://pcimamnpccdapeaaejlbecdhiifdnllb/content.js:91:28)
    at updateRobloxHome (chrome-extension://pcimamnpccdapeaaejlbecdhiifdnllb/content.js:160:3)
[  535564ms] ReferenceError: seeAllLinks is not defined
    at removeFriendsButtons (chrome-extension://pcimamnpccdapeaaejlbecdhiifdnllb/content.js:91:28)
    at updateRobloxHome (chrome-extension://pcimamnpccdapeaaejlbecdhiifdnllb/content.js:160:3)
[  535565ms] ReferenceError: seeAllLinks is not defined
    at removeFriendsButtons (chrome-extension://pcimamnpccdapeaaejlbecdhiifdnllb/content.js:91:28)
    at updateRobloxHome (chrome-extension://pcimamnpccdapeaaejlbecdhiifdnllb/content.js:160:3)
[  535568ms] ReferenceError: seeAllLinks is not defined
    at removeFriendsButtons (chrome-extension://pcimamnpccdapeaaejlbecdhiifdnllb/content.js:91:28)
    at updateRobloxHome (chrome-extension://pcimamnpccdapeaaejlbecdhiifdnllb/content.js:160:3)
[  535570ms] ReferenceError: seeAllLinks is not defined
    at removeFriendsButtons (chrome-extension://pcimamnpccdapeaaejlbecdhiifdnllb/content.js:91:28)
    at updateRobloxHome (chrome-extension://pcimamnpccdapeaaejlbecdhiifdnllb/content.js:160:3)
[  535573ms] ReferenceError: seeAllLinks is not defined
    at removeFriendsButtons (chrome-extension://pcimamnpccdapeaaejlbecdhiifdnllb/content.js:91:28)
    at updateRobloxHome (chrome-extension://pcimamnpccdapeaaejlbecdhiifdnllb/content.js:160:3)
[  535576ms] ReferenceError: seeAllLinks is not defined
    at removeFriendsButtons (chrome-extension://pcimamnpccdapeaaejlbecdhiifdnllb/content.js:91:28)
    at updateRobloxHome (chrome-extension://pcimamnpccdapeaaejlbecdhiifdnllb/content.js:160:3)
[  535581ms] ReferenceError: seeAllLinks is not defined
    at removeFriendsButtons (chrome-extension://pcimamnpccdapeaaejlbecdhiifdnllb/content.js:91:28)
    at updateRobloxHome (chrome-extension://pcimamnpccdapeaaejlbecdhiifdnllb/content.js:160:3)
[  535604ms] ReferenceError: seeAllLinks is not defined
    at removeFriendsButtons (chrome-extension://pcimamnpccdapeaaejlbecdhiifdnllb/content.js:91:28)
    at updateRobloxHome (chrome-extension://pcimamnpccdapeaaejlbecdhiifdnllb/content.js:160:3)
[  535606ms] ReferenceError: seeAllLinks is not defined
    at removeFriendsButtons (chrome-extension://pcimamnpccdapeaaejlbecdhiifdnllb/content.js:91:28)
    at updateRobloxHome (chrome-extension://pcimamnpccdapeaaejlbecdhiifdnllb/content.js:160:3)
[  535608ms] ReferenceError: seeAllLinks is not defined
    at removeFriendsButtons (chrome-extension://pcimamnpccdapeaaejlbecdhiifdnllb/content.js:91:28)
    at updateRobloxHome (chrome-extension://pcimamnpccdapeaaejlbecdhiifdnllb/content.js:160:3)
[  535612ms] ReferenceError: seeAllLinks is not defined
    at removeFriendsButtons (chrome-extension://pcimamnpccdapeaaejlbecdhiifdnllb/content.js:91:28)
    at updateRobloxHome (chrome-extension://pcimamnpccdapeaaejlbecdhiifdnllb/content.js:160:3)
[  535617ms] ReferenceError: seeAllLinks is not defined
    at removeFriendsButtons (chrome-extension://pcimamnpccdapeaaejlbecdhiifdnllb/content.js:91:28)
    at updateRobloxHome (chrome-extension://pcimamnpccdapeaaejlbecdhiifdnllb/content.js:160:3)
[  535620ms] ReferenceError: seeAllLinks is not defined
    at removeFriendsButtons (chrome-extension://pcimamnpccdapeaaejlbecdhiifdnllb/content.js:91:28)
    at updateRobloxHome (chrome-extension://pcimamnpccdapeaaejlbecdhiifdnllb/content.js:160:3)
[  535622ms] ReferenceError: seeAllLinks is not defined
    at removeFriendsButtons (chrome-extension://pcimamnpccdapeaaejlbecdhiifdnllb/content.js:91:28)
    at updateRobloxHome (chrome-extension://pcimamnpccdapeaaejlbecdhiifdnllb/content.js:160:3)
[  535624ms] ReferenceError: seeAllLinks is not defined
    at removeFriendsButtons (chrome-extension://pcimamnpccdapeaaejlbecdhiifdnllb/content.js:91:28)
    at updateRobloxHome (chrome-extension://pcimamnpccdapeaaejlbecdhiifdnllb/content.js:160:3)
[  535628ms] ReferenceError: seeAllLinks is not defined
    at removeFriendsButtons (chrome-extension://pcimamnpccdapeaaejlbecdhiifdnllb/content.js:91:28)
    at updateRobloxHome (chrome-extension://pcimamnpccdapeaaejlbecdhiifdnllb/content.js:160:3)
[  535634ms] ReferenceError: seeAllLinks is not defined
    at removeFriendsButtons (chrome-extension://pcimamnpccdapeaaejlbecdhiifdnllb/content.js:91:28)
    at updateRobloxHome (chrome-extension://pcimamnpccdapeaaejlbecdhiifdnllb/content.js:160:3)
[  535636ms] ReferenceError: seeAllLinks is not defined
    at removeFriendsButtons (chrome-extension://pcimamnpccdapeaaejlbecdhiifdnllb/content.js:91:28)
    at updateRobloxHome (chrome-extension://pcimamnpccdapeaaejlbecdhiifdnllb/content.js:160:3)
[  535638ms] ReferenceError: seeAllLinks is not defined
    at removeFriendsButtons (chrome-extension://pcimamnpccdapeaaejlbecdhiifdnllb/content.js:91:28)
    at updateRobloxHome (chrome-extension://pcimamnpccdapeaaejlbecdhiifdnllb/content.js:160:3)
[  535640ms] ReferenceError: seeAllLinks is not defined
    at removeFriendsButtons (chrome-extension://pcimamnpccdapeaaejlbecdhiifdnllb/content.js:91:28)
    at updateRobloxHome (chrome-extension://pcimamnpccdapeaaejlbecdhiifdnllb/content.js:160:3)
[  535644ms] ReferenceError: seeAllLinks is not defined
    at removeFriendsButtons (chrome-extension://pcimamnpccdapeaaejlbecdhiifdnllb/content.js:91:28)
    at updateRobloxHome (chrome-extension://pcimamnpccdapeaaejlbecdhiifdnllb/content.js:160:3)
[  535648ms] ReferenceError: seeAllLinks is not defined
    at removeFriendsButtons (chrome-extension://pcimamnpccdapeaaejlbecdhiifdnllb/content.js:91:28)
    at updateRobloxHome (chrome-extension://pcimamnpccdapeaaejlbecdhiifdnllb/content.js:160:3)
[  535650ms] ReferenceError: seeAllLinks is not defined
    at removeFriendsButtons (chrome-extension://pcimamnpccdapeaaejlbecdhiifdnllb/content.js:91:28)
    at updateRobloxHome (chrome-extension://pcimamnpccdapeaaejlbecdhiifdnllb/content.js:160:3)
[  535652ms] ReferenceError: seeAllLinks is not defined
    at removeFriendsButtons (chrome-extension://pcimamnpccdapeaaejlbecdhiifdnllb/content.js:91:28)
    at updateRobloxHome (chrome-extension://pcimamnpccdapeaaejlbecdhiifdnllb/content.js:160:3)
[  535654ms] ReferenceError: seeAllLinks is not defined
    at removeFriendsButtons (chrome-extension://pcimamnpccdapeaaejlbecdhiifdnllb/content.js:91:28)
    at updateRobloxHome (chrome-extension://pcimamnpccdapeaaejlbecdhiifdnllb/content.js:160:3)
[  535657ms] ReferenceError: seeAllLinks is not defined
    at removeFriendsButtons (chrome-extension://pcimamnpccdapeaaejlbecdhiifdnllb/content.js:91:28)
    at updateRobloxHome (chrome-extension://pcimamnpccdapeaaejlbecdhiifdnllb/content.js:160:3)
[  535660ms] ReferenceError: seeAllLinks is not defined
    at removeFriendsButtons (chrome-extension://pcimamnpccdapeaaejlbecdhiifdnllb/content.js:91:28)
    at updateRobloxHome (chrome-extension://pcimamnpccdapeaaejlbecdhiifdnllb/content.js:160:3)
[  535665ms] ReferenceError: seeAllLinks is not defined
    at removeFriendsButtons (chrome-extension://pcimamnpccdapeaaejlbecdhiifdnllb/content.js:91:28)
    at updateRobloxHome (chrome-extension://pcimamnpccdapeaaejlbecdhiifdnllb/content.js:160:3)
[  535669ms] ReferenceError: seeAllLinks is not defined
    at removeFriendsButtons (chrome-extension://pcimamnpccdapeaaejlbecdhiifdnllb/content.js:91:28)
    at updateRobloxHome (chrome-extension://pcimamnpccdapeaaejlbecdhiifdnllb/content.js:160:3)
[  535672ms] ReferenceError: seeAllLinks is not defined
    at removeFriendsButtons (chrome-extension://pcimamnpccdapeaaejlbecdhiifdnllb/content.js:91:28)
    at updateRobloxHome (chrome-extension://pcimamnpccdapeaaejlbecdhiifdnllb/content.js:160:3)
[  535674ms] ReferenceError: seeAllLinks is not defined
    at removeFriendsButtons (chrome-extension://pcimamnpccdapeaaejlbecdhiifdnllb/content.js:91:28)
    at updateRobloxHome (chrome-extension://pcimamnpccdapeaaejlbecdhiifdnllb/content.js:160:3)
[  535677ms] ReferenceError: seeAllLinks is not defined
    at removeFriendsButtons (chrome-extension://pcimamnpccdapeaaejlbecdhiifdnllb/content.js:91:28)
    at updateRobloxHome (chrome-extension://pcimamnpccdapeaaejlbecdhiifdnllb/content.js:160:3)
[  535680ms] ReferenceError: seeAllLinks is not defined
    at removeFriendsButtons (chrome-extension://pcimamnpccdapeaaejlbecdhiifdnllb/content.js:91:28)
    at updateRobloxHome (chrome-extension://pcimamnpccdapeaaejlbecdhiifdnllb/content.js:160:3)
[  535683ms] ReferenceError: seeAllLinks is not defined
    at removeFriendsButtons (chrome-extension://pcimamnpccdapeaaejlbecdhiifdnllb/content.js:91:28)
    at updateRobloxHome (chrome-extension://pcimamnpccdapeaaejlbecdhiifdnllb/content.js:160:3)
[  535685ms] ReferenceError: seeAllLinks is not defined
    at removeFriendsButtons (chrome-extension://pcimamnpccdapeaaejlbecdhiifdnllb/content.js:91:28)
    at updateRobloxHome (chrome-extension://pcimamnpccdapeaaejlbecdhiifdnllb/content.js:160:3)
[  535688ms] ReferenceError: seeAllLinks is not defined
    at removeFriendsButtons (chrome-extension://pcimamnpccdapeaaejlbecdhiifdnllb/content.js:91:28)
    at updateRobloxHome (chrome-extension://pcimamnpccdapeaaejlbecdhiifdnllb/content.js:160:3)
[  535691ms] ReferenceError: seeAllLinks is not defined
    at removeFriendsButtons (chrome-extension://pcimamnpccdapeaaejlbecdhiifdnllb/content.js:91:28)
    at updateRobloxHome (chrome-extension://pcimamnpccdapeaaejlbecdhiifdnllb/content.js:160:3)
[  535693ms] ReferenceError: seeAllLinks is not defined
    at removeFriendsButtons (chrome-extension://pcimamnpccdapeaaejlbecdhiifdnllb/content.js:91:28)
    at updateRobloxHome (chrome-extension://pcimamnpccdapeaaejlbecdhiifdnllb/content.js:160:3)
[  535697ms] ReferenceError: seeAllLinks is not defined
    at removeFriendsButtons (chrome-extension://pcimamnpccdapeaaejlbecdhiifdnllb/content.js:91:28)
    at updateRobloxHome (chrome-extension://pcimamnpccdapeaaejlbecdhiifdnllb/content.js:160:3)
[  535702ms] ReferenceError: seeAllLinks is not defined
    at removeFriendsButtons (chrome-extension://pcimamnpccdapeaaejlbecdhiifdnllb/content.js:91:28)
    at updateRobloxHome (chrome-extension://pcimamnpccdapeaaejlbecdhiifdnllb/content.js:160:3)
[  535722ms] ReferenceError: seeAllLinks is not defined
    at removeFriendsButtons (chrome-extension://pcimamnpccdapeaaejlbecdhiifdnllb/content.js:91:28)
    at updateRobloxHome (chrome-extension://pcimamnpccdapeaaejlbecdhiifdnllb/content.js:160:3)
[  535723ms] ReferenceError: seeAllLinks is not defined
    at removeFriendsButtons (chrome-extension://pcimamnpccdapeaaejlbecdhiifdnllb/content.js:91:28)
    at updateRobloxHome (chrome-extension://pcimamnpccdapeaaejlbecdhiifdnllb/content.js:160:3)
[  535725ms] ReferenceError: seeAllLinks is not defined
    at removeFriendsButtons (chrome-extension://pcimamnpccdapeaaejlbecdhiifdnllb/content.js:91:28)
    at updateRobloxHome (chrome-extension://pcimamnpccdapeaaejlbecdhiifdnllb/content.js:160:3)
[  535728ms] ReferenceError: seeAllLinks is not defined
    at removeFriendsButtons (chrome-extension://pcimamnpccdapeaaejlbecdhiifdnllb/content.js:91:28)
    at updateRobloxHome (chrome-extension://pcimamnpccdapeaaejlbecdhiifdnllb/content.js:160:3)
[  535731ms] ReferenceError: seeAllLinks is not defined
    at removeFriendsButtons (chrome-extension://pcimamnpccdapeaaejlbecdhiifdnllb/content.js:91:28)
    at updateRobloxHome (chrome-extension://pcimamnpccdapeaaejlbecdhiifdnllb/content.js:160:3)
[  535733ms] ReferenceError: seeAllLinks is not defined
    at removeFriendsButtons (chrome-extension://pcimamnpccdapeaaejlbecdhiifdnllb/content.js:91:28)
    at updateRobloxHome (chrome-extension://pcimamnpccdapeaaejlbecdhiifdnllb/content.js:160:3)
[  535735ms] ReferenceError: seeAllLinks is not defined
    at removeFriendsButtons (chrome-extension://pcimamnpccdapeaaejlbecdhiifdnllb/content.js:91:28)
    at updateRobloxHome (chrome-extension://pcimamnpccdapeaaejlbecdhiifdnllb/content.js:160:3)
[  535737ms] ReferenceError: seeAllLinks is not defined
    at removeFriendsButtons (chrome-extension://pcimamnpccdapeaaejlbecdhiifdnllb/content.js:91:28)
    at updateRobloxHome (chrome-extension://pcimamnpccdapeaaejlbecdhiifdnllb/content.js:160:3)
[  535739ms] ReferenceError: seeAllLinks is not defined
    at removeFriendsButtons (chrome-extension://pcimamnpccdapeaaejlbecdhiifdnllb/content.js:91:28)
    at updateRobloxHome (chrome-extension://pcimamnpccdapeaaejlbecdhiifdnllb/content.js:160:3)
[  535741ms] ReferenceError: seeAllLinks is not defined
    at removeFriendsButtons (chrome-extension://pcimamnpccdapeaaejlbecdhiifdnllb/content.js:91:28)
    at updateRobloxHome (chrome-extension://pcimamnpccdapeaaejlbecdhiifdnllb/content.js:160:3)
[  535743ms] ReferenceError: seeAllLinks is not defined
    at removeFriendsButtons (chrome-extension://pcimamnpccdapeaaejlbecdhiifdnllb/content.js:91:28)
    at updateRobloxHome (chrome-extension://pcimamnpccdapeaaejlbecdhiifdnllb/content.js:160:3)
[  535748ms] ReferenceError: seeAllLinks is not defined
    at removeFriendsButtons (chrome-extension://pcimamnpccdapeaaejlbecdhiifdnllb/content.js:91:28)
    at updateRobloxHome (chrome-extension://pcimamnpccdapeaaejlbecdhiifdnllb/content.js:160:3)
[  535750ms] ReferenceError: seeAllLinks is not defined
    at removeFriendsButtons (chrome-extension://pcimamnpccdapeaaejlbecdhiifdnllb/content.js:91:28)
    at updateRobloxHome (chrome-extension://pcimamnpccdapeaaejlbecdhiifdnllb/content.js:160:3)
[  535752ms] ReferenceError: seeAllLinks is not defined
    at removeFriendsButtons (chrome-extension://pcimamnpccdapeaaejlbecdhiifdnllb/content.js:91:28)
    at updateRobloxHome (chrome-extension://pcimamnpccdapeaaejlbecdhiifdnllb/content.js:160:3)
[  535755ms] ReferenceError: seeAllLinks is not defined
    at removeFriendsButtons (chrome-extension://pcimamnpccdapeaaejlbecdhiifdnllb/content.js:91:28)
    at updateRobloxHome (chrome-extension://pcimamnpccdapeaaejlbecdhiifdnllb/content.js:160:3)
[  535759ms] ReferenceError: seeAllLinks is not defined
    at removeFriendsButtons (chrome-extension://pcimamnpccdapeaaejlbecdhiifdnllb/content.js:91:28)
    at updateRobloxHome (chrome-extension://pcimamnpccdapeaaejlbecdhiifdnllb/content.js:160:3)
[  535762ms] ReferenceError: seeAllLinks is not defined
    at removeFriendsButtons (chrome-extension://pcimamnpccdapeaaejlbecdhiifdnllb/content.js:91:28)
    at updateRobloxHome (chrome-extension://pcimamnpccdapeaaejlbecdhiifdnllb/content.js:160:3)
[  535765ms] ReferenceError: seeAllLinks is not defined
    at removeFriendsButtons (chrome-extension://pcimamnpccdapeaaejlbecdhiifdnllb/content.js:91:28)
    at updateRobloxHome (chrome-extension://pcimamnpccdapeaaejlbecdhiifdnllb/content.js:160:3)
[  535770ms] ReferenceError: seeAllLinks is not defined
    at removeFriendsButtons (chrome-extension://pcimamnpccdapeaaejlbecdhiifdnllb/content.js:91:28)
    at updateRobloxHome (chrome-extension://pcimamnpccdapeaaejlbecdhiifdnllb/content.js:160:3)
[  535775ms] ReferenceError: seeAllLinks is not defined
    at removeFriendsButtons (chrome-extension://pcimamnpccdapeaaejlbecdhiifdnllb/content.js:91:28)
    at updateRobloxHome (chrome-extension://pcimamnpccdapeaaejlbecdhiifdnllb/content.js:160:3)
[  535777ms] ReferenceError: seeAllLinks is not defined
    at removeFriendsButtons (chrome-extension://pcimamnpccdapeaaejlbecdhiifdnllb/content.js:91:28)
    at updateRobloxHome (chrome-extension://pcimamnpccdapeaaejlbecdhiifdnllb/content.js:160:3)
[  535781ms] ReferenceError: seeAllLinks is not defined
    at removeFriendsButtons (chrome-extension://pcimamnpccdapeaaejlbecdhiifdnllb/content.js:91:28)
    at updateRobloxHome (chrome-extension://pcimamnpccdapeaaejlbecdhiifdnllb/content.js:160:3)
[  535783ms] ReferenceError: seeAllLinks is not defined
    at removeFriendsButtons (chrome-extension://pcimamnpccdapeaaejlbecdhiifdnllb/content.js:91:28)
    at updateRobloxHome (chrome-extension://pcimamnpccdapeaaejlbecdhiifdnllb/content.js:160:3)
[  535785ms] ReferenceError: seeAllLinks is not defined
    at removeFriendsButtons (chrome-extension://pcimamnpccdapeaaejlbecdhiifdnllb/content.js:91:28)
    at updateRobloxHome (chrome-extension://pcimamnpccdapeaaejlbecdhiifdnllb/content.js:160:3)
[  535787ms] ReferenceError: seeAllLinks is not defined
    at removeFriendsButtons (chrome-extension://pcimamnpccdapeaaejlbecdhiifdnllb/content.js:91:28)
    at updateRobloxHome (chrome-extension://pcimamnpccdapeaaejlbecdhiifdnllb/content.js:160:3)
[  535790ms] ReferenceError: seeAllLinks is not defined
    at removeFriendsButtons (chrome-extension://pcimamnpccdapeaaejlbecdhiifdnllb/content.js:91:28)
    at updateRobloxHome (chrome-extension://pcimamnpccdapeaaejlbecdhiifdnllb/content.js:160:3)
[  535792ms] ReferenceError: seeAllLinks is not defined
    at removeFriendsButtons (chrome-extension://pcimamnpccdapeaaejlbecdhiifdnllb/content.js:91:28)
    at updateRobloxHome (chrome-extension://pcimamnpccdapeaaejlbecdhiifdnllb/content.js:160:3)
[  535795ms] ReferenceError: seeAllLinks is not defined
    at removeFriendsButtons (chrome-extension://pcimamnpccdapeaaejlbecdhiifdnllb/content.js:91:28)
    at updateRobloxHome (chrome-extension://pcimamnpccdapeaaejlbecdhiifdnllb/content.js:160:3)
[  535799ms] ReferenceError: seeAllLinks is not defined
    at removeFriendsButtons (chrome-extension://pcimamnpccdapeaaejlbecdhiifdnllb/content.js:91:28)
    at updateRobloxHome (chrome-extension://pcimamnpccdapeaaejlbecdhiifdnllb/content.js:160:3)
[  535802ms] ReferenceError: seeAllLinks is not defined
    at removeFriendsButtons (chrome-extension://pcimamnpccdapeaaejlbecdhiifdnllb/content.js:91:28)
    at updateRobloxHome (chrome-extension://pcimamnpccdapeaaejlbecdhiifdnllb/content.js:160:3)
[  535805ms] ReferenceError: seeAllLinks is not defined
    at removeFriendsButtons (chrome-extension://pcimamnpccdapeaaejlbecdhiifdnllb/content.js:91:28)
    at updateRobloxHome (chrome-extension://pcimamnpccdapeaaejlbecdhiifdnllb/content.js:160:3)
[  535808ms] ReferenceError: seeAllLinks is not defined
    at removeFriendsButtons (chrome-extension://pcimamnpccdapeaaejlbecdhiifdnllb/content.js:91:28)
    at updateRobloxHome (chrome-extension://pcimamnpccdapeaaejlbecdhiifdnllb/content.js:160:3)
[  535810ms] ReferenceError: seeAllLinks is not defined
    at removeFriendsButtons (chrome-extension://pcimamnpccdapeaaejlbecdhiifdnllb/content.js:91:28)
    at updateRobloxHome (chrome-extension://pcimamnpccdapeaaejlbecdhiifdnllb/content.js:160:3)
[  535813ms] ReferenceError: seeAllLinks is not defined
    at removeFriendsButtons (chrome-extension://pcimamnpccdapeaaejlbecdhiifdnllb/content.js:91:28)
    at updateRobloxHome (chrome-extension://pcimamnpccdapeaaejlbecdhiifdnllb/content.js:160:3)
[  535816ms] ReferenceError: seeAllLinks is not defined
    at removeFriendsButtons (chrome-extension://pcimamnpccdapeaaejlbecdhiifdnllb/content.js:91:28)
    at updateRobloxHome (chrome-extension://pcimamnpccdapeaaejlbecdhiifdnllb/content.js:160:3)
[  535818ms] ReferenceError: seeAllLinks is not defined
    at removeFriendsButtons (chrome-extension://pcimamnpccdapeaaejlbecdhiifdnllb/content.js:91:28)
    at updateRobloxHome (chrome-extension://pcimamnpccdapeaaejlbecdhiifdnllb/content.js:160:3)
[  535820ms] ReferenceError: seeAllLinks is not defined
    at removeFriendsButtons (chrome-extension://pcimamnpccdapeaaejlbecdhiifdnllb/content.js:91:28)
    at updateRobloxHome (chrome-extension://pcimamnpccdapeaaejlbecdhiifdnllb/content.js:160:3)
[  535834ms] ReferenceError: seeAllLinks is not defined
    at removeFriendsButtons (chrome-extension://pcimamnpccdapeaaejlbecdhiifdnllb/content.js:91:28)
    at updateRobloxHome (chrome-extension://pcimamnpccdapeaaejlbecdhiifdnllb/content.js:160:3)
[  535853ms] ReferenceError: seeAllLinks is not defined
    at removeFriendsButtons (chrome-extension://pcimamnpccdapeaaejlbecdhiifdnllb/content.js:91:28)
    at updateRobloxHome (chrome-extension://pcimamnpccdapeaaejlbecdhiifdnllb/content.js:160:3)
[  535856ms] ReferenceError: seeAllLinks is not defined
    at removeFriendsButtons (chrome-extension://pcimamnpccdapeaaejlbecdhiifdnllb/content.js:91:28)
    at updateRobloxHome (chrome-extension://pcimamnpccdapeaaejlbecdhiifdnllb/content.js:160:3)
[  535858ms] ReferenceError: seeAllLinks is not defined
    at removeFriendsButtons (chrome-extension://pcimamnpccdapeaaejlbecdhiifdnllb/content.js:91:28)
    at updateRobloxHome (chrome-extension://pcimamnpccdapeaaejlbecdhiifdnllb/content.js:160:3)
[  535860ms] ReferenceError: seeAllLinks is not defined
    at removeFriendsButtons (chrome-extension://pcimamnpccdapeaaejlbecdhiifdnllb/content.js:91:28)
    at updateRobloxHome (chrome-extension://pcimamnpccdapeaaejlbecdhiifdnllb/content.js:160:3)
[  535862ms] ReferenceError: seeAllLinks is not defined
    at removeFriendsButtons (chrome-extension://pcimamnpccdapeaaejlbecdhiifdnllb/content.js:91:28)
    at updateRobloxHome (chrome-extension://pcimamnpccdapeaaejlbecdhiifdnllb/content.js:160:3)
[  535865ms] ReferenceError: seeAllLinks is not defined
    at removeFriendsButtons (chrome-extension://pcimamnpccdapeaaejlbecdhiifdnllb/content.js:91:28)
    at updateRobloxHome (chrome-extension://pcimamnpccdapeaaejlbecdhiifdnllb/content.js:160:3)
[  535867ms] ReferenceError: seeAllLinks is not defined
    at removeFriendsButtons (chrome-extension://pcimamnpccdapeaaejlbecdhiifdnllb/content.js:91:28)
    at updateRobloxHome (chrome-extension://pcimamnpccdapeaaejlbecdhiifdnllb/content.js:160:3)
[  535869ms] ReferenceError: seeAllLinks is not defined
    at removeFriendsButtons (chrome-extension://pcimamnpccdapeaaejlbecdhiifdnllb/content.js:91:28)
    at updateRobloxHome (chrome-extension://pcimamnpccdapeaaejlbecdhiifdnllb/content.js:160:3)
[  535870ms] ReferenceError: seeAllLinks is not defined
    at removeFriendsButtons (chrome-extension://pcimamnpccdapeaaejlbecdhiifdnllb/content.js:91:28)
    at updateRobloxHome (chrome-extension://pcimamnpccdapeaaejlbecdhiifdnllb/content.js:160:3)
[  535873ms] ReferenceError: seeAllLinks is not defined
    at removeFriendsButtons (chrome-extension://pcimamnpccdapeaaejlbecdhiifdnllb/content.js:91:28)
    at updateRobloxHome (chrome-extension://pcimamnpccdapeaaejlbecdhiifdnllb/content.js:160:3)
[  535875ms] ReferenceError: seeAllLinks is not defined
    at removeFriendsButtons (chrome-extension://pcimamnpccdapeaaejlbecdhiifdnllb/content.js:91:28)
    at updateRobloxHome (chrome-extension://pcimamnpccdapeaaejlbecdhiifdnllb/content.js:160:3)
[  535877ms] ReferenceError: seeAllLinks is not defined
    at removeFriendsButtons (chrome-extension://pcimamnpccdapeaaejlbecdhiifdnllb/content.js:91:28)
    at updateRobloxHome (chrome-extension://pcimamnpccdapeaaejlbecdhiifdnllb/content.js:160:3)
[  535880ms] ReferenceError: seeAllLinks is not defined
    at removeFriendsButtons (chrome-extension://pcimamnpccdapeaaejlbecdhiifdnllb/content.js:91:28)
    at updateRobloxHome (chrome-extension://pcimamnpccdapeaaejlbecdhiifdnllb/content.js:160:3)
[  535883ms] ReferenceError: seeAllLinks is not defined
    at removeFriendsButtons (chrome-extension://pcimamnpccdapeaaejlbecdhiifdnllb/content.js:91:28)
    at updateRobloxHome (chrome-extension://pcimamnpccdapeaaejlbecdhiifdnllb/content.js:160:3)
[  535884ms] ReferenceError: seeAllLinks is not defined
    at removeFriendsButtons (chrome-extension://pcimamnpccdapeaaejlbecdhiifdnllb/content.js:91:28)
    at updateRobloxHome (chrome-extension://pcimamnpccdapeaaejlbecdhiifdnllb/content.js:160:3)
[  535886ms] ReferenceError: seeAllLinks is not defined
    at removeFriendsButtons (chrome-extension://pcimamnpccdapeaaejlbecdhiifdnllb/content.js:91:28)
    at updateRobloxHome (chrome-extension://pcimamnpccdapeaaejlbecdhiifdnllb/content.js:160:3)
[  535889ms] ReferenceError: seeAllLinks is not defined
    at removeFriendsButtons (chrome-extension://pcimamnpccdapeaaejlbecdhiifdnllb/content.js:91:28)
    at updateRobloxHome (chrome-extension://pcimamnpccdapeaaejlbecdhiifdnllb/content.js:160:3)
[  535891ms] ReferenceError: seeAllLinks is not defined
    at removeFriendsButtons (chrome-extension://pcimamnpccdapeaaejlbecdhiifdnllb/content.js:91:28)
    at updateRobloxHome (chrome-extension://pcimamnpccdapeaaejlbecdhiifdnllb/content.js:160:3)
[  535893ms] ReferenceError: seeAllLinks is not defined
    at removeFriendsButtons (chrome-extension://pcimamnpccdapeaaejlbecdhiifdnllb/content.js:91:28)
    at updateRobloxHome (chrome-extension://pcimamnpccdapeaaejlbecdhiifdnllb/content.js:160:3)
[  535895ms] ReferenceError: seeAllLinks is not defined
    at removeFriendsButtons (chrome-extension://pcimamnpccdapeaaejlbecdhiifdnllb/content.js:91:28)
    at updateRobloxHome (chrome-extension://pcimamnpccdapeaaejlbecdhiifdnllb/content.js:160:3)
[  535897ms] ReferenceError: seeAllLinks is not defined
    at removeFriendsButtons (chrome-extension://pcimamnpccdapeaaejlbecdhiifdnllb/content.js:91:28)
    at updateRobloxHome (chrome-extension://pcimamnpccdapeaaejlbecdhiifdnllb/content.js:160:3)
[  535899ms] ReferenceError: seeAllLinks is not defined
    at removeFriendsButtons (chrome-extension://pcimamnpccdapeaaejlbecdhiifdnllb/content.js:91:28)
    at updateRobloxHome (chrome-extension://pcimamnpccdapeaaejlbecdhiifdnllb/content.js:160:3)
[  538501ms] [ERROR] Failed to load resource: the server responded with a status of 403 () @ https://apis.roblox.com/rotating-client-service/v1/heartbeat?pathname=%2Fhome:0
[  560002ms] ReferenceError: seeAllLinks is not defined
    at removeFriendsButtons (chrome-extension://pcimamnpccdapeaaejlbecdhiifdnllb/content.js:91:28)
    at updateRobloxHome (chrome-extension://pcimamnpccdapeaaejlbecdhiifdnllb/content.js:160:3)
[  560002ms] ReferenceError: seeAllLinks is not defined
    at removeFriendsButtons (chrome-extension://pcimamnpccdapeaaejlbecdhiifdnllb/content.js:91:28)
    at updateRobloxHome (chrome-extension://pcimamnpccdapeaaejlbecdhiifdnllb/content.js:160:3)
[  560002ms] ReferenceError: seeAllLinks is not defined
    at removeFriendsButtons (chrome-extension://pcimamnpccdapeaaejlbecdhiifdnllb/content.js:91:28)
    at updateRobloxHome (chrome-extension://pcimamnpccdapeaaejlbecdhiifdnllb/content.js:160:3)
[  560002ms] ReferenceError: seeAllLinks is not defined
    at removeFriendsButtons (chrome-extension://pcimamnpccdapeaaejlbecdhiifdnllb/content.js:91:28)
    at updateRobloxHome (chrome-extension://pcimamnpccdapeaaejlbecdhiifdnllb/content.js:160:3)
[  560002ms] ReferenceError: seeAllLinks is not defined
    at removeFriendsButtons (chrome-extension://pcimamnpccdapeaaejlbecdhiifdnllb/content.js:91:28)
    at updateRobloxHome (chrome-extension://pcimamnpccdapeaaejlbecdhiifdnllb/content.js:160:3)
[  560002ms] ReferenceError: seeAllLinks is not defined
    at removeFriendsButtons (chrome-extension://pcimamnpccdapeaaejlbecdhiifdnllb/content.js:91:28)
    at updateRobloxHome (chrome-extension://pcimamnpccdapeaaejlbecdhiifdnllb/content.js:160:3)
[  560002ms] ReferenceError: seeAllLinks is not defined
    at removeFriendsButtons (chrome-extension://pcimamnpccdapeaaejlbecdhiifdnllb/content.js:91:28)
    at updateRobloxHome (chrome-extension://pcimamnpccdapeaaejlbecdhiifdnllb/content.js:160:3)
[  560002ms] ReferenceError: seeAllLinks is not defined
    at removeFriendsButtons (chrome-extension://pcimamnpccdapeaaejlbecdhiifdnllb/content.js:91:28)
    at updateRobloxHome (chrome-extension://pcimamnpccdapeaaejlbecdhiifdnllb/content.js:160:3)
[  560002ms] ReferenceError: seeAllLinks is not defined
    at removeFriendsButtons (chrome-extension://pcimamnpccdapeaaejlbecdhiifdnllb/content.js:91:28)
    at updateRobloxHome (chrome-extension://pcimamnpccdapeaaejlbecdhiifdnllb/content.js:160:3)
[  560002ms] ReferenceError: seeAllLinks is not defined
    at removeFriendsButtons (chrome-extension://pcimamnpccdapeaaejlbecdhiifdnllb/content.js:91:28)
    at updateRobloxHome (chrome-extension://pcimamnpccdapeaaejlbecdhiifdnllb/content.js:160:3)
[  560006ms] ReferenceError: seeAllLinks is not defined
    at removeFriendsButtons (chrome-extension://pcimamnpccdapeaaejlbecdhiifdnllb/content.js:91:28)
    at updateRobloxHome (chrome-extension://pcimamnpccdapeaaejlbecdhiifdnllb/content.js:160:3)
[  560007ms] ReferenceError: seeAllLinks is not defined
    at removeFriendsButtons (chrome-extension://pcimamnpccdapeaaejlbecdhiifdnllb/content.js:91:28)
    at updateRobloxHome (chrome-extension://pcimamnpccdapeaaejlbecdhiifdnllb/content.js:160:3)
[  560008ms] ReferenceError: seeAllLinks is not defined
    at removeFriendsButtons (chrome-extension://pcimamnpccdapeaaejlbecdhiifdnllb/content.js:91:28)
    at updateRobloxHome (chrome-extension://pcimamnpccdapeaaejlbecdhiifdnllb/content.js:160:3)
[  560009ms] ReferenceError: seeAllLinks is not defined
    at removeFriendsButtons (chrome-extension://pcimamnpccdapeaaejlbecdhiifdnllb/content.js:91:28)
    at updateRobloxHome (chrome-extension://pcimamnpccdapeaaejlbecdhiifdnllb/content.js:160:3)
[  560010ms] ReferenceError: seeAllLinks is not defined
    at removeFriendsButtons (chrome-extension://pcimamnpccdapeaaejlbecdhiifdnllb/content.js:91:28)
    at updateRobloxHome (chrome-extension://pcimamnpccdapeaaejlbecdhiifdnllb/content.js:160:3)
[  560013ms] ReferenceError: seeAllLinks is not defined
    at removeFriendsButtons (chrome-extension://pcimamnpccdapeaaejlbecdhiifdnllb/content.js:91:28)
    at updateRobloxHome (chrome-extension://pcimamnpccdapeaaejlbecdhiifdnllb/content.js:160:3)
[  560014ms] ReferenceError: seeAllLinks is not defined
    at removeFriendsButtons (chrome-extension://pcimamnpccdapeaaejlbecdhiifdnllb/content.js:91:28)
    at updateRobloxHome (chrome-extension://pcimamnpccdapeaaejlbecdhiifdnllb/content.js:160:3)
[  560016ms] ReferenceError: seeAllLinks is not defined
    at removeFriendsButtons (chrome-extension://pcimamnpccdapeaaejlbecdhiifdnllb/content.js:91:28)
    at updateRobloxHome (chrome-extension://pcimamnpccdapeaaejlbecdhiifdnllb/content.js:160:3)
[  560017ms] ReferenceError: seeAllLinks is not defined
    at removeFriendsButtons (chrome-extension://pcimamnpccdapeaaejlbecdhiifdnllb/content.js:91:28)
    at updateRobloxHome (chrome-extension://pcimamnpccdapeaaejlbecdhiifdnllb/content.js:160:3)
[  560017ms] ReferenceError: seeAllLinks is not defined
    at removeFriendsButtons (chrome-extension://pcimamnpccdapeaaejlbecdhiifdnllb/content.js:91:28)
    at updateRobloxHome (chrome-extension://pcimamnpccdapeaaejlbecdhiifdnllb/content.js:160:3)
[  560018ms] ReferenceError: seeAllLinks is not defined
    at removeFriendsButtons (chrome-extension://pcimamnpccdapeaaejlbecdhiifdnllb/content.js:91:28)
    at updateRobloxHome (chrome-extension://pcimamnpccdapeaaejlbecdhiifdnllb/content.js:160:3)
[  560020ms] ReferenceError: seeAllLinks is not defined
    at removeFriendsButtons (chrome-extension://pcimamnpccdapeaaejlbecdhiifdnllb/content.js:91:28)
    at updateRobloxHome (chrome-extension://pcimamnpccdapeaaejlbecdhiifdnllb/content.js:160:3)
[  560027ms] ReferenceError: seeAllLinks is not defined
    at removeFriendsButtons (chrome-extension://pcimamnpccdapeaaejlbecdhiifdnllb/content.js:91:28)
    at updateRobloxHome (chrome-extension://pcimamnpccdapeaaejlbecdhiifdnllb/content.js:160:3)
[  560029ms] ReferenceError: seeAllLinks is not defined
    at removeFriendsButtons (chrome-extension://pcimamnpccdapeaaejlbecdhiifdnllb/content.js:91:28)
    at updateRobloxHome (chrome-extension://pcimamnpccdapeaaejlbecdhiifdnllb/content.js:160:3)
[  560031ms] ReferenceError: seeAllLinks is not defined
    at removeFriendsButtons (chrome-extension://pcimamnpccdapeaaejlbecdhiifdnllb/content.js:91:28)
    at updateRobloxHome (chrome-extension://pcimamnpccdapeaaejlbecdhiifdnllb/content.js:160:3)
[  560032ms] ReferenceError: seeAllLinks is not defined
    at removeFriendsButtons (chrome-extension://pcimamnpccdapeaaejlbecdhiifdnllb/content.js:91:28)
    at updateRobloxHome (chrome-extension://pcimamnpccdapeaaejlbecdhiifdnllb/content.js:160:3)
[  560034ms] ReferenceError: seeAllLinks is not defined
    at removeFriendsButtons (chrome-extension://pcimamnpccdapeaaejlbecdhiifdnllb/content.js:91:28)
    at updateRobloxHome (chrome-extension://pcimamnpccdapeaaejlbecdhiifdnllb/content.js:160:3)
[  560050ms] ReferenceError: seeAllLinks is not defined
    at removeFriendsButtons (chrome-extension://pcimamnpccdapeaaejlbecdhiifdnllb/content.js:91:28)
    at updateRobloxHome (chrome-extension://pcimamnpccdapeaaejlbecdhiifdnllb/content.js:160:3)
[  560052ms] ReferenceError: seeAllLinks is not defined
    at removeFriendsButtons (chrome-extension://pcimamnpccdapeaaejlbecdhiifdnllb/content.js:91:28)
    at updateRobloxHome (chrome-extension://pcimamnpccdapeaaejlbecdhiifdnllb/content.js:160:3)
[  560053ms] ReferenceError: seeAllLinks is not defined
    at removeFriendsButtons (chrome-extension://pcimamnpccdapeaaejlbecdhiifdnllb/content.js:91:28)
    at updateRobloxHome (chrome-extension://pcimamnpccdapeaaejlbecdhiifdnllb/content.js:160:3)
[  560055ms] ReferenceError: seeAllLinks is not defined
    at removeFriendsButtons (chrome-extension://pcimamnpccdapeaaejlbecdhiifdnllb/content.js:91:28)
    at updateRobloxHome (chrome-extension://pcimamnpccdapeaaejlbecdhiifdnllb/content.js:160:3)
[  560056ms] ReferenceError: seeAllLinks is not defined
    at removeFriendsButtons (chrome-extension://pcimamnpccdapeaaejlbecdhiifdnllb/content.js:91:28)
    at updateRobloxHome (chrome-extension://pcimamnpccdapeaaejlbecdhiifdnllb/content.js:160:3)
[  560057ms] ReferenceError: seeAllLinks is not defined
    at removeFriendsButtons (chrome-extension://pcimamnpccdapeaaejlbecdhiifdnllb/content.js:91:28)
    at updateRobloxHome (chrome-extension://pcimamnpccdapeaaejlbecdhiifdnllb/content.js:160:3)
[  560065ms] ReferenceError: seeAllLinks is not defined
    at removeFriendsButtons (chrome-extension://pcimamnpccdapeaaejlbecdhiifdnllb/content.js:91:28)
    at updateRobloxHome (chrome-extension://pcimamnpccdapeaaejlbecdhiifdnllb/content.js:160:3)
[  560066ms] ReferenceError: seeAllLinks is not defined
    at removeFriendsButtons (chrome-extension://pcimamnpccdapeaaejlbecdhiifdnllb/content.js:91:28)
    at updateRobloxHome (chrome-extension://pcimamnpccdapeaaejlbecdhiifdnllb/content.js:160:3)
[  560080ms] ReferenceError: seeAllLinks is not defined
    at removeFriendsButtons (chrome-extension://pcimamnpccdapeaaejlbecdhiifdnllb/content.js:91:28)
    at updateRobloxHome (chrome-extension://pcimamnpccdapeaaejlbecdhiifdnllb/content.js:160:3)
[  560081ms] ReferenceError: seeAllLinks is not defined
    at removeFriendsButtons (chrome-extension://pcimamnpccdapeaaejlbecdhiifdnllb/content.js:91:28)
    at updateRobloxHome (chrome-extension://pcimamnpccdapeaaejlbecdhiifdnllb/content.js:160:3)
[  560083ms] ReferenceError: seeAllLinks is not defined
    at removeFriendsButtons (chrome-extension://pcimamnpccdapeaaejlbecdhiifdnllb/content.js:91:28)
    at updateRobloxHome (chrome-extension://pcimamnpccdapeaaejlbecdhiifdnllb/content.js:160:3)
[  560084ms] ReferenceError: seeAllLinks is not defined
    at removeFriendsButtons (chrome-extension://pcimamnpccdapeaaejlbecdhiifdnllb/content.js:91:28)
    at updateRobloxHome (chrome-extension://pcimamnpccdapeaaejlbecdhiifdnllb/content.js:160:3)
[  560088ms] ReferenceError: seeAllLinks is not defined
    at removeFriendsButtons (chrome-extension://pcimamnpccdapeaaejlbecdhiifdnllb/content.js:91:28)
    at updateRobloxHome (chrome-extension://pcimamnpccdapeaaejlbecdhiifdnllb/content.js:160:3)
[  560117ms] ReferenceError: seeAllLinks is not defined
    at removeFriendsButtons (chrome-extension://pcimamnpccdapeaaejlbecdhiifdnllb/content.js:91:28)
    at updateRobloxHome (chrome-extension://pcimamnpccdapeaaejlbecdhiifdnllb/content.js:160:3)
[  560119ms] ReferenceError: seeAllLinks is not defined
    at removeFriendsButtons (chrome-extension://pcimamnpccdapeaaejlbecdhiifdnllb/content.js:91:28)
    at updateRobloxHome (chrome-extension://pcimamnpccdapeaaejlbecdhiifdnllb/content.js:160:3)
[  560121ms] ReferenceError: seeAllLinks is not defined
    at removeFriendsButtons (chrome-extension://pcimamnpccdapeaaejlbecdhiifdnllb/content.js:91:28)
    at updateRobloxHome (chrome-extension://pcimamnpccdapeaaejlbecdhiifdnllb/content.js:160:3)
[  560131ms] ReferenceError: seeAllLinks is not defined
    at removeFriendsButtons (chrome-extension://pcimamnpccdapeaaejlbecdhiifdnllb/content.js:91:28)
    at updateRobloxHome (chrome-extension://pcimamnpccdapeaaejlbecdhiifdnllb/content.js:160:3)
[  560132ms] ReferenceError: seeAllLinks is not defined
    at removeFriendsButtons (chrome-extension://pcimamnpccdapeaaejlbecdhiifdnllb/content.js:91:28)
    at updateRobloxHome (chrome-extension://pcimamnpccdapeaaejlbecdhiifdnllb/content.js:160:3)
[  560135ms] ReferenceError: seeAllLinks is not defined
    at removeFriendsButtons (chrome-extension://pcimamnpccdapeaaejlbecdhiifdnllb/content.js:91:28)
    at updateRobloxHome (chrome-extension://pcimamnpccdapeaaejlbecdhiifdnllb/content.js:160:3)
[  560141ms] ReferenceError: seeAllLinks is not defined
    at removeFriendsButtons (chrome-extension://pcimamnpccdapeaaejlbecdhiifdnllb/content.js:91:28)
    at updateRobloxHome (chrome-extension://pcimamnpccdapeaaejlbecdhiifdnllb/content.js:160:3)
[  560142ms] ReferenceError: seeAllLinks is not defined
    at removeFriendsButtons (chrome-extension://pcimamnpccdapeaaejlbecdhiifdnllb/content.js:91:28)
    at updateRobloxHome (chrome-extension://pcimamnpccdapeaaejlbecdhiifdnllb/content.js:160:3)
[  560147ms] ReferenceError: seeAllLinks is not defined
    at removeFriendsButtons (chrome-extension://pcimamnpccdapeaaejlbecdhiifdnllb/content.js:91:28)
    at updateRobloxHome (chrome-extension://pcimamnpccdapeaaejlbecdhiifdnllb/content.js:160:3)
[  560148ms] ReferenceError: seeAllLinks is not defined
    at removeFriendsButtons (chrome-extension://pcimamnpccdapeaaejlbecdhiifdnllb/content.js:91:28)
    at updateRobloxHome (chrome-extension://pcimamnpccdapeaaejlbecdhiifdnllb/content.js:160:3)
[  560151ms] ReferenceError: seeAllLinks is not defined
    at removeFriendsButtons (chrome-extension://pcimamnpccdapeaaejlbecdhiifdnllb/content.js:91:28)
    at updateRobloxHome (chrome-extension://pcimamnpccdapeaaejlbecdhiifdnllb/content.js:160:3)
[  560158ms] ReferenceError: seeAllLinks is not defined
    at removeFriendsButtons (chrome-extension://pcimamnpccdapeaaejlbecdhiifdnllb/content.js:91:28)
    at updateRobloxHome (chrome-extension://pcimamnpccdapeaaejlbecdhiifdnllb/content.js:160:3)
[  560159ms] ReferenceError: seeAllLinks is not defined
    at removeFriendsButtons (chrome-extension://pcimamnpccdapeaaejlbecdhiifdnllb/content.js:91:28)
    at updateRobloxHome (chrome-extension://pcimamnpccdapeaaejlbecdhiifdnllb/content.js:160:3)
[  560160ms] ReferenceError: seeAllLinks is not defined
    at removeFriendsButtons (chrome-extension://pcimamnpccdapeaaejlbecdhiifdnllb/content.js:91:28)
    at updateRobloxHome (chrome-extension://pcimamnpccdapeaaejlbecdhiifdnllb/content.js:160:3)
[  560166ms] [LOG] WARNING: Tried to load AngularJS more than once. @ https://js.rbxcdn.com/7e3acadef63eb23dd02929eb5e500214e9a8e6400fd42d7a2b35133fc009e0d3-Sentry.js:0
[  560167ms] ReferenceError: seeAllLinks is not defined
    at removeFriendsButtons (chrome-extension://pcimamnpccdapeaaejlbecdhiifdnllb/content.js:91:28)
    at updateRobloxHome (chrome-extension://pcimamnpccdapeaaejlbecdhiifdnllb/content.js:160:3)
[  560168ms] ReferenceError: seeAllLinks is not defined
    at removeFriendsButtons (chrome-extension://pcimamnpccdapeaaejlbecdhiifdnllb/content.js:91:28)
    at updateRobloxHome (chrome-extension://pcimamnpccdapeaaejlbecdhiifdnllb/content.js:160:3)
[  560169ms] ReferenceError: seeAllLinks is not defined
    at removeFriendsButtons (chrome-extension://pcimamnpccdapeaaejlbecdhiifdnllb/content.js:91:28)
    at updateRobloxHome (chrome-extension://pcimamnpccdapeaaejlbecdhiifdnllb/content.js:160:3)
[  560171ms] ReferenceError: seeAllLinks is not defined
    at removeFriendsButtons (chrome-extension://pcimamnpccdapeaaejlbecdhiifdnllb/content.js:91:28)
    at updateRobloxHome (chrome-extension://pcimamnpccdapeaaejlbecdhiifdnllb/content.js:160:3)
[  560174ms] ReferenceError: seeAllLinks is not defined
    at removeFriendsButtons (chrome-extension://pcimamnpccdapeaaejlbecdhiifdnllb/content.js:91:28)
    at updateRobloxHome (chrome-extension://pcimamnpccdapeaaejlbecdhiifdnllb/content.js:160:3)
[  560175ms] ReferenceError: seeAllLinks is not defined
    at removeFriendsButtons (chrome-extension://pcimamnpccdapeaaejlbecdhiifdnllb/content.js:91:28)
    at updateRobloxHome (chrome-extension://pcimamnpccdapeaaejlbecdhiifdnllb/content.js:160:3)
[  560176ms] ReferenceError: seeAllLinks is not defined
    at removeFriendsButtons (chrome-extension://pcimamnpccdapeaaejlbecdhiifdnllb/content.js:91:28)
    at updateRobloxHome (chrome-extension://pcimamnpccdapeaaejlbecdhiifdnllb/content.js:160:3)
[  560177ms] ReferenceError: seeAllLinks is not defined
    at removeFriendsButtons (chrome-extension://pcimamnpccdapeaaejlbecdhiifdnllb/content.js:91:28)
    at updateRobloxHome (chrome-extension://pcimamnpccdapeaaejlbecdhiifdnllb/content.js:160:3)
[  560178ms] ReferenceError: seeAllLinks is not defined
    at removeFriendsButtons (chrome-extension://pcimamnpccdapeaaejlbecdhiifdnllb/content.js:91:28)
    at updateRobloxHome (chrome-extension://pcimamnpccdapeaaejlbecdhiifdnllb/content.js:160:3)
[  560180ms] ReferenceError: seeAllLinks is not defined
    at removeFriendsButtons (chrome-extension://pcimamnpccdapeaaejlbecdhiifdnllb/content.js:91:28)
    at updateRobloxHome (chrome-extension://pcimamnpccdapeaaejlbecdhiifdnllb/content.js:160:3)
[  560181ms] ReferenceError: seeAllLinks is not defined
    at removeFriendsButtons (chrome-extension://pcimamnpccdapeaaejlbecdhiifdnllb/content.js:91:28)
    at updateRobloxHome (chrome-extension://pcimamnpccdapeaaejlbecdhiifdnllb/content.js:160:3)
[  560208ms] ReferenceError: seeAllLinks is not defined
    at removeFriendsButtons (chrome-extension://pcimamnpccdapeaaejlbecdhiifdnllb/content.js:91:28)
    at updateRobloxHome (chrome-extension://pcimamnpccdapeaaejlbecdhiifdnllb/content.js:160:3)
[  560209ms] ReferenceError: seeAllLinks is not defined
    at removeFriendsButtons (chrome-extension://pcimamnpccdapeaaejlbecdhiifdnllb/content.js:91:28)
    at updateRobloxHome (chrome-extension://pcimamnpccdapeaaejlbecdhiifdnllb/content.js:160:3)
[  560212ms] ReferenceError: seeAllLinks is not defined
    at removeFriendsButtons (chrome-extension://pcimamnpccdapeaaejlbecdhiifdnllb/content.js:91:28)
    at updateRobloxHome (chrome-extension://pcimamnpccdapeaaejlbecdhiifdnllb/content.js:160:3)
[  560213ms] ReferenceError: seeAllLinks is not defined
    at removeFriendsButtons (chrome-extension://pcimamnpccdapeaaejlbecdhiifdnllb/content.js:91:28)
    at updateRobloxHome (chrome-extension://pcimamnpccdapeaaejlbecdhiifdnllb/content.js:160:3)
[  560214ms] ReferenceError: seeAllLinks is not defined
    at removeFriendsButtons (chrome-extension://pcimamnpccdapeaaejlbecdhiifdnllb/content.js:91:28)
    at updateRobloxHome (chrome-extension://pcimamnpccdapeaaejlbecdhiifdnllb/content.js:160:3)
[  560215ms] ReferenceError: seeAllLinks is not defined
    at removeFriendsButtons (chrome-extension://pcimamnpccdapeaaejlbecdhiifdnllb/content.js:91:28)
    at updateRobloxHome (chrome-extension://pcimamnpccdapeaaejlbecdhiifdnllb/content.js:160:3)
[  560216ms] ReferenceError: seeAllLinks is not defined
    at removeFriendsButtons (chrome-extension://pcimamnpccdapeaaejlbecdhiifdnllb/content.js:91:28)
    at updateRobloxHome (chrome-extension://pcimamnpccdapeaaejlbecdhiifdnllb/content.js:160:3)
[  560217ms] ReferenceError: seeAllLinks is not defined
    at removeFriendsButtons (chrome-extension://pcimamnpccdapeaaejlbecdhiifdnllb/content.js:91:28)
    at updateRobloxHome (chrome-extension://pcimamnpccdapeaaejlbecdhiifdnllb/content.js:160:3)
[  560218ms] ReferenceError: seeAllLinks is not defined
    at removeFriendsButtons (chrome-extension://pcimamnpccdapeaaejlbecdhiifdnllb/content.js:91:28)
    at updateRobloxHome (chrome-extension://pcimamnpccdapeaaejlbecdhiifdnllb/content.js:160:3)
[  560219ms] ReferenceError: seeAllLinks is not defined
    at removeFriendsButtons (chrome-extension://pcimamnpccdapeaaejlbecdhiifdnllb/content.js:91:28)
    at updateRobloxHome (chrome-extension://pcimamnpccdapeaaejlbecdhiifdnllb/content.js:160:3)
[  560220ms] ReferenceError: seeAllLinks is not defined
    at removeFriendsButtons (chrome-extension://pcimamnpccdapeaaejlbecdhiifdnllb/content.js:91:28)
    at updateRobloxHome (chrome-extension://pcimamnpccdapeaaejlbecdhiifdnllb/content.js:160:3)
[  560221ms] ReferenceError: seeAllLinks is not defined
    at removeFriendsButtons (chrome-extension://pcimamnpccdapeaaejlbecdhiifdnllb/content.js:91:28)
    at updateRobloxHome (chrome-extension://pcimamnpccdapeaaejlbecdhiifdnllb/content.js:160:3)
[  560222ms] ReferenceError: seeAllLinks is not defined
    at removeFriendsButtons (chrome-extension://pcimamnpccdapeaaejlbecdhiifdnllb/content.js:91:28)
    at updateRobloxHome (chrome-extension://pcimamnpccdapeaaejlbecdhiifdnllb/content.js:160:3)
[  560223ms] ReferenceError: seeAllLinks is not defined
    at removeFriendsButtons (chrome-extension://pcimamnpccdapeaaejlbecdhiifdnllb/content.js:91:28)
    at updateRobloxHome (chrome-extension://pcimamnpccdapeaaejlbecdhiifdnllb/content.js:160:3)
[  560224ms] ReferenceError: seeAllLinks is not defined
    at removeFriendsButtons (chrome-extension://pcimamnpccdapeaaejlbecdhiifdnllb/content.js:91:28)
    at updateRobloxHome (chrome-extension://pcimamnpccdapeaaejlbecdhiifdnllb/content.js:160:3)
[  560225ms] ReferenceError: seeAllLinks is not defined
    at removeFriendsButtons (chrome-extension://pcimamnpccdapeaaejlbecdhiifdnllb/content.js:91:28)
    at updateRobloxHome (chrome-extension://pcimamnpccdapeaaejlbecdhiifdnllb/content.js:160:3)
[  560226ms] ReferenceError: seeAllLinks is not defined
    at removeFriendsButtons (chrome-extension://pcimamnpccdapeaaejlbecdhiifdnllb/content.js:91:28)
    at updateRobloxHome (chrome-extension://pcimamnpccdapeaaejlbecdhiifdnllb/content.js:160:3)
[  560228ms] ReferenceError: seeAllLinks is not defined
    at removeFriendsButtons (chrome-extension://pcimamnpccdapeaaejlbecdhiifdnllb/content.js:91:28)
    at updateRobloxHome (chrome-extension://pcimamnpccdapeaaejlbecdhiifdnllb/content.js:160:3)
[  560229ms] ReferenceError: seeAllLinks is not defined
    at removeFriendsButtons (chrome-extension://pcimamnpccdapeaaejlbecdhiifdnllb/content.js:91:28)
    at updateRobloxHome (chrome-extension://pcimamnpccdapeaaejlbecdhiifdnllb/content.js:160:3)
[  560233ms] ReferenceError: seeAllLinks is not defined
    at removeFriendsButtons (chrome-extension://pcimamnpccdapeaaejlbecdhiifdnllb/content.js:91:28)
    at updateRobloxHome (chrome-extension://pcimamnpccdapeaaejlbecdhiifdnllb/content.js:160:3)
[  560235ms] ReferenceError: seeAllLinks is not defined
    at removeFriendsButtons (chrome-extension://pcimamnpccdapeaaejlbecdhiifdnllb/content.js:91:28)
    at updateRobloxHome (chrome-extension://pcimamnpccdapeaaejlbecdhiifdnllb/content.js:160:3)
[  560236ms] ReferenceError: seeAllLinks is not defined
    at removeFriendsButtons (chrome-extension://pcimamnpccdapeaaejlbecdhiifdnllb/content.js:91:28)
    at updateRobloxHome (chrome-extension://pcimamnpccdapeaaejlbecdhiifdnllb/content.js:160:3)
[  560236ms] ReferenceError: seeAllLinks is not defined
    at removeFriendsButtons (chrome-extension://pcimamnpccdapeaaejlbecdhiifdnllb/content.js:91:28)
    at updateRobloxHome (chrome-extension://pcimamnpccdapeaaejlbecdhiifdnllb/content.js:160:3)
[  560238ms] ReferenceError: seeAllLinks is not defined
    at removeFriendsButtons (chrome-extension://pcimamnpccdapeaaejlbecdhiifdnllb/content.js:91:28)
    at updateRobloxHome (chrome-extension://pcimamnpccdapeaaejlbecdhiifdnllb/content.js:160:3)
[  560239ms] ReferenceError: seeAllLinks is not defined
    at removeFriendsButtons (chrome-extension://pcimamnpccdapeaaejlbecdhiifdnllb/content.js:91:28)
    at updateRobloxHome (chrome-extension://pcimamnpccdapeaaejlbecdhiifdnllb/content.js:160:3)
[  560240ms] ReferenceError: seeAllLinks is not defined
    at removeFriendsButtons (chrome-extension://pcimamnpccdapeaaejlbecdhiifdnllb/content.js:91:28)
    at updateRobloxHome (chrome-extension://pcimamnpccdapeaaejlbecdhiifdnllb/content.js:160:3)
[  560241ms] ReferenceError: seeAllLinks is not defined
    at removeFriendsButtons (chrome-extension://pcimamnpccdapeaaejlbecdhiifdnllb/content.js:91:28)
    at updateRobloxHome (chrome-extension://pcimamnpccdapeaaejlbecdhiifdnllb/content.js:160:3)
[  560246ms] ReferenceError: seeAllLinks is not defined
    at removeFriendsButtons (chrome-extension://pcimamnpccdapeaaejlbecdhiifdnllb/content.js:91:28)
    at updateRobloxHome (chrome-extension://pcimamnpccdapeaaejlbecdhiifdnllb/content.js:160:3)
[  560246ms] ReferenceError: seeAllLinks is not defined
    at removeFriendsButtons (chrome-extension://pcimamnpccdapeaaejlbecdhiifdnllb/content.js:91:28)
    at updateRobloxHome (chrome-extension://pcimamnpccdapeaaejlbecdhiifdnllb/content.js:160:3)
[  560247ms] ReferenceError: seeAllLinks is not defined
    at removeFriendsButtons (chrome-extension://pcimamnpccdapeaaejlbecdhiifdnllb/content.js:91:28)
    at updateRobloxHome (chrome-extension://pcimamnpccdapeaaejlbecdhiifdnllb/content.js:160:3)
[  560248ms] ReferenceError: seeAllLinks is not defined
    at removeFriendsButtons (chrome-extension://pcimamnpccdapeaaejlbecdhiifdnllb/content.js:91:28)
    at updateRobloxHome (chrome-extension://pcimamnpccdapeaaejlbecdhiifdnllb/content.js:160:3)
[  560254ms] ReferenceError: seeAllLinks is not defined
    at removeFriendsButtons (chrome-extension://pcimamnpccdapeaaejlbecdhiifdnllb/content.js:91:28)
    at updateRobloxHome (chrome-extension://pcimamnpccdapeaaejlbecdhiifdnllb/content.js:160:3)
[  560265ms] ReferenceError: seeAllLinks is not defined
    at removeFriendsButtons (chrome-extension://pcimamnpccdapeaaejlbecdhiifdnllb/content.js:91:28)
    at updateRobloxHome (chrome-extension://pcimamnpccdapeaaejlbecdhiifdnllb/content.js:160:3)
[  560266ms] ReferenceError: seeAllLinks is not defined
    at removeFriendsButtons (chrome-extension://pcimamnpccdapeaaejlbecdhiifdnllb/content.js:91:28)
    at updateRobloxHome (chrome-extension://pcimamnpccdapeaaejlbecdhiifdnllb/content.js:160:3)
[  560267ms] ReferenceError: seeAllLinks is not defined
    at removeFriendsButtons (chrome-extension://pcimamnpccdapeaaejlbecdhiifdnllb/content.js:91:28)
    at updateRobloxHome (chrome-extension://pcimamnpccdapeaaejlbecdhiifdnllb/content.js:160:3)
[  560272ms] ReferenceError: seeAllLinks is not defined
    at removeFriendsButtons (chrome-extension://pcimamnpccdapeaaejlbecdhiifdnllb/content.js:91:28)
    at updateRobloxHome (chrome-extension://pcimamnpccdapeaaejlbecdhiifdnllb/content.js:160:3)
[  560277ms] ReferenceError: seeAllLinks is not defined
    at removeFriendsButtons (chrome-extension://pcimamnpccdapeaaejlbecdhiifdnllb/content.js:91:28)
    at updateRobloxHome (chrome-extension://pcimamnpccdapeaaejlbecdhiifdnllb/content.js:160:3)
[  560277ms] ReferenceError: seeAllLinks is not defined
    at removeFriendsButtons (chrome-extension://pcimamnpccdapeaaejlbecdhiifdnllb/content.js:91:28)
    at updateRobloxHome (chrome-extension://pcimamnpccdapeaaejlbecdhiifdnllb/content.js:160:3)
[  560282ms] ReferenceError: seeAllLinks is not defined
    at removeFriendsButtons (chrome-extension://pcimamnpccdapeaaejlbecdhiifdnllb/content.js:91:28)
    at updateRobloxHome (chrome-extension://pcimamnpccdapeaaejlbecdhiifdnllb/content.js:160:3)
[  560283ms] ReferenceError: seeAllLinks is not defined
    at removeFriendsButtons (chrome-extension://pcimamnpccdapeaaejlbecdhiifdnllb/content.js:91:28)
    at updateRobloxHome (chrome-extension://pcimamnpccdapeaaejlbecdhiifdnllb/content.js:160:3)
[  560284ms] ReferenceError: seeAllLinks is not defined
    at removeFriendsButtons (chrome-extension://pcimamnpccdapeaaejlbecdhiifdnllb/content.js:91:28)
    at updateRobloxHome (chrome-extension://pcimamnpccdapeaaejlbecdhiifdnllb/content.js:160:3)
[  560285ms] ReferenceError: seeAllLinks is not defined
    at removeFriendsButtons (chrome-extension://pcimamnpccdapeaaejlbecdhiifdnllb/content.js:91:28)
    at updateRobloxHome (chrome-extension://pcimamnpccdapeaaejlbecdhiifdnllb/content.js:160:3)
[  560286ms] ReferenceError: seeAllLinks is not defined
    at removeFriendsButtons (chrome-extension://pcimamnpccdapeaaejlbecdhiifdnllb/content.js:91:28)
    at updateRobloxHome (chrome-extension://pcimamnpccdapeaaejlbecdhiifdnllb/content.js:160:3)
[  560287ms] ReferenceError: seeAllLinks is not defined
    at removeFriendsButtons (chrome-extension://pcimamnpccdapeaaejlbecdhiifdnllb/content.js:91:28)
    at updateRobloxHome (chrome-extension://pcimamnpccdapeaaejlbecdhiifdnllb/content.js:160:3)
[  560288ms] ReferenceError: seeAllLinks is not defined
    at removeFriendsButtons (chrome-extension://pcimamnpccdapeaaejlbecdhiifdnllb/content.js:91:28)
    at updateRobloxHome (chrome-extension://pcimamnpccdapeaaejlbecdhiifdnllb/content.js:160:3)
[  560289ms] ReferenceError: seeAllLinks is not defined
    at removeFriendsButtons (chrome-extension://pcimamnpccdapeaaejlbecdhiifdnllb/content.js:91:28)
    at updateRobloxHome (chrome-extension://pcimamnpccdapeaaejlbecdhiifdnllb/content.js:160:3)
[  560291ms] ReferenceError: seeAllLinks is not defined
    at removeFriendsButtons (chrome-extension://pcimamnpccdapeaaejlbecdhiifdnllb/content.js:91:28)
    at updateRobloxHome (chrome-extension://pcimamnpccdapeaaejlbecdhiifdnllb/content.js:160:3)
[  560292ms] ReferenceError: seeAllLinks is not defined
    at removeFriendsButtons (chrome-extension://pcimamnpccdapeaaejlbecdhiifdnllb/content.js:91:28)
    at updateRobloxHome (chrome-extension://pcimamnpccdapeaaejlbecdhiifdnllb/content.js:160:3)
[  560293ms] ReferenceError: seeAllLinks is not defined
    at removeFriendsButtons (chrome-extension://pcimamnpccdapeaaejlbecdhiifdnllb/content.js:91:28)
    at updateRobloxHome (chrome-extension://pcimamnpccdapeaaejlbecdhiifdnllb/content.js:160:3)
[  560294ms] ReferenceError: seeAllLinks is not defined
    at removeFriendsButtons (chrome-extension://pcimamnpccdapeaaejlbecdhiifdnllb/content.js:91:28)
    at updateRobloxHome (chrome-extension://pcimamnpccdapeaaejlbecdhiifdnllb/content.js:160:3)
[  560296ms] ReferenceError: seeAllLinks is not defined
    at removeFriendsButtons (chrome-extension://pcimamnpccdapeaaejlbecdhiifdnllb/content.js:91:28)
    at updateRobloxHome (chrome-extension://pcimamnpccdapeaaejlbecdhiifdnllb/content.js:160:3)
[  560297ms] ReferenceError: seeAllLinks is not defined
    at removeFriendsButtons (chrome-extension://pcimamnpccdapeaaejlbecdhiifdnllb/content.js:91:28)
    at updateRobloxHome (chrome-extension://pcimamnpccdapeaaejlbecdhiifdnllb/content.js:160:3)
[  560298ms] ReferenceError: seeAllLinks is not defined
    at removeFriendsButtons (chrome-extension://pcimamnpccdapeaaejlbecdhiifdnllb/content.js:91:28)
    at updateRobloxHome (chrome-extension://pcimamnpccdapeaaejlbecdhiifdnllb/content.js:160:3)
[  560299ms] ReferenceError: seeAllLinks is not defined
    at removeFriendsButtons (chrome-extension://pcimamnpccdapeaaejlbecdhiifdnllb/content.js:91:28)
    at updateRobloxHome (chrome-extension://pcimamnpccdapeaaejlbecdhiifdnllb/content.js:160:3)
[  560301ms] ReferenceError: seeAllLinks is not defined
    at removeFriendsButtons (chrome-extension://pcimamnpccdapeaaejlbecdhiifdnllb/content.js:91:28)
    at updateRobloxHome (chrome-extension://pcimamnpccdapeaaejlbecdhiifdnllb/content.js:160:3)
[  560301ms] ReferenceError: seeAllLinks is not defined
    at removeFriendsButtons (chrome-extension://pcimamnpccdapeaaejlbecdhiifdnllb/content.js:91:28)
    at updateRobloxHome (chrome-extension://pcimamnpccdapeaaejlbecdhiifdnllb/content.js:160:3)
[  560303ms] ReferenceError: seeAllLinks is not defined
    at removeFriendsButtons (chrome-extension://pcimamnpccdapeaaejlbecdhiifdnllb/content.js:91:28)
    at updateRobloxHome (chrome-extension://pcimamnpccdapeaaejlbecdhiifdnllb/content.js:160:3)
[  560305ms] ReferenceError: seeAllLinks is not defined
    at removeFriendsButtons (chrome-extension://pcimamnpccdapeaaejlbecdhiifdnllb/content.js:91:28)
    at updateRobloxHome (chrome-extension://pcimamnpccdapeaaejlbecdhiifdnllb/content.js:160:3)
[  560305ms] ReferenceError: seeAllLinks is not defined
    at removeFriendsButtons (chrome-extension://pcimamnpccdapeaaejlbecdhiifdnllb/content.js:91:28)
    at updateRobloxHome (chrome-extension://pcimamnpccdapeaaejlbecdhiifdnllb/content.js:160:3)
[  560307ms] ReferenceError: seeAllLinks is not defined
    at removeFriendsButtons (chrome-extension://pcimamnpccdapeaaejlbecdhiifdnllb/content.js:91:28)
    at updateRobloxHome (chrome-extension://pcimamnpccdapeaaejlbecdhiifdnllb/content.js:160:3)
[  560307ms] ReferenceError: seeAllLinks is not defined
    at removeFriendsButtons (chrome-extension://pcimamnpccdapeaaejlbecdhiifdnllb/content.js:91:28)
    at updateRobloxHome (chrome-extension://pcimamnpccdapeaaejlbecdhiifdnllb/content.js:160:3)
[  560308ms] ReferenceError: seeAllLinks is not defined
    at removeFriendsButtons (chrome-extension://pcimamnpccdapeaaejlbecdhiifdnllb/content.js:91:28)
    at updateRobloxHome (chrome-extension://pcimamnpccdapeaaejlbecdhiifdnllb/content.js:160:3)
[  560310ms] ReferenceError: seeAllLinks is not defined
    at removeFriendsButtons (chrome-extension://pcimamnpccdapeaaejlbecdhiifdnllb/content.js:91:28)
    at updateRobloxHome (chrome-extension://pcimamnpccdapeaaejlbecdhiifdnllb/content.js:160:3)
[  560312ms] ReferenceError: seeAllLinks is not defined
    at removeFriendsButtons (chrome-extension://pcimamnpccdapeaaejlbecdhiifdnllb/content.js:91:28)
    at updateRobloxHome (chrome-extension://pcimamnpccdapeaaejlbecdhiifdnllb/content.js:160:3)
[  560325ms] [WARNING] An error occurred! For more details, see the full error text at https://go.apollo.dev/c/err#%7B%22version%22%3A%223.14.0%22%2C%22message%22%3A104%2C%22args%22%3A%5B%22ApolloClient%22%2C%22connectToDevTools%22%2C%22Please%20use%20%60devtools.enabled%60%20instead.%22%5D%7D @ https://js.rbxcdn.com/7e3acadef63eb23dd02929eb5e500214e9a8e6400fd42d7a2b35133fc009e0d3-Sentry.js:0
[  560327ms] ReferenceError: seeAllLinks is not defined
    at removeFriendsButtons (chrome-extension://pcimamnpccdapeaaejlbecdhiifdnllb/content.js:91:28)
    at updateRobloxHome (chrome-extension://pcimamnpccdapeaaejlbecdhiifdnllb/content.js:160:3)
[  560328ms] ReferenceError: seeAllLinks is not defined
    at removeFriendsButtons (chrome-extension://pcimamnpccdapeaaejlbecdhiifdnllb/content.js:91:28)
    at updateRobloxHome (chrome-extension://pcimamnpccdapeaaejlbecdhiifdnllb/content.js:160:3)
[  560332ms] ReferenceError: seeAllLinks is not defined
    at removeFriendsButtons (chrome-extension://pcimamnpccdapeaaejlbecdhiifdnllb/content.js:91:28)
    at updateRobloxHome (chrome-extension://pcimamnpccdapeaaejlbecdhiifdnllb/content.js:160:3)
[  560333ms] ReferenceError: seeAllLinks is not defined
    at removeFriendsButtons (chrome-extension://pcimamnpccdapeaaejlbecdhiifdnllb/content.js:91:28)
    at updateRobloxHome (chrome-extension://pcimamnpccdapeaaejlbecdhiifdnllb/content.js:160:3)
[  560334ms] ReferenceError: seeAllLinks is not defined
    at removeFriendsButtons (chrome-extension://pcimamnpccdapeaaejlbecdhiifdnllb/content.js:91:28)
    at updateRobloxHome (chrome-extension://pcimamnpccdapeaaejlbecdhiifdnllb/content.js:160:3)
[  560335ms] ReferenceError: seeAllLinks is not defined
    at removeFriendsButtons (chrome-extension://pcimamnpccdapeaaejlbecdhiifdnllb/content.js:91:28)
    at updateRobloxHome (chrome-extension://pcimamnpccdapeaaejlbecdhiifdnllb/content.js:160:3)
[  560336ms] ReferenceError: seeAllLinks is not defined
    at removeFriendsButtons (chrome-extension://pcimamnpccdapeaaejlbecdhiifdnllb/content.js:91:28)
    at updateRobloxHome (chrome-extension://pcimamnpccdapeaaejlbecdhiifdnllb/content.js:160:3)
[  560337ms] ReferenceError: seeAllLinks is not defined
    at removeFriendsButtons (chrome-extension://pcimamnpccdapeaaejlbecdhiifdnllb/content.js:91:28)
    at updateRobloxHome (chrome-extension://pcimamnpccdapeaaejlbecdhiifdnllb/content.js:160:3)
[  560339ms] ReferenceError: seeAllLinks is not defined
    at removeFriendsButtons (chrome-extension://pcimamnpccdapeaaejlbecdhiifdnllb/content.js:91:28)
    at updateRobloxHome (chrome-extension://pcimamnpccdapeaaejlbecdhiifdnllb/content.js:160:3)
[  560340ms] ReferenceError: seeAllLinks is not defined
    at removeFriendsButtons (chrome-extension://pcimamnpccdapeaaejlbecdhiifdnllb/content.js:91:28)
    at updateRobloxHome (chrome-extension://pcimamnpccdapeaaejlbecdhiifdnllb/content.js:160:3)
[  560341ms] ReferenceError: seeAllLinks is not defined
    at removeFriendsButtons (chrome-extension://pcimamnpccdapeaaejlbecdhiifdnllb/content.js:91:28)
    at updateRobloxHome (chrome-extension://pcimamnpccdapeaaejlbecdhiifdnllb/content.js:160:3)
[  560342ms] ReferenceError: seeAllLinks is not defined
    at removeFriendsButtons (chrome-extension://pcimamnpccdapeaaejlbecdhiifdnllb/content.js:91:28)
    at updateRobloxHome (chrome-extension://pcimamnpccdapeaaejlbecdhiifdnllb/content.js:160:3)
[  560343ms] [WARNING] The namespace Purchasing.PurchaseDialog was not found @ https://js.rbxcdn.com/7e3acadef63eb23dd02929eb5e500214e9a8e6400fd42d7a2b35133fc009e0d3-Sentry.js:0
[  560344ms] ReferenceError: seeAllLinks is not defined
    at removeFriendsButtons (chrome-extension://pcimamnpccdapeaaejlbecdhiifdnllb/content.js:91:28)
    at updateRobloxHome (chrome-extension://pcimamnpccdapeaaejlbecdhiifdnllb/content.js:160:3)
[  560345ms] ReferenceError: seeAllLinks is not defined
    at removeFriendsButtons (chrome-extension://pcimamnpccdapeaaejlbecdhiifdnllb/content.js:91:28)
    at updateRobloxHome (chrome-extension://pcimamnpccdapeaaejlbecdhiifdnllb/content.js:160:3)
[  560349ms] ReferenceError: seeAllLinks is not defined
    at removeFriendsButtons (chrome-extension://pcimamnpccdapeaaejlbecdhiifdnllb/content.js:91:28)
    at updateRobloxHome (chrome-extension://pcimamnpccdapeaaejlbecdhiifdnllb/content.js:160:3)
[  560350ms] ReferenceError: seeAllLinks is not defined
    at removeFriendsButtons (chrome-extension://pcimamnpccdapeaaejlbecdhiifdnllb/content.js:91:28)
    at updateRobloxHome (chrome-extension://pcimamnpccdapeaaejlbecdhiifdnllb/content.js:160:3)
[  560352ms] ReferenceError: seeAllLinks is not defined
    at removeFriendsButtons (chrome-extension://pcimamnpccdapeaaejlbecdhiifdnllb/content.js:91:28)
    at updateRobloxHome (chrome-extension://pcimamnpccdapeaaejlbecdhiifdnllb/content.js:160:3)
[  560353ms] ReferenceError: seeAllLinks is not defined
    at removeFriendsButtons (chrome-extension://pcimamnpccdapeaaejlbecdhiifdnllb/content.js:91:28)
    at updateRobloxHome (chrome-extension://pcimamnpccdapeaaejlbecdhiifdnllb/content.js:160:3)
[  560356ms] ReferenceError: seeAllLinks is not defined
    at removeFriendsButtons (chrome-extension://pcimamnpccdapeaaejlbecdhiifdnllb/content.js:91:28)
    at updateRobloxHome (chrome-extension://pcimamnpccdapeaaejlbecdhiifdnllb/content.js:160:3)
[  560356ms] ReferenceError: seeAllLinks is not defined
    at removeFriendsButtons (chrome-extension://pcimamnpccdapeaaejlbecdhiifdnllb/content.js:91:28)
    at updateRobloxHome (chrome-extension://pcimamnpccdapeaaejlbecdhiifdnllb/content.js:160:3)
[  560358ms] ReferenceError: seeAllLinks is not defined
    at removeFriendsButtons (chrome-extension://pcimamnpccdapeaaejlbecdhiifdnllb/content.js:91:28)
    at updateRobloxHome (chrome-extension://pcimamnpccdapeaaejlbecdhiifdnllb/content.js:160:3)
[  560359ms] ReferenceError: seeAllLinks is not defined
    at removeFriendsButtons (chrome-extension://pcimamnpccdapeaaejlbecdhiifdnllb/content.js:91:28)
    at updateRobloxHome (chrome-extension://pcimamnpccdapeaaejlbecdhiifdnllb/content.js:160:3)
[  560361ms] ReferenceError: seeAllLinks is not defined
    at removeFriendsButtons (chrome-extension://pcimamnpccdapeaaejlbecdhiifdnllb/content.js:91:28)
    at updateRobloxHome (chrome-extension://pcimamnpccdapeaaejlbecdhiifdnllb/content.js:160:3)
[  560362ms] ReferenceError: seeAllLinks is not defined
    at removeFriendsButtons (chrome-extension://pcimamnpccdapeaaejlbecdhiifdnllb/content.js:91:28)
    at updateRobloxHome (chrome-extension://pcimamnpccdapeaaejlbecdhiifdnllb/content.js:160:3)
[  560367ms] ReferenceError: seeAllLinks is not defined
    at removeFriendsButtons (chrome-extension://pcimamnpccdapeaaejlbecdhiifdnllb/content.js:91:28)
    at updateRobloxHome (chrome-extension://pcimamnpccdapeaaejlbecdhiifdnllb/content.js:160:3)
[  560369ms] ReferenceError: seeAllLinks is not defined
    at removeFriendsButtons (chrome-extension://pcimamnpccdapeaaejlbecdhiifdnllb/content.js:91:28)
    at updateRobloxHome (chrome-extension://pcimamnpccdapeaaejlbecdhiifdnllb/content.js:160:3)
[  560370ms] ReferenceError: seeAllLinks is not defined
    at removeFriendsButtons (chrome-extension://pcimamnpccdapeaaejlbecdhiifdnllb/content.js:91:28)
    at updateRobloxHome (chrome-extension://pcimamnpccdapeaaejlbecdhiifdnllb/content.js:160:3)
[  560373ms] ReferenceError: seeAllLinks is not defined
    at removeFriendsButtons (chrome-extension://pcimamnpccdapeaaejlbecdhiifdnllb/content.js:91:28)
    at updateRobloxHome (chrome-extension://pcimamnpccdapeaaejlbecdhiifdnllb/content.js:160:3)
[  560373ms] ReferenceError: seeAllLinks is not defined
    at removeFriendsButtons (chrome-extension://pcimamnpccdapeaaejlbecdhiifdnllb/content.js:91:28)
    at updateRobloxHome (chrome-extension://pcimamnpccdapeaaejlbecdhiifdnllb/content.js:160:3)
[  560375ms] ReferenceError: seeAllLinks is not defined
    at removeFriendsButtons (chrome-extension://pcimamnpccdapeaaejlbecdhiifdnllb/content.js:91:28)
    at updateRobloxHome (chrome-extension://pcimamnpccdapeaaejlbecdhiifdnllb/content.js:160:3)
[  560376ms] ReferenceError: seeAllLinks is not defined
    at removeFriendsButtons (chrome-extension://pcimamnpccdapeaaejlbecdhiifdnllb/content.js:91:28)
    at updateRobloxHome (chrome-extension://pcimamnpccdapeaaejlbecdhiifdnllb/content.js:160:3)
[  560377ms] ReferenceError: seeAllLinks is not defined
    at removeFriendsButtons (chrome-extension://pcimamnpccdapeaaejlbecdhiifdnllb/content.js:91:28)
    at updateRobloxHome (chrome-extension://pcimamnpccdapeaaejlbecdhiifdnllb/content.js:160:3)
[  560378ms] ReferenceError: seeAllLinks is not defined
    at removeFriendsButtons (chrome-extension://pcimamnpccdapeaaejlbecdhiifdnllb/content.js:91:28)
    at updateRobloxHome (chrome-extension://pcimamnpccdapeaaejlbecdhiifdnllb/content.js:160:3)
[  560380ms] ReferenceError: seeAllLinks is not defined
    at removeFriendsButtons (chrome-extension://pcimamnpccdapeaaejlbecdhiifdnllb/content.js:91:28)
    at updateRobloxHome (chrome-extension://pcimamnpccdapeaaejlbecdhiifdnllb/content.js:160:3)
[  560383ms] ReferenceError: seeAllLinks is not defined
    at removeFriendsButtons (chrome-extension://pcimamnpccdapeaaejlbecdhiifdnllb/content.js:91:28)
    at updateRobloxHome (chrome-extension://pcimamnpccdapeaaejlbecdhiifdnllb/content.js:160:3)
[  560383ms] ReferenceError: seeAllLinks is not defined
    at removeFriendsButtons (chrome-extension://pcimamnpccdapeaaejlbecdhiifdnllb/content.js:91:28)
    at updateRobloxHome (chrome-extension://pcimamnpccdapeaaejlbecdhiifdnllb/content.js:160:3)
[  560387ms] ReferenceError: seeAllLinks is not defined
    at removeFriendsButtons (chrome-extension://pcimamnpccdapeaaejlbecdhiifdnllb/content.js:91:28)
    at updateRobloxHome (chrome-extension://pcimamnpccdapeaaejlbecdhiifdnllb/content.js:160:3)
[  560389ms] ReferenceError: seeAllLinks is not defined
    at removeFriendsButtons (chrome-extension://pcimamnpccdapeaaejlbecdhiifdnllb/content.js:91:28)
    at updateRobloxHome (chrome-extension://pcimamnpccdapeaaejlbecdhiifdnllb/content.js:160:3)
[  560390ms] ReferenceError: seeAllLinks is not defined
    at removeFriendsButtons (chrome-extension://pcimamnpccdapeaaejlbecdhiifdnllb/content.js:91:28)
    at updateRobloxHome (chrome-extension://pcimamnpccdapeaaejlbecdhiifdnllb/content.js:160:3)
[  560391ms] ReferenceError: seeAllLinks is not defined
    at removeFriendsButtons (chrome-extension://pcimamnpccdapeaaejlbecdhiifdnllb/content.js:91:28)
    at updateRobloxHome (chrome-extension://pcimamnpccdapeaaejlbecdhiifdnllb/content.js:160:3)
[  560409ms] ReferenceError: seeAllLinks is not defined
    at removeFriendsButtons (chrome-extension://pcimamnpccdapeaaejlbecdhiifdnllb/content.js:91:28)
    at updateRobloxHome (chrome-extension://pcimamnpccdapeaaejlbecdhiifdnllb/content.js:160:3)
[  560409ms] ReferenceError: seeAllLinks is not defined
    at removeFriendsButtons (chrome-extension://pcimamnpccdapeaaejlbecdhiifdnllb/content.js:91:28)
    at updateRobloxHome (chrome-extension://pcimamnpccdapeaaejlbecdhiifdnllb/content.js:160:3)
[  560410ms] ReferenceError: seeAllLinks is not defined
    at removeFriendsButtons (chrome-extension://pcimamnpccdapeaaejlbecdhiifdnllb/content.js:91:28)
    at updateRobloxHome (chrome-extension://pcimamnpccdapeaaejlbecdhiifdnllb/content.js:160:3)
[  560415ms] ReferenceError: seeAllLinks is not defined
    at removeFriendsButtons (chrome-extension://pcimamnpccdapeaaejlbecdhiifdnllb/content.js:91:28)
    at updateRobloxHome (chrome-extension://pcimamnpccdapeaaejlbecdhiifdnllb/content.js:160:3)
[  560416ms] ReferenceError: seeAllLinks is not defined
    at removeFriendsButtons (chrome-extension://pcimamnpccdapeaaejlbecdhiifdnllb/content.js:91:28)
    at updateRobloxHome (chrome-extension://pcimamnpccdapeaaejlbecdhiifdnllb/content.js:160:3)
[  560417ms] ReferenceError: seeAllLinks is not defined
    at removeFriendsButtons (chrome-extension://pcimamnpccdapeaaejlbecdhiifdnllb/content.js:91:28)
    at updateRobloxHome (chrome-extension://pcimamnpccdapeaaejlbecdhiifdnllb/content.js:160:3)
[  560417ms] ReferenceError: seeAllLinks is not defined
    at removeFriendsButtons (chrome-extension://pcimamnpccdapeaaejlbecdhiifdnllb/content.js:91:28)
    at updateRobloxHome (chrome-extension://pcimamnpccdapeaaejlbecdhiifdnllb/content.js:160:3)
[  560419ms] ReferenceError: seeAllLinks is not defined
    at removeFriendsButtons (chrome-extension://pcimamnpccdapeaaejlbecdhiifdnllb/content.js:91:28)
    at updateRobloxHome (chrome-extension://pcimamnpccdapeaaejlbecdhiifdnllb/content.js:160:3)
[  560419ms] ReferenceError: seeAllLinks is not defined
    at removeFriendsButtons (chrome-extension://pcimamnpccdapeaaejlbecdhiifdnllb/content.js:91:28)
    at updateRobloxHome (chrome-extension://pcimamnpccdapeaaejlbecdhiifdnllb/content.js:160:3)
[  560421ms] ReferenceError: seeAllLinks is not defined
    at removeFriendsButtons (chrome-extension://pcimamnpccdapeaaejlbecdhiifdnllb/content.js:91:28)
    at updateRobloxHome (chrome-extension://pcimamnpccdapeaaejlbecdhiifdnllb/content.js:160:3)
[  560422ms] ReferenceError: seeAllLinks is not defined
    at removeFriendsButtons (chrome-extension://pcimamnpccdapeaaejlbecdhiifdnllb/content.js:91:28)
    at updateRobloxHome (chrome-extension://pcimamnpccdapeaaejlbecdhiifdnllb/content.js:160:3)
[  560423ms] ReferenceError: seeAllLinks is not defined
    at removeFriendsButtons (chrome-extension://pcimamnpccdapeaaejlbecdhiifdnllb/content.js:91:28)
    at updateRobloxHome (chrome-extension://pcimamnpccdapeaaejlbecdhiifdnllb/content.js:160:3)
[  560424ms] ReferenceError: seeAllLinks is not defined
    at removeFriendsButtons (chrome-extension://pcimamnpccdapeaaejlbecdhiifdnllb/content.js:91:28)
    at updateRobloxHome (chrome-extension://pcimamnpccdapeaaejlbecdhiifdnllb/content.js:160:3)
[  560426ms] ReferenceError: seeAllLinks is not defined
    at removeFriendsButtons (chrome-extension://pcimamnpccdapeaaejlbecdhiifdnllb/content.js:91:28)
    at updateRobloxHome (chrome-extension://pcimamnpccdapeaaejlbecdhiifdnllb/content.js:160:3)
[  560450ms] ReferenceError: seeAllLinks is not defined
    at removeFriendsButtons (chrome-extension://pcimamnpccdapeaaejlbecdhiifdnllb/content.js:91:28)
    at updateRobloxHome (chrome-extension://pcimamnpccdapeaaejlbecdhiifdnllb/content.js:160:3)
[  560450ms] ReferenceError: seeAllLinks is not defined
    at removeFriendsButtons (chrome-extension://pcimamnpccdapeaaejlbecdhiifdnllb/content.js:91:28)
    at updateRobloxHome (chrome-extension://pcimamnpccdapeaaejlbecdhiifdnllb/content.js:160:3)
[  560458ms] ReferenceError: seeAllLinks is not defined
    at removeFriendsButtons (chrome-extension://pcimamnpccdapeaaejlbecdhiifdnllb/content.js:91:28)
    at updateRobloxHome (chrome-extension://pcimamnpccdapeaaejlbecdhiifdnllb/content.js:160:3)
[  560459ms] ReferenceError: seeAllLinks is not defined
    at removeFriendsButtons (chrome-extension://pcimamnpccdapeaaejlbecdhiifdnllb/content.js:91:28)
    at updateRobloxHome (chrome-extension://pcimamnpccdapeaaejlbecdhiifdnllb/content.js:160:3)
[  560461ms] ReferenceError: seeAllLinks is not defined
    at removeFriendsButtons (chrome-extension://pcimamnpccdapeaaejlbecdhiifdnllb/content.js:91:28)
    at updateRobloxHome (chrome-extension://pcimamnpccdapeaaejlbecdhiifdnllb/content.js:160:3)
[  560462ms] ReferenceError: seeAllLinks is not defined
    at removeFriendsButtons (chrome-extension://pcimamnpccdapeaaejlbecdhiifdnllb/content.js:91:28)
    at updateRobloxHome (chrome-extension://pcimamnpccdapeaaejlbecdhiifdnllb/content.js:160:3)
[  560463ms] ReferenceError: seeAllLinks is not defined
    at removeFriendsButtons (chrome-extension://pcimamnpccdapeaaejlbecdhiifdnllb/content.js:91:28)
    at updateRobloxHome (chrome-extension://pcimamnpccdapeaaejlbecdhiifdnllb/content.js:160:3)
[  560465ms] ReferenceError: seeAllLinks is not defined
    at removeFriendsButtons (chrome-extension://pcimamnpccdapeaaejlbecdhiifdnllb/content.js:91:28)
    at updateRobloxHome (chrome-extension://pcimamnpccdapeaaejlbecdhiifdnllb/content.js:160:3)
[  560466ms] ReferenceError: seeAllLinks is not defined
    at removeFriendsButtons (chrome-extension://pcimamnpccdapeaaejlbecdhiifdnllb/content.js:91:28)
    at updateRobloxHome (chrome-extension://pcimamnpccdapeaaejlbecdhiifdnllb/content.js:160:3)
[  560468ms] ReferenceError: seeAllLinks is not defined
    at removeFriendsButtons (chrome-extension://pcimamnpccdapeaaejlbecdhiifdnllb/content.js:91:28)
    at updateRobloxHome (chrome-extension://pcimamnpccdapeaaejlbecdhiifdnllb/content.js:160:3)
[  560482ms] [LOG] 
      _______      _________      _____       ______     _
     / _____ \    |____ ____|    / ___ \     | ____ \   | |
    / /     \_\       | |       / /   \ \    | |   \ \  | |
    | |               | |      / /     \ \   | |   | |  | |
    \ \______         | |      | |     | |   | |___/ /  | |
     \______ \        | |      | |     | |   |  ____/   | |
            \ \       | |      | |     | |   | |        | |
     _      | |       | |      \ \     / /   | |        |_|
    \ \_____/ /       | |       \ \___/ /    | |         _
     \_______/        |_|        \_____/     |_|        |_|

     Keep your account safe! Do not send any information from
     here to anyone or paste any text here.

     If someone is asking you to copy or paste text here then
     you're giving someone access to your account, your gear,
     and your Robux.

     To learn more about keeping your account safe you can go to

     https://www.roblox.com/info/account-safety @ https://js.rbxcdn.com/7e3acadef63eb23dd02929eb5e500214e9a8e6400fd42d7a2b35133fc009e0d3-Sentry.js:0
[  560510ms] ReferenceError: seeAllLinks is not defined
    at removeFriendsButtons (chrome-extension://pcimamnpccdapeaaejlbecdhiifdnllb/content.js:91:28)
    at updateRobloxHome (chrome-extension://pcimamnpccdapeaaejlbecdhiifdnllb/content.js:160:3)
[  560521ms] ReferenceError: seeAllLinks is not defined
    at removeFriendsButtons (chrome-extension://pcimamnpccdapeaaejlbecdhiifdnllb/content.js:91:28)
    at updateRobloxHome (chrome-extension://pcimamnpccdapeaaejlbecdhiifdnllb/content.js:160:3)
[  560579ms] ReferenceError: seeAllLinks is not defined
    at removeFriendsButtons (chrome-extension://pcimamnpccdapeaaejlbecdhiifdnllb/content.js:91:28)
    at updateRobloxHome (chrome-extension://pcimamnpccdapeaaejlbecdhiifdnllb/content.js:160:3)
[  560580ms] ReferenceError: seeAllLinks is not defined
    at removeFriendsButtons (chrome-extension://pcimamnpccdapeaaejlbecdhiifdnllb/content.js:91:28)
    at updateRobloxHome (chrome-extension://pcimamnpccdapeaaejlbecdhiifdnllb/content.js:160:3)
[  560581ms] ReferenceError: seeAllLinks is not defined
    at removeFriendsButtons (chrome-extension://pcimamnpccdapeaaejlbecdhiifdnllb/content.js:91:28)
    at updateRobloxHome (chrome-extension://pcimamnpccdapeaaejlbecdhiifdnllb/content.js:160:3)
[  560592ms] ReferenceError: seeAllLinks is not defined
    at removeFriendsButtons (chrome-extension://pcimamnpccdapeaaejlbecdhiifdnllb/content.js:91:28)
    at updateRobloxHome (chrome-extension://pcimamnpccdapeaaejlbecdhiifdnllb/content.js:160:3)
[  560601ms] ReferenceError: seeAllLinks is not defined
    at removeFriendsButtons (chrome-extension://pcimamnpccdapeaaejlbecdhiifdnllb/content.js:91:28)
    at updateRobloxHome (chrome-extension://pcimamnpccdapeaaejlbecdhiifdnllb/content.js:160:3)
[  560606ms] ReferenceError: seeAllLinks is not defined
    at removeFriendsButtons (chrome-extension://pcimamnpccdapeaaejlbecdhiifdnllb/content.js:91:28)
    at updateRobloxHome (chrome-extension://pcimamnpccdapeaaejlbecdhiifdnllb/content.js:160:3)
[  560868ms] ReferenceError: seeAllLinks is not defined
    at removeFriendsButtons (chrome-extension://pcimamnpccdapeaaejlbecdhiifdnllb/content.js:91:28)
    at updateRobloxHome (chrome-extension://pcimamnpccdapeaaejlbecdhiifdnllb/content.js:160:3)
[  560894ms] ReferenceError: seeAllLinks is not defined
    at removeFriendsButtons (chrome-extension://pcimamnpccdapeaaejlbecdhiifdnllb/content.js:91:28)
    at updateRobloxHome (chrome-extension://pcimamnpccdapeaaejlbecdhiifdnllb/content.js:160:3)
[  561008ms] [ERROR] Failed to load resource: the server responded with a status of 403 () @ https://apis.roblox.com/user-heartbeats-api/pulse:0
[  561015ms] [LOG] Account Security Prompt: No assignments were retrieved @ https://js.rbxcdn.com/7e3acadef63eb23dd02929eb5e500214e9a8e6400fd42d7a2b35133fc009e0d3-Sentry.js:0
[  561051ms] ReferenceError: seeAllLinks is not defined
    at removeFriendsButtons (chrome-extension://pcimamnpccdapeaaejlbecdhiifdnllb/content.js:91:28)
    at updateRobloxHome (chrome-extension://pcimamnpccdapeaaejlbecdhiifdnllb/content.js:160:3)
[  561254ms] ReferenceError: seeAllLinks is not defined
    at removeFriendsButtons (chrome-extension://pcimamnpccdapeaaejlbecdhiifdnllb/content.js:91:28)
    at updateRobloxHome (chrome-extension://pcimamnpccdapeaaejlbecdhiifdnllb/content.js:160:3)
[  561258ms] ReferenceError: seeAllLinks is not defined
    at removeFriendsButtons (chrome-extension://pcimamnpccdapeaaejlbecdhiifdnllb/content.js:91:28)
    at updateRobloxHome (chrome-extension://pcimamnpccdapeaaejlbecdhiifdnllb/content.js:160:3)
[  561323ms] ReferenceError: seeAllLinks is not defined
    at removeFriendsButtons (chrome-extension://pcimamnpccdapeaaejlbecdhiifdnllb/content.js:91:28)
    at updateRobloxHome (chrome-extension://pcimamnpccdapeaaejlbecdhiifdnllb/content.js:160:3)
[  561415ms] ReferenceError: seeAllLinks is not defined
    at removeFriendsButtons (chrome-extension://pcimamnpccdapeaaejlbecdhiifdnllb/content.js:91:28)
    at updateRobloxHome (chrome-extension://pcimamnpccdapeaaejlbecdhiifdnllb/content.js:160:3)
[  561539ms] ReferenceError: seeAllLinks is not defined
    at removeFriendsButtons (chrome-extension://pcimamnpccdapeaaejlbecdhiifdnllb/content.js:91:28)
    at updateRobloxHome (chrome-extension://pcimamnpccdapeaaejlbecdhiifdnllb/content.js:160:3)
[  562105ms] ReferenceError: seeAllLinks is not defined
    at removeFriendsButtons (chrome-extension://pcimamnpccdapeaaejlbecdhiifdnllb/content.js:91:28)
    at updateRobloxHome (chrome-extension://pcimamnpccdapeaaejlbecdhiifdnllb/content.js:160:3)
[  562106ms] ReferenceError: seeAllLinks is not defined
    at removeFriendsButtons (chrome-extension://pcimamnpccdapeaaejlbecdhiifdnllb/content.js:91:28)
    at updateRobloxHome (chrome-extension://pcimamnpccdapeaaejlbecdhiifdnllb/content.js:160:3)
[  562554ms] ReferenceError: seeAllLinks is not defined
    at removeFriendsButtons (chrome-extension://pcimamnpccdapeaaejlbecdhiifdnllb/content.js:91:28)
    at updateRobloxHome (chrome-extension://pcimamnpccdapeaaejlbecdhiifdnllb/content.js:160:3)
[  562770ms] ReferenceError: seeAllLinks is not defined
    at removeFriendsButtons (chrome-extension://pcimamnpccdapeaaejlbecdhiifdnllb/content.js:91:28)
    at updateRobloxHome (chrome-extension://pcimamnpccdapeaaejlbecdhiifdnllb/content.js:160:3)
[  563659ms] ReferenceError: seeAllLinks is not defined
    at removeFriendsButtons (chrome-extension://pcimamnpccdapeaaejlbecdhiifdnllb/content.js:91:28)
    at updateRobloxHome (chrome-extension://pcimamnpccdapeaaejlbecdhiifdnllb/content.js:160:3)
[  563678ms] ReferenceError: seeAllLinks is not defined
    at removeFriendsButtons (chrome-extension://pcimamnpccdapeaaejlbecdhiifdnllb/content.js:91:28)
    at updateRobloxHome (chrome-extension://pcimamnpccdapeaaejlbecdhiifdnllb/content.js:160:3)
[  563681ms] ReferenceError: seeAllLinks is not defined
    at removeFriendsButtons (chrome-extension://pcimamnpccdapeaaejlbecdhiifdnllb/content.js:91:28)
    at updateRobloxHome (chrome-extension://pcimamnpccdapeaaejlbecdhiifdnllb/content.js:160:3)
[  563682ms] ReferenceError: seeAllLinks is not defined
    at removeFriendsButtons (chrome-extension://pcimamnpccdapeaaejlbecdhiifdnllb/content.js:91:28)
    at updateRobloxHome (chrome-extension://pcimamnpccdapeaaejlbecdhiifdnllb/content.js:160:3)
[  563684ms] ReferenceError: seeAllLinks is not defined
    at removeFriendsButtons (chrome-extension://pcimamnpccdapeaaejlbecdhiifdnllb/content.js:91:28)
    at updateRobloxHome (chrome-extension://pcimamnpccdapeaaejlbecdhiifdnllb/content.js:160:3)
[  563686ms] ReferenceError: seeAllLinks is not defined
    at removeFriendsButtons (chrome-extension://pcimamnpccdapeaaejlbecdhiifdnllb/content.js:91:28)
    at updateRobloxHome (chrome-extension://pcimamnpccdapeaaejlbecdhiifdnllb/content.js:160:3)
[  563688ms] ReferenceError: seeAllLinks is not defined
    at removeFriendsButtons (chrome-extension://pcimamnpccdapeaaejlbecdhiifdnllb/content.js:91:28)
    at updateRobloxHome (chrome-extension://pcimamnpccdapeaaejlbecdhiifdnllb/content.js:160:3)
[  563689ms] ReferenceError: seeAllLinks is not defined
    at removeFriendsButtons (chrome-extension://pcimamnpccdapeaaejlbecdhiifdnllb/content.js:91:28)
    at updateRobloxHome (chrome-extension://pcimamnpccdapeaaejlbecdhiifdnllb/content.js:160:3)
[  563690ms] ReferenceError: seeAllLinks is not defined
    at removeFriendsButtons (chrome-extension://pcimamnpccdapeaaejlbecdhiifdnllb/content.js:91:28)
    at updateRobloxHome (chrome-extension://pcimamnpccdapeaaejlbecdhiifdnllb/content.js:160:3)
[  563692ms] ReferenceError: seeAllLinks is not defined
    at removeFriendsButtons (chrome-extension://pcimamnpccdapeaaejlbecdhiifdnllb/content.js:91:28)
    at updateRobloxHome (chrome-extension://pcimamnpccdapeaaejlbecdhiifdnllb/content.js:160:3)
[  563693ms] ReferenceError: seeAllLinks is not defined
    at removeFriendsButtons (chrome-extension://pcimamnpccdapeaaejlbecdhiifdnllb/content.js:91:28)
    at updateRobloxHome (chrome-extension://pcimamnpccdapeaaejlbecdhiifdnllb/content.js:160:3)
[  563697ms] ReferenceError: seeAllLinks is not defined
    at removeFriendsButtons (chrome-extension://pcimamnpccdapeaaejlbecdhiifdnllb/content.js:91:28)
    at updateRobloxHome (chrome-extension://pcimamnpccdapeaaejlbecdhiifdnllb/content.js:160:3)
[  563698ms] ReferenceError: seeAllLinks is not defined
    at removeFriendsButtons (chrome-extension://pcimamnpccdapeaaejlbecdhiifdnllb/content.js:91:28)
    at updateRobloxHome (chrome-extension://pcimamnpccdapeaaejlbecdhiifdnllb/content.js:160:3)
[  563700ms] ReferenceError: seeAllLinks is not defined
    at removeFriendsButtons (chrome-extension://pcimamnpccdapeaaejlbecdhiifdnllb/content.js:91:28)
    at updateRobloxHome (chrome-extension://pcimamnpccdapeaaejlbecdhiifdnllb/content.js:160:3)
[  563701ms] ReferenceError: seeAllLinks is not defined
    at removeFriendsButtons (chrome-extension://pcimamnpccdapeaaejlbecdhiifdnllb/content.js:91:28)
    at updateRobloxHome (chrome-extension://pcimamnpccdapeaaejlbecdhiifdnllb/content.js:160:3)
[  563703ms] ReferenceError: seeAllLinks is not defined
    at removeFriendsButtons (chrome-extension://pcimamnpccdapeaaejlbecdhiifdnllb/content.js:91:28)
    at updateRobloxHome (chrome-extension://pcimamnpccdapeaaejlbecdhiifdnllb/content.js:160:3)
[  563705ms] ReferenceError: seeAllLinks is not defined
    at removeFriendsButtons (chrome-extension://pcimamnpccdapeaaejlbecdhiifdnllb/content.js:91:28)
    at updateRobloxHome (chrome-extension://pcimamnpccdapeaaejlbecdhiifdnllb/content.js:160:3)
[  563706ms] ReferenceError: seeAllLinks is not defined
    at removeFriendsButtons (chrome-extension://pcimamnpccdapeaaejlbecdhiifdnllb/content.js:91:28)
    at updateRobloxHome (chrome-extension://pcimamnpccdapeaaejlbecdhiifdnllb/content.js:160:3)
[  563708ms] ReferenceError: seeAllLinks is not defined
    at removeFriendsButtons (chrome-extension://pcimamnpccdapeaaejlbecdhiifdnllb/content.js:91:28)
    at updateRobloxHome (chrome-extension://pcimamnpccdapeaaejlbecdhiifdnllb/content.js:160:3)
[  563709ms] ReferenceError: seeAllLinks is not defined
    at removeFriendsButtons (chrome-extension://pcimamnpccdapeaaejlbecdhiifdnllb/content.js:91:28)
    at updateRobloxHome (chrome-extension://pcimamnpccdapeaaejlbecdhiifdnllb/content.js:160:3)
[  563711ms] ReferenceError: seeAllLinks is not defined
    at removeFriendsButtons (chrome-extension://pcimamnpccdapeaaejlbecdhiifdnllb/content.js:91:28)
    at updateRobloxHome (chrome-extension://pcimamnpccdapeaaejlbecdhiifdnllb/content.js:160:3)
[  563712ms] ReferenceError: seeAllLinks is not defined
    at removeFriendsButtons (chrome-extension://pcimamnpccdapeaaejlbecdhiifdnllb/content.js:91:28)
    at updateRobloxHome (chrome-extension://pcimamnpccdapeaaejlbecdhiifdnllb/content.js:160:3)
[  563714ms] ReferenceError: seeAllLinks is not defined
    at removeFriendsButtons (chrome-extension://pcimamnpccdapeaaejlbecdhiifdnllb/content.js:91:28)
    at updateRobloxHome (chrome-extension://pcimamnpccdapeaaejlbecdhiifdnllb/content.js:160:3)
[  563716ms] ReferenceError: seeAllLinks is not defined
    at removeFriendsButtons (chrome-extension://pcimamnpccdapeaaejlbecdhiifdnllb/content.js:91:28)
    at updateRobloxHome (chrome-extension://pcimamnpccdapeaaejlbecdhiifdnllb/content.js:160:3)
[  563718ms] ReferenceError: seeAllLinks is not defined
    at removeFriendsButtons (chrome-extension://pcimamnpccdapeaaejlbecdhiifdnllb/content.js:91:28)
    at updateRobloxHome (chrome-extension://pcimamnpccdapeaaejlbecdhiifdnllb/content.js:160:3)
[  563719ms] ReferenceError: seeAllLinks is not defined
    at removeFriendsButtons (chrome-extension://pcimamnpccdapeaaejlbecdhiifdnllb/content.js:91:28)
    at updateRobloxHome (chrome-extension://pcimamnpccdapeaaejlbecdhiifdnllb/content.js:160:3)
[  563720ms] ReferenceError: seeAllLinks is not defined
    at removeFriendsButtons (chrome-extension://pcimamnpccdapeaaejlbecdhiifdnllb/content.js:91:28)
    at updateRobloxHome (chrome-extension://pcimamnpccdapeaaejlbecdhiifdnllb/content.js:160:3)
[  563722ms] ReferenceError: seeAllLinks is not defined
    at removeFriendsButtons (chrome-extension://pcimamnpccdapeaaejlbecdhiifdnllb/content.js:91:28)
    at updateRobloxHome (chrome-extension://pcimamnpccdapeaaejlbecdhiifdnllb/content.js:160:3)
[  563724ms] ReferenceError: seeAllLinks is not defined
    at removeFriendsButtons (chrome-extension://pcimamnpccdapeaaejlbecdhiifdnllb/content.js:91:28)
    at updateRobloxHome (chrome-extension://pcimamnpccdapeaaejlbecdhiifdnllb/content.js:160:3)
[  563725ms] ReferenceError: seeAllLinks is not defined
    at removeFriendsButtons (chrome-extension://pcimamnpccdapeaaejlbecdhiifdnllb/content.js:91:28)
    at updateRobloxHome (chrome-extension://pcimamnpccdapeaaejlbecdhiifdnllb/content.js:160:3)
[  563726ms] ReferenceError: seeAllLinks is not defined
    at removeFriendsButtons (chrome-extension://pcimamnpccdapeaaejlbecdhiifdnllb/content.js:91:28)
    at updateRobloxHome (chrome-extension://pcimamnpccdapeaaejlbecdhiifdnllb/content.js:160:3)
[  563728ms] ReferenceError: seeAllLinks is not defined
    at removeFriendsButtons (chrome-extension://pcimamnpccdapeaaejlbecdhiifdnllb/content.js:91:28)
    at updateRobloxHome (chrome-extension://pcimamnpccdapeaaejlbecdhiifdnllb/content.js:160:3)
[  563729ms] ReferenceError: seeAllLinks is not defined
    at removeFriendsButtons (chrome-extension://pcimamnpccdapeaaejlbecdhiifdnllb/content.js:91:28)
    at updateRobloxHome (chrome-extension://pcimamnpccdapeaaejlbecdhiifdnllb/content.js:160:3)
[  563731ms] ReferenceError: seeAllLinks is not defined
    at removeFriendsButtons (chrome-extension://pcimamnpccdapeaaejlbecdhiifdnllb/content.js:91:28)
    at updateRobloxHome (chrome-extension://pcimamnpccdapeaaejlbecdhiifdnllb/content.js:160:3)
[  563732ms] ReferenceError: seeAllLinks is not defined
    at removeFriendsButtons (chrome-extension://pcimamnpccdapeaaejlbecdhiifdnllb/content.js:91:28)
    at updateRobloxHome (chrome-extension://pcimamnpccdapeaaejlbecdhiifdnllb/content.js:160:3)
[  563733ms] ReferenceError: seeAllLinks is not defined
    at removeFriendsButtons (chrome-extension://pcimamnpccdapeaaejlbecdhiifdnllb/content.js:91:28)
    at updateRobloxHome (chrome-extension://pcimamnpccdapeaaejlbecdhiifdnllb/content.js:160:3)
[  563735ms] ReferenceError: seeAllLinks is not defined
    at removeFriendsButtons (chrome-extension://pcimamnpccdapeaaejlbecdhiifdnllb/content.js:91:28)
    at updateRobloxHome (chrome-extension://pcimamnpccdapeaaejlbecdhiifdnllb/content.js:160:3)
[  563737ms] ReferenceError: seeAllLinks is not defined
    at removeFriendsButtons (chrome-extension://pcimamnpccdapeaaejlbecdhiifdnllb/content.js:91:28)
    at updateRobloxHome (chrome-extension://pcimamnpccdapeaaejlbecdhiifdnllb/content.js:160:3)
[  563738ms] ReferenceError: seeAllLinks is not defined
    at removeFriendsButtons (chrome-extension://pcimamnpccdapeaaejlbecdhiifdnllb/content.js:91:28)
    at updateRobloxHome (chrome-extension://pcimamnpccdapeaaejlbecdhiifdnllb/content.js:160:3)
[  563739ms] ReferenceError: seeAllLinks is not defined
    at removeFriendsButtons (chrome-extension://pcimamnpccdapeaaejlbecdhiifdnllb/content.js:91:28)
    at updateRobloxHome (chrome-extension://pcimamnpccdapeaaejlbecdhiifdnllb/content.js:160:3)
[  563741ms] ReferenceError: seeAllLinks is not defined
    at removeFriendsButtons (chrome-extension://pcimamnpccdapeaaejlbecdhiifdnllb/content.js:91:28)
    at updateRobloxHome (chrome-extension://pcimamnpccdapeaaejlbecdhiifdnllb/content.js:160:3)
[  563742ms] ReferenceError: seeAllLinks is not defined
    at removeFriendsButtons (chrome-extension://pcimamnpccdapeaaejlbecdhiifdnllb/content.js:91:28)
    at updateRobloxHome (chrome-extension://pcimamnpccdapeaaejlbecdhiifdnllb/content.js:160:3)
[  563744ms] ReferenceError: seeAllLinks is not defined
    at removeFriendsButtons (chrome-extension://pcimamnpccdapeaaejlbecdhiifdnllb/content.js:91:28)
    at updateRobloxHome (chrome-extension://pcimamnpccdapeaaejlbecdhiifdnllb/content.js:160:3)
[  563746ms] ReferenceError: seeAllLinks is not defined
    at removeFriendsButtons (chrome-extension://pcimamnpccdapeaaejlbecdhiifdnllb/content.js:91:28)
    at updateRobloxHome (chrome-extension://pcimamnpccdapeaaejlbecdhiifdnllb/content.js:160:3)
[  563748ms] ReferenceError: seeAllLinks is not defined
    at removeFriendsButtons (chrome-extension://pcimamnpccdapeaaejlbecdhiifdnllb/content.js:91:28)
    at updateRobloxHome (chrome-extension://pcimamnpccdapeaaejlbecdhiifdnllb/content.js:160:3)
[  563750ms] ReferenceError: seeAllLinks is not defined
    at removeFriendsButtons (chrome-extension://pcimamnpccdapeaaejlbecdhiifdnllb/content.js:91:28)
    at updateRobloxHome (chrome-extension://pcimamnpccdapeaaejlbecdhiifdnllb/content.js:160:3)
[  563751ms] ReferenceError: seeAllLinks is not defined
    at removeFriendsButtons (chrome-extension://pcimamnpccdapeaaejlbecdhiifdnllb/content.js:91:28)
    at updateRobloxHome (chrome-extension://pcimamnpccdapeaaejlbecdhiifdnllb/content.js:160:3)
[  563753ms] ReferenceError: seeAllLinks is not defined
    at removeFriendsButtons (chrome-extension://pcimamnpccdapeaaejlbecdhiifdnllb/content.js:91:28)
    at updateRobloxHome (chrome-extension://pcimamnpccdapeaaejlbecdhiifdnllb/content.js:160:3)
[  563755ms] ReferenceError: seeAllLinks is not defined
    at removeFriendsButtons (chrome-extension://pcimamnpccdapeaaejlbecdhiifdnllb/content.js:91:28)
    at updateRobloxHome (chrome-extension://pcimamnpccdapeaaejlbecdhiifdnllb/content.js:160:3)
[  563756ms] ReferenceError: seeAllLinks is not defined
    at removeFriendsButtons (chrome-extension://pcimamnpccdapeaaejlbecdhiifdnllb/content.js:91:28)
    at updateRobloxHome (chrome-extension://pcimamnpccdapeaaejlbecdhiifdnllb/content.js:160:3)
[  563758ms] ReferenceError: seeAllLinks is not defined
    at removeFriendsButtons (chrome-extension://pcimamnpccdapeaaejlbecdhiifdnllb/content.js:91:28)
    at updateRobloxHome (chrome-extension://pcimamnpccdapeaaejlbecdhiifdnllb/content.js:160:3)
[  563760ms] ReferenceError: seeAllLinks is not defined
    at removeFriendsButtons (chrome-extension://pcimamnpccdapeaaejlbecdhiifdnllb/content.js:91:28)
    at updateRobloxHome (chrome-extension://pcimamnpccdapeaaejlbecdhiifdnllb/content.js:160:3)
[  563762ms] ReferenceError: seeAllLinks is not defined
    at removeFriendsButtons (chrome-extension://pcimamnpccdapeaaejlbecdhiifdnllb/content.js:91:28)
    at updateRobloxHome (chrome-extension://pcimamnpccdapeaaejlbecdhiifdnllb/content.js:160:3)
[  563764ms] ReferenceError: seeAllLinks is not defined
    at removeFriendsButtons (chrome-extension://pcimamnpccdapeaaejlbecdhiifdnllb/content.js:91:28)
    at updateRobloxHome (chrome-extension://pcimamnpccdapeaaejlbecdhiifdnllb/content.js:160:3)
[  563766ms] ReferenceError: seeAllLinks is not defined
    at removeFriendsButtons (chrome-extension://pcimamnpccdapeaaejlbecdhiifdnllb/content.js:91:28)
    at updateRobloxHome (chrome-extension://pcimamnpccdapeaaejlbecdhiifdnllb/content.js:160:3)
[  563768ms] ReferenceError: seeAllLinks is not defined
    at removeFriendsButtons (chrome-extension://pcimamnpccdapeaaejlbecdhiifdnllb/content.js:91:28)
    at updateRobloxHome (chrome-extension://pcimamnpccdapeaaejlbecdhiifdnllb/content.js:160:3)
[  563770ms] ReferenceError: seeAllLinks is not defined
    at removeFriendsButtons (chrome-extension://pcimamnpccdapeaaejlbecdhiifdnllb/content.js:91:28)
    at updateRobloxHome (chrome-extension://pcimamnpccdapeaaejlbecdhiifdnllb/content.js:160:3)
[  563772ms] ReferenceError: seeAllLinks is not defined
    at removeFriendsButtons (chrome-extension://pcimamnpccdapeaaejlbecdhiifdnllb/content.js:91:28)
    at updateRobloxHome (chrome-extension://pcimamnpccdapeaaejlbecdhiifdnllb/content.js:160:3)
[  563775ms] ReferenceError: seeAllLinks is not defined
    at removeFriendsButtons (chrome-extension://pcimamnpccdapeaaejlbecdhiifdnllb/content.js:91:28)
    at updateRobloxHome (chrome-extension://pcimamnpccdapeaaejlbecdhiifdnllb/content.js:160:3)
[  563776ms] ReferenceError: seeAllLinks is not defined
    at removeFriendsButtons (chrome-extension://pcimamnpccdapeaaejlbecdhiifdnllb/content.js:91:28)
    at updateRobloxHome (chrome-extension://pcimamnpccdapeaaejlbecdhiifdnllb/content.js:160:3)
[  563800ms] ReferenceError: seeAllLinks is not defined
    at removeFriendsButtons (chrome-extension://pcimamnpccdapeaaejlbecdhiifdnllb/content.js:91:28)
    at updateRobloxHome (chrome-extension://pcimamnpccdapeaaejlbecdhiifdnllb/content.js:160:3)
[  563802ms] ReferenceError: seeAllLinks is not defined
    at removeFriendsButtons (chrome-extension://pcimamnpccdapeaaejlbecdhiifdnllb/content.js:91:28)
    at updateRobloxHome (chrome-extension://pcimamnpccdapeaaejlbecdhiifdnllb/content.js:160:3)
[  563803ms] ReferenceError: seeAllLinks is not defined
    at removeFriendsButtons (chrome-extension://pcimamnpccdapeaaejlbecdhiifdnllb/content.js:91:28)
    at updateRobloxHome (chrome-extension://pcimamnpccdapeaaejlbecdhiifdnllb/content.js:160:3)
[  563805ms] ReferenceError: seeAllLinks is not defined
    at removeFriendsButtons (chrome-extension://pcimamnpccdapeaaejlbecdhiifdnllb/content.js:91:28)
    at updateRobloxHome (chrome-extension://pcimamnpccdapeaaejlbecdhiifdnllb/content.js:160:3)
[  563806ms] ReferenceError: seeAllLinks is not defined
    at removeFriendsButtons (chrome-extension://pcimamnpccdapeaaejlbecdhiifdnllb/content.js:91:28)
    at updateRobloxHome (chrome-extension://pcimamnpccdapeaaejlbecdhiifdnllb/content.js:160:3)
[  563807ms] ReferenceError: seeAllLinks is not defined
    at removeFriendsButtons (chrome-extension://pcimamnpccdapeaaejlbecdhiifdnllb/content.js:91:28)
    at updateRobloxHome (chrome-extension://pcimamnpccdapeaaejlbecdhiifdnllb/content.js:160:3)
[  563809ms] ReferenceError: seeAllLinks is not defined
    at removeFriendsButtons (chrome-extension://pcimamnpccdapeaaejlbecdhiifdnllb/content.js:91:28)
    at updateRobloxHome (chrome-extension://pcimamnpccdapeaaejlbecdhiifdnllb/content.js:160:3)
[  563810ms] ReferenceError: seeAllLinks is not defined
    at removeFriendsButtons (chrome-extension://pcimamnpccdapeaaejlbecdhiifdnllb/content.js:91:28)
    at updateRobloxHome (chrome-extension://pcimamnpccdapeaaejlbecdhiifdnllb/content.js:160:3)
[  563812ms] ReferenceError: seeAllLinks is not defined
    at removeFriendsButtons (chrome-extension://pcimamnpccdapeaaejlbecdhiifdnllb/content.js:91:28)
    at updateRobloxHome (chrome-extension://pcimamnpccdapeaaejlbecdhiifdnllb/content.js:160:3)
[  563814ms] ReferenceError: seeAllLinks is not defined
    at removeFriendsButtons (chrome-extension://pcimamnpccdapeaaejlbecdhiifdnllb/content.js:91:28)
    at updateRobloxHome (chrome-extension://pcimamnpccdapeaaejlbecdhiifdnllb/content.js:160:3)
[  563816ms] ReferenceError: seeAllLinks is not defined
    at removeFriendsButtons (chrome-extension://pcimamnpccdapeaaejlbecdhiifdnllb/content.js:91:28)
    at updateRobloxHome (chrome-extension://pcimamnpccdapeaaejlbecdhiifdnllb/content.js:160:3)
[  563817ms] ReferenceError: seeAllLinks is not defined
    at removeFriendsButtons (chrome-extension://pcimamnpccdapeaaejlbecdhiifdnllb/content.js:91:28)
    at updateRobloxHome (chrome-extension://pcimamnpccdapeaaejlbecdhiifdnllb/content.js:160:3)
[  563818ms] ReferenceError: seeAllLinks is not defined
    at removeFriendsButtons (chrome-extension://pcimamnpccdapeaaejlbecdhiifdnllb/content.js:91:28)
    at updateRobloxHome (chrome-extension://pcimamnpccdapeaaejlbecdhiifdnllb/content.js:160:3)
[  563820ms] ReferenceError: seeAllLinks is not defined
    at removeFriendsButtons (chrome-extension://pcimamnpccdapeaaejlbecdhiifdnllb/content.js:91:28)
    at updateRobloxHome (chrome-extension://pcimamnpccdapeaaejlbecdhiifdnllb/content.js:160:3)
[  563822ms] ReferenceError: seeAllLinks is not defined
    at removeFriendsButtons (chrome-extension://pcimamnpccdapeaaejlbecdhiifdnllb/content.js:91:28)
    at updateRobloxHome (chrome-extension://pcimamnpccdapeaaejlbecdhiifdnllb/content.js:160:3)
[  563823ms] ReferenceError: seeAllLinks is not defined
    at removeFriendsButtons (chrome-extension://pcimamnpccdapeaaejlbecdhiifdnllb/content.js:91:28)
    at updateRobloxHome (chrome-extension://pcimamnpccdapeaaejlbecdhiifdnllb/content.js:160:3)
[  563824ms] ReferenceError: seeAllLinks is not defined
    at removeFriendsButtons (chrome-extension://pcimamnpccdapeaaejlbecdhiifdnllb/content.js:91:28)
    at updateRobloxHome (chrome-extension://pcimamnpccdapeaaejlbecdhiifdnllb/content.js:160:3)
[  563826ms] ReferenceError: seeAllLinks is not defined
    at removeFriendsButtons (chrome-extension://pcimamnpccdapeaaejlbecdhiifdnllb/content.js:91:28)
    at updateRobloxHome (chrome-extension://pcimamnpccdapeaaejlbecdhiifdnllb/content.js:160:3)
[  563827ms] ReferenceError: seeAllLinks is not defined
    at removeFriendsButtons (chrome-extension://pcimamnpccdapeaaejlbecdhiifdnllb/content.js:91:28)
    at updateRobloxHome (chrome-extension://pcimamnpccdapeaaejlbecdhiifdnllb/content.js:160:3)
[  563829ms] ReferenceError: seeAllLinks is not defined
    at removeFriendsButtons (chrome-extension://pcimamnpccdapeaaejlbecdhiifdnllb/content.js:91:28)
    at updateRobloxHome (chrome-extension://pcimamnpccdapeaaejlbecdhiifdnllb/content.js:160:3)
[  563830ms] ReferenceError: seeAllLinks is not defined
    at removeFriendsButtons (chrome-extension://pcimamnpccdapeaaejlbecdhiifdnllb/content.js:91:28)
    at updateRobloxHome (chrome-extension://pcimamnpccdapeaaejlbecdhiifdnllb/content.js:160:3)
[  563832ms] ReferenceError: seeAllLinks is not defined
    at removeFriendsButtons (chrome-extension://pcimamnpccdapeaaejlbecdhiifdnllb/content.js:91:28)
    at updateRobloxHome (chrome-extension://pcimamnpccdapeaaejlbecdhiifdnllb/content.js:160:3)
[  563833ms] ReferenceError: seeAllLinks is not defined
    at removeFriendsButtons (chrome-extension://pcimamnpccdapeaaejlbecdhiifdnllb/content.js:91:28)
    at updateRobloxHome (chrome-extension://pcimamnpccdapeaaejlbecdhiifdnllb/content.js:160:3)
[  563835ms] ReferenceError: seeAllLinks is not defined
    at removeFriendsButtons (chrome-extension://pcimamnpccdapeaaejlbecdhiifdnllb/content.js:91:28)
    at updateRobloxHome (chrome-extension://pcimamnpccdapeaaejlbecdhiifdnllb/content.js:160:3)
[  563836ms] ReferenceError: seeAllLinks is not defined
    at removeFriendsButtons (chrome-extension://pcimamnpccdapeaaejlbecdhiifdnllb/content.js:91:28)
    at updateRobloxHome (chrome-extension://pcimamnpccdapeaaejlbecdhiifdnllb/content.js:160:3)
[  563838ms] ReferenceError: seeAllLinks is not defined
    at removeFriendsButtons (chrome-extension://pcimamnpccdapeaaejlbecdhiifdnllb/content.js:91:28)
    at updateRobloxHome (chrome-extension://pcimamnpccdapeaaejlbecdhiifdnllb/content.js:160:3)
[  563839ms] ReferenceError: seeAllLinks is not defined
    at removeFriendsButtons (chrome-extension://pcimamnpccdapeaaejlbecdhiifdnllb/content.js:91:28)
    at updateRobloxHome (chrome-extension://pcimamnpccdapeaaejlbecdhiifdnllb/content.js:160:3)
[  563841ms] ReferenceError: seeAllLinks is not defined
    at removeFriendsButtons (chrome-extension://pcimamnpccdapeaaejlbecdhiifdnllb/content.js:91:28)
    at updateRobloxHome (chrome-extension://pcimamnpccdapeaaejlbecdhiifdnllb/content.js:160:3)
[  563842ms] ReferenceError: seeAllLinks is not defined
    at removeFriendsButtons (chrome-extension://pcimamnpccdapeaaejlbecdhiifdnllb/content.js:91:28)
    at updateRobloxHome (chrome-extension://pcimamnpccdapeaaejlbecdhiifdnllb/content.js:160:3)
[  563844ms] ReferenceError: seeAllLinks is not defined
    at removeFriendsButtons (chrome-extension://pcimamnpccdapeaaejlbecdhiifdnllb/content.js:91:28)
    at updateRobloxHome (chrome-extension://pcimamnpccdapeaaejlbecdhiifdnllb/content.js:160:3)
[  563846ms] ReferenceError: seeAllLinks is not defined
    at removeFriendsButtons (chrome-extension://pcimamnpccdapeaaejlbecdhiifdnllb/content.js:91:28)
    at updateRobloxHome (chrome-extension://pcimamnpccdapeaaejlbecdhiifdnllb/content.js:160:3)
[  563847ms] ReferenceError: seeAllLinks is not defined
    at removeFriendsButtons (chrome-extension://pcimamnpccdapeaaejlbecdhiifdnllb/content.js:91:28)
    at updateRobloxHome (chrome-extension://pcimamnpccdapeaaejlbecdhiifdnllb/content.js:160:3)
[  563849ms] ReferenceError: seeAllLinks is not defined
    at removeFriendsButtons (chrome-extension://pcimamnpccdapeaaejlbecdhiifdnllb/content.js:91:28)
    at updateRobloxHome (chrome-extension://pcimamnpccdapeaaejlbecdhiifdnllb/content.js:160:3)
[  563850ms] ReferenceError: seeAllLinks is not defined
    at removeFriendsButtons (chrome-extension://pcimamnpccdapeaaejlbecdhiifdnllb/content.js:91:28)
    at updateRobloxHome (chrome-extension://pcimamnpccdapeaaejlbecdhiifdnllb/content.js:160:3)
[  563852ms] ReferenceError: seeAllLinks is not defined
    at removeFriendsButtons (chrome-extension://pcimamnpccdapeaaejlbecdhiifdnllb/content.js:91:28)
    at updateRobloxHome (chrome-extension://pcimamnpccdapeaaejlbecdhiifdnllb/content.js:160:3)
[  563854ms] ReferenceError: seeAllLinks is not defined
    at removeFriendsButtons (chrome-extension://pcimamnpccdapeaaejlbecdhiifdnllb/content.js:91:28)
    at updateRobloxHome (chrome-extension://pcimamnpccdapeaaejlbecdhiifdnllb/content.js:160:3)
[  563864ms] ReferenceError: seeAllLinks is not defined
    at removeFriendsButtons (chrome-extension://pcimamnpccdapeaaejlbecdhiifdnllb/content.js:91:28)
    at updateRobloxHome (chrome-extension://pcimamnpccdapeaaejlbecdhiifdnllb/content.js:160:3)
[  563915ms] ReferenceError: seeAllLinks is not defined
    at removeFriendsButtons (chrome-extension://pcimamnpccdapeaaejlbecdhiifdnllb/content.js:91:28)
    at updateRobloxHome (chrome-extension://pcimamnpccdapeaaejlbecdhiifdnllb/content.js:160:3)
[  563985ms] ReferenceError: seeAllLinks is not defined
    at removeFriendsButtons (chrome-extension://pcimamnpccdapeaaejlbecdhiifdnllb/content.js:91:28)
    at updateRobloxHome (chrome-extension://pcimamnpccdapeaaejlbecdhiifdnllb/content.js:160:3)
[  563986ms] ReferenceError: seeAllLinks is not defined
    at removeFriendsButtons (chrome-extension://pcimamnpccdapeaaejlbecdhiifdnllb/content.js:91:28)
    at updateRobloxHome (chrome-extension://pcimamnpccdapeaaejlbecdhiifdnllb/content.js:160:3)
[  563987ms] ReferenceError: seeAllLinks is not defined
    at removeFriendsButtons (chrome-extension://pcimamnpccdapeaaejlbecdhiifdnllb/content.js:91:28)
    at updateRobloxHome (chrome-extension://pcimamnpccdapeaaejlbecdhiifdnllb/content.js:160:3)
[  563989ms] ReferenceError: seeAllLinks is not defined
    at removeFriendsButtons (chrome-extension://pcimamnpccdapeaaejlbecdhiifdnllb/content.js:91:28)
    at updateRobloxHome (chrome-extension://pcimamnpccdapeaaejlbecdhiifdnllb/content.js:160:3)
[  563992ms] ReferenceError: seeAllLinks is not defined
    at removeFriendsButtons (chrome-extension://pcimamnpccdapeaaejlbecdhiifdnllb/content.js:91:28)
    at updateRobloxHome (chrome-extension://pcimamnpccdapeaaejlbecdhiifdnllb/content.js:160:3)
[  563994ms] ReferenceError: seeAllLinks is not defined
    at removeFriendsButtons (chrome-extension://pcimamnpccdapeaaejlbecdhiifdnllb/content.js:91:28)
    at updateRobloxHome (chrome-extension://pcimamnpccdapeaaejlbecdhiifdnllb/content.js:160:3)
[  563995ms] ReferenceError: seeAllLinks is not defined
    at removeFriendsButtons (chrome-extension://pcimamnpccdapeaaejlbecdhiifdnllb/content.js:91:28)
    at updateRobloxHome (chrome-extension://pcimamnpccdapeaaejlbecdhiifdnllb/content.js:160:3)
[  563998ms] ReferenceError: seeAllLinks is not defined
    at removeFriendsButtons (chrome-extension://pcimamnpccdapeaaejlbecdhiifdnllb/content.js:91:28)
    at updateRobloxHome (chrome-extension://pcimamnpccdapeaaejlbecdhiifdnllb/content.js:160:3)
[  563999ms] ReferenceError: seeAllLinks is not defined
    at removeFriendsButtons (chrome-extension://pcimamnpccdapeaaejlbecdhiifdnllb/content.js:91:28)
    at updateRobloxHome (chrome-extension://pcimamnpccdapeaaejlbecdhiifdnllb/content.js:160:3)
[  564001ms] ReferenceError: seeAllLinks is not defined
    at removeFriendsButtons (chrome-extension://pcimamnpccdapeaaejlbecdhiifdnllb/content.js:91:28)
    at updateRobloxHome (chrome-extension://pcimamnpccdapeaaejlbecdhiifdnllb/content.js:160:3)
[  564003ms] ReferenceError: seeAllLinks is not defined
    at removeFriendsButtons (chrome-extension://pcimamnpccdapeaaejlbecdhiifdnllb/content.js:91:28)
    at updateRobloxHome (chrome-extension://pcimamnpccdapeaaejlbecdhiifdnllb/content.js:160:3)
[  564004ms] ReferenceError: seeAllLinks is not defined
    at removeFriendsButtons (chrome-extension://pcimamnpccdapeaaejlbecdhiifdnllb/content.js:91:28)
    at updateRobloxHome (chrome-extension://pcimamnpccdapeaaejlbecdhiifdnllb/content.js:160:3)
[  564006ms] ReferenceError: seeAllLinks is not defined
    at removeFriendsButtons (chrome-extension://pcimamnpccdapeaaejlbecdhiifdnllb/content.js:91:28)
    at updateRobloxHome (chrome-extension://pcimamnpccdapeaaejlbecdhiifdnllb/content.js:160:3)
[  564007ms] ReferenceError: seeAllLinks is not defined
    at removeFriendsButtons (chrome-extension://pcimamnpccdapeaaejlbecdhiifdnllb/content.js:91:28)
    at updateRobloxHome (chrome-extension://pcimamnpccdapeaaejlbecdhiifdnllb/content.js:160:3)
[  564009ms] ReferenceError: seeAllLinks is not defined
    at removeFriendsButtons (chrome-extension://pcimamnpccdapeaaejlbecdhiifdnllb/content.js:91:28)
    at updateRobloxHome (chrome-extension://pcimamnpccdapeaaejlbecdhiifdnllb/content.js:160:3)
[  564011ms] ReferenceError: seeAllLinks is not defined
    at removeFriendsButtons (chrome-extension://pcimamnpccdapeaaejlbecdhiifdnllb/content.js:91:28)
    at updateRobloxHome (chrome-extension://pcimamnpccdapeaaejlbecdhiifdnllb/content.js:160:3)
[  564012ms] ReferenceError: seeAllLinks is not defined
    at removeFriendsButtons (chrome-extension://pcimamnpccdapeaaejlbecdhiifdnllb/content.js:91:28)
    at updateRobloxHome (chrome-extension://pcimamnpccdapeaaejlbecdhiifdnllb/content.js:160:3)
[  564015ms] ReferenceError: seeAllLinks is not defined
    at removeFriendsButtons (chrome-extension://pcimamnpccdapeaaejlbecdhiifdnllb/content.js:91:28)
    at updateRobloxHome (chrome-extension://pcimamnpccdapeaaejlbecdhiifdnllb/content.js:160:3)
[  564017ms] ReferenceError: seeAllLinks is not defined
    at removeFriendsButtons (chrome-extension://pcimamnpccdapeaaejlbecdhiifdnllb/content.js:91:28)
    at updateRobloxHome (chrome-extension://pcimamnpccdapeaaejlbecdhiifdnllb/content.js:160:3)
[  564018ms] ReferenceError: seeAllLinks is not defined
    at removeFriendsButtons (chrome-extension://pcimamnpccdapeaaejlbecdhiifdnllb/content.js:91:28)
    at updateRobloxHome (chrome-extension://pcimamnpccdapeaaejlbecdhiifdnllb/content.js:160:3)
[  564019ms] ReferenceError: seeAllLinks is not defined
    at removeFriendsButtons (chrome-extension://pcimamnpccdapeaaejlbecdhiifdnllb/content.js:91:28)
    at updateRobloxHome (chrome-extension://pcimamnpccdapeaaejlbecdhiifdnllb/content.js:160:3)
[  564021ms] ReferenceError: seeAllLinks is not defined
    at removeFriendsButtons (chrome-extension://pcimamnpccdapeaaejlbecdhiifdnllb/content.js:91:28)
    at updateRobloxHome (chrome-extension://pcimamnpccdapeaaejlbecdhiifdnllb/content.js:160:3)
[  564023ms] ReferenceError: seeAllLinks is not defined
    at removeFriendsButtons (chrome-extension://pcimamnpccdapeaaejlbecdhiifdnllb/content.js:91:28)
    at updateRobloxHome (chrome-extension://pcimamnpccdapeaaejlbecdhiifdnllb/content.js:160:3)
[  564025ms] ReferenceError: seeAllLinks is not defined
    at removeFriendsButtons (chrome-extension://pcimamnpccdapeaaejlbecdhiifdnllb/content.js:91:28)
    at updateRobloxHome (chrome-extension://pcimamnpccdapeaaejlbecdhiifdnllb/content.js:160:3)
[  564026ms] ReferenceError: seeAllLinks is not defined
    at removeFriendsButtons (chrome-extension://pcimamnpccdapeaaejlbecdhiifdnllb/content.js:91:28)
    at updateRobloxHome (chrome-extension://pcimamnpccdapeaaejlbecdhiifdnllb/content.js:160:3)
[  564027ms] ReferenceError: seeAllLinks is not defined
    at removeFriendsButtons (chrome-extension://pcimamnpccdapeaaejlbecdhiifdnllb/content.js:91:28)
    at updateRobloxHome (chrome-extension://pcimamnpccdapeaaejlbecdhiifdnllb/content.js:160:3)
[  564029ms] ReferenceError: seeAllLinks is not defined
    at removeFriendsButtons (chrome-extension://pcimamnpccdapeaaejlbecdhiifdnllb/content.js:91:28)
    at updateRobloxHome (chrome-extension://pcimamnpccdapeaaejlbecdhiifdnllb/content.js:160:3)
[  564030ms] ReferenceError: seeAllLinks is not defined
    at removeFriendsButtons (chrome-extension://pcimamnpccdapeaaejlbecdhiifdnllb/content.js:91:28)
    at updateRobloxHome (chrome-extension://pcimamnpccdapeaaejlbecdhiifdnllb/content.js:160:3)
[  564031ms] ReferenceError: seeAllLinks is not defined
    at removeFriendsButtons (chrome-extension://pcimamnpccdapeaaejlbecdhiifdnllb/content.js:91:28)
    at updateRobloxHome (chrome-extension://pcimamnpccdapeaaejlbecdhiifdnllb/content.js:160:3)
[  564033ms] ReferenceError: seeAllLinks is not defined
    at removeFriendsButtons (chrome-extension://pcimamnpccdapeaaejlbecdhiifdnllb/content.js:91:28)
    at updateRobloxHome (chrome-extension://pcimamnpccdapeaaejlbecdhiifdnllb/content.js:160:3)
[  564066ms] ReferenceError: seeAllLinks is not defined
    at removeFriendsButtons (chrome-extension://pcimamnpccdapeaaejlbecdhiifdnllb/content.js:91:28)
    at updateRobloxHome (chrome-extension://pcimamnpccdapeaaejlbecdhiifdnllb/content.js:160:3)
[  564068ms] ReferenceError: seeAllLinks is not defined
    at removeFriendsButtons (chrome-extension://pcimamnpccdapeaaejlbecdhiifdnllb/content.js:91:28)
    at updateRobloxHome (chrome-extension://pcimamnpccdapeaaejlbecdhiifdnllb/content.js:160:3)
[  564071ms] ReferenceError: seeAllLinks is not defined
    at removeFriendsButtons (chrome-extension://pcimamnpccdapeaaejlbecdhiifdnllb/content.js:91:28)
    at updateRobloxHome (chrome-extension://pcimamnpccdapeaaejlbecdhiifdnllb/content.js:160:3)
[  564074ms] ReferenceError: seeAllLinks is not defined
    at removeFriendsButtons (chrome-extension://pcimamnpccdapeaaejlbecdhiifdnllb/content.js:91:28)
    at updateRobloxHome (chrome-extension://pcimamnpccdapeaaejlbecdhiifdnllb/content.js:160:3)
[  564076ms] ReferenceError: seeAllLinks is not defined
    at removeFriendsButtons (chrome-extension://pcimamnpccdapeaaejlbecdhiifdnllb/content.js:91:28)
    at updateRobloxHome (chrome-extension://pcimamnpccdapeaaejlbecdhiifdnllb/content.js:160:3)
[  564080ms] ReferenceError: seeAllLinks is not defined
    at removeFriendsButtons (chrome-extension://pcimamnpccdapeaaejlbecdhiifdnllb/content.js:91:28)
    at updateRobloxHome (chrome-extension://pcimamnpccdapeaaejlbecdhiifdnllb/content.js:160:3)
[  564081ms] ReferenceError: seeAllLinks is not defined
    at removeFriendsButtons (chrome-extension://pcimamnpccdapeaaejlbecdhiifdnllb/content.js:91:28)
    at updateRobloxHome (chrome-extension://pcimamnpccdapeaaejlbecdhiifdnllb/content.js:160:3)
[  564083ms] ReferenceError: seeAllLinks is not defined
    at removeFriendsButtons (chrome-extension://pcimamnpccdapeaaejlbecdhiifdnllb/content.js:91:28)
    at updateRobloxHome (chrome-extension://pcimamnpccdapeaaejlbecdhiifdnllb/content.js:160:3)
[  564085ms] ReferenceError: seeAllLinks is not defined
    at removeFriendsButtons (chrome-extension://pcimamnpccdapeaaejlbecdhiifdnllb/content.js:91:28)
    at updateRobloxHome (chrome-extension://pcimamnpccdapeaaejlbecdhiifdnllb/content.js:160:3)
[  564086ms] ReferenceError: seeAllLinks is not defined
    at removeFriendsButtons (chrome-extension://pcimamnpccdapeaaejlbecdhiifdnllb/content.js:91:28)
    at updateRobloxHome (chrome-extension://pcimamnpccdapeaaejlbecdhiifdnllb/content.js:160:3)
[  564088ms] ReferenceError: seeAllLinks is not defined
    at removeFriendsButtons (chrome-extension://pcimamnpccdapeaaejlbecdhiifdnllb/content.js:91:28)
    at updateRobloxHome (chrome-extension://pcimamnpccdapeaaejlbecdhiifdnllb/content.js:160:3)
[  564090ms] ReferenceError: seeAllLinks is not defined
    at removeFriendsButtons (chrome-extension://pcimamnpccdapeaaejlbecdhiifdnllb/content.js:91:28)
    at updateRobloxHome (chrome-extension://pcimamnpccdapeaaejlbecdhiifdnllb/content.js:160:3)
[  564091ms] ReferenceError: seeAllLinks is not defined
    at removeFriendsButtons (chrome-extension://pcimamnpccdapeaaejlbecdhiifdnllb/content.js:91:28)
    at updateRobloxHome (chrome-extension://pcimamnpccdapeaaejlbecdhiifdnllb/content.js:160:3)
[  564093ms] ReferenceError: seeAllLinks is not defined
    at removeFriendsButtons (chrome-extension://pcimamnpccdapeaaejlbecdhiifdnllb/content.js:91:28)
    at updateRobloxHome (chrome-extension://pcimamnpccdapeaaejlbecdhiifdnllb/content.js:160:3)
[  564096ms] ReferenceError: seeAllLinks is not defined
    at removeFriendsButtons (chrome-extension://pcimamnpccdapeaaejlbecdhiifdnllb/content.js:91:28)
    at updateRobloxHome (chrome-extension://pcimamnpccdapeaaejlbecdhiifdnllb/content.js:160:3)
[  564097ms] ReferenceError: seeAllLinks is not defined
    at removeFriendsButtons (chrome-extension://pcimamnpccdapeaaejlbecdhiifdnllb/content.js:91:28)
    at updateRobloxHome (chrome-extension://pcimamnpccdapeaaejlbecdhiifdnllb/content.js:160:3)
[  564098ms] ReferenceError: seeAllLinks is not defined
    at removeFriendsButtons (chrome-extension://pcimamnpccdapeaaejlbecdhiifdnllb/content.js:91:28)
    at updateRobloxHome (chrome-extension://pcimamnpccdapeaaejlbecdhiifdnllb/content.js:160:3)
[  564100ms] ReferenceError: seeAllLinks is not defined
    at removeFriendsButtons (chrome-extension://pcimamnpccdapeaaejlbecdhiifdnllb/content.js:91:28)
    at updateRobloxHome (chrome-extension://pcimamnpccdapeaaejlbecdhiifdnllb/content.js:160:3)
[  564102ms] ReferenceError: seeAllLinks is not defined
    at removeFriendsButtons (chrome-extension://pcimamnpccdapeaaejlbecdhiifdnllb/content.js:91:28)
    at updateRobloxHome (chrome-extension://pcimamnpccdapeaaejlbecdhiifdnllb/content.js:160:3)
[  564104ms] ReferenceError: seeAllLinks is not defined
    at removeFriendsButtons (chrome-extension://pcimamnpccdapeaaejlbecdhiifdnllb/content.js:91:28)
    at updateRobloxHome (chrome-extension://pcimamnpccdapeaaejlbecdhiifdnllb/content.js:160:3)
[  564106ms] ReferenceError: seeAllLinks is not defined
    at removeFriendsButtons (chrome-extension://pcimamnpccdapeaaejlbecdhiifdnllb/content.js:91:28)
    at updateRobloxHome (chrome-extension://pcimamnpccdapeaaejlbecdhiifdnllb/content.js:160:3)
[  564108ms] ReferenceError: seeAllLinks is not defined
    at removeFriendsButtons (chrome-extension://pcimamnpccdapeaaejlbecdhiifdnllb/content.js:91:28)
    at updateRobloxHome (chrome-extension://pcimamnpccdapeaaejlbecdhiifdnllb/content.js:160:3)
[  564109ms] ReferenceError: seeAllLinks is not defined
    at removeFriendsButtons (chrome-extension://pcimamnpccdapeaaejlbecdhiifdnllb/content.js:91:28)
    at updateRobloxHome (chrome-extension://pcimamnpccdapeaaejlbecdhiifdnllb/content.js:160:3)
[  564111ms] ReferenceError: seeAllLinks is not defined
    at removeFriendsButtons (chrome-extension://pcimamnpccdapeaaejlbecdhiifdnllb/content.js:91:28)
    at updateRobloxHome (chrome-extension://pcimamnpccdapeaaejlbecdhiifdnllb/content.js:160:3)
[  564113ms] ReferenceError: seeAllLinks is not defined
    at removeFriendsButtons (chrome-extension://pcimamnpccdapeaaejlbecdhiifdnllb/content.js:91:28)
    at updateRobloxHome (chrome-extension://pcimamnpccdapeaaejlbecdhiifdnllb/content.js:160:3)
[  564114ms] ReferenceError: seeAllLinks is not defined
    at removeFriendsButtons (chrome-extension://pcimamnpccdapeaaejlbecdhiifdnllb/content.js:91:28)
    at updateRobloxHome (chrome-extension://pcimamnpccdapeaaejlbecdhiifdnllb/content.js:160:3)
[  564115ms] ReferenceError: seeAllLinks is not defined
    at removeFriendsButtons (chrome-extension://pcimamnpccdapeaaejlbecdhiifdnllb/content.js:91:28)
    at updateRobloxHome (chrome-extension://pcimamnpccdapeaaejlbecdhiifdnllb/content.js:160:3)
[  564117ms] ReferenceError: seeAllLinks is not defined
    at removeFriendsButtons (chrome-extension://pcimamnpccdapeaaejlbecdhiifdnllb/content.js:91:28)
    at updateRobloxHome (chrome-extension://pcimamnpccdapeaaejlbecdhiifdnllb/content.js:160:3)
[  564119ms] ReferenceError: seeAllLinks is not defined
    at removeFriendsButtons (chrome-extension://pcimamnpccdapeaaejlbecdhiifdnllb/content.js:91:28)
    at updateRobloxHome (chrome-extension://pcimamnpccdapeaaejlbecdhiifdnllb/content.js:160:3)
[  564120ms] ReferenceError: seeAllLinks is not defined
    at removeFriendsButtons (chrome-extension://pcimamnpccdapeaaejlbecdhiifdnllb/content.js:91:28)
    at updateRobloxHome (chrome-extension://pcimamnpccdapeaaejlbecdhiifdnllb/content.js:160:3)
[  564122ms] ReferenceError: seeAllLinks is not defined
    at removeFriendsButtons (chrome-extension://pcimamnpccdapeaaejlbecdhiifdnllb/content.js:91:28)
    at updateRobloxHome (chrome-extension://pcimamnpccdapeaaejlbecdhiifdnllb/content.js:160:3)
[  564124ms] ReferenceError: seeAllLinks is not defined
    at removeFriendsButtons (chrome-extension://pcimamnpccdapeaaejlbecdhiifdnllb/content.js:91:28)
    at updateRobloxHome (chrome-extension://pcimamnpccdapeaaejlbecdhiifdnllb/content.js:160:3)
[  564126ms] ReferenceError: seeAllLinks is not defined
    at removeFriendsButtons (chrome-extension://pcimamnpccdapeaaejlbecdhiifdnllb/content.js:91:28)
    at updateRobloxHome (chrome-extension://pcimamnpccdapeaaejlbecdhiifdnllb/content.js:160:3)
[  564128ms] ReferenceError: seeAllLinks is not defined
    at removeFriendsButtons (chrome-extension://pcimamnpccdapeaaejlbecdhiifdnllb/content.js:91:28)
    at updateRobloxHome (chrome-extension://pcimamnpccdapeaaejlbecdhiifdnllb/content.js:160:3)
[  564130ms] ReferenceError: seeAllLinks is not defined
    at removeFriendsButtons (chrome-extension://pcimamnpccdapeaaejlbecdhiifdnllb/content.js:91:28)
    at updateRobloxHome (chrome-extension://pcimamnpccdapeaaejlbecdhiifdnllb/content.js:160:3)
[  564132ms] ReferenceError: seeAllLinks is not defined
    at removeFriendsButtons (chrome-extension://pcimamnpccdapeaaejlbecdhiifdnllb/content.js:91:28)
    at updateRobloxHome (chrome-extension://pcimamnpccdapeaaejlbecdhiifdnllb/content.js:160:3)
[  564135ms] ReferenceError: seeAllLinks is not defined
    at removeFriendsButtons (chrome-extension://pcimamnpccdapeaaejlbecdhiifdnllb/content.js:91:28)
    at updateRobloxHome (chrome-extension://pcimamnpccdapeaaejlbecdhiifdnllb/content.js:160:3)
[  564137ms] ReferenceError: seeAllLinks is not defined
    at removeFriendsButtons (chrome-extension://pcimamnpccdapeaaejlbecdhiifdnllb/content.js:91:28)
    at updateRobloxHome (chrome-extension://pcimamnpccdapeaaejlbecdhiifdnllb/content.js:160:3)
[  564141ms] ReferenceError: seeAllLinks is not defined
    at removeFriendsButtons (chrome-extension://pcimamnpccdapeaaejlbecdhiifdnllb/content.js:91:28)
    at updateRobloxHome (chrome-extension://pcimamnpccdapeaaejlbecdhiifdnllb/content.js:160:3)
[  564144ms] ReferenceError: seeAllLinks is not defined
    at removeFriendsButtons (chrome-extension://pcimamnpccdapeaaejlbecdhiifdnllb/content.js:91:28)
    at updateRobloxHome (chrome-extension://pcimamnpccdapeaaejlbecdhiifdnllb/content.js:160:3)
[  564147ms] ReferenceError: seeAllLinks is not defined
    at removeFriendsButtons (chrome-extension://pcimamnpccdapeaaejlbecdhiifdnllb/content.js:91:28)
    at updateRobloxHome (chrome-extension://pcimamnpccdapeaaejlbecdhiifdnllb/content.js:160:3)
[  564149ms] ReferenceError: seeAllLinks is not defined
    at removeFriendsButtons (chrome-extension://pcimamnpccdapeaaejlbecdhiifdnllb/content.js:91:28)
    at updateRobloxHome (chrome-extension://pcimamnpccdapeaaejlbecdhiifdnllb/content.js:160:3)
[  564152ms] ReferenceError: seeAllLinks is not defined
    at removeFriendsButtons (chrome-extension://pcimamnpccdapeaaejlbecdhiifdnllb/content.js:91:28)
    at updateRobloxHome (chrome-extension://pcimamnpccdapeaaejlbecdhiifdnllb/content.js:160:3)
[  564192ms] ReferenceError: seeAllLinks is not defined
    at removeFriendsButtons (chrome-extension://pcimamnpccdapeaaejlbecdhiifdnllb/content.js:91:28)
    at updateRobloxHome (chrome-extension://pcimamnpccdapeaaejlbecdhiifdnllb/content.js:160:3)
[  564194ms] ReferenceError: seeAllLinks is not defined
    at removeFriendsButtons (chrome-extension://pcimamnpccdapeaaejlbecdhiifdnllb/content.js:91:28)
    at updateRobloxHome (chrome-extension://pcimamnpccdapeaaejlbecdhiifdnllb/content.js:160:3)
[  564197ms] ReferenceError: seeAllLinks is not defined
    at removeFriendsButtons (chrome-extension://pcimamnpccdapeaaejlbecdhiifdnllb/content.js:91:28)
    at updateRobloxHome (chrome-extension://pcimamnpccdapeaaejlbecdhiifdnllb/content.js:160:3)
[  564199ms] ReferenceError: seeAllLinks is not defined
    at removeFriendsButtons (chrome-extension://pcimamnpccdapeaaejlbecdhiifdnllb/content.js:91:28)
    at updateRobloxHome (chrome-extension://pcimamnpccdapeaaejlbecdhiifdnllb/content.js:160:3)
[  564201ms] ReferenceError: seeAllLinks is not defined
    at removeFriendsButtons (chrome-extension://pcimamnpccdapeaaejlbecdhiifdnllb/content.js:91:28)
    at updateRobloxHome (chrome-extension://pcimamnpccdapeaaejlbecdhiifdnllb/content.js:160:3)
[  564202ms] ReferenceError: seeAllLinks is not defined
    at removeFriendsButtons (chrome-extension://pcimamnpccdapeaaejlbecdhiifdnllb/content.js:91:28)
    at updateRobloxHome (chrome-extension://pcimamnpccdapeaaejlbecdhiifdnllb/content.js:160:3)
[  564204ms] ReferenceError: seeAllLinks is not defined
    at removeFriendsButtons (chrome-extension://pcimamnpccdapeaaejlbecdhiifdnllb/content.js:91:28)
    at updateRobloxHome (chrome-extension://pcimamnpccdapeaaejlbecdhiifdnllb/content.js:160:3)
[  564206ms] ReferenceError: seeAllLinks is not defined
    at removeFriendsButtons (chrome-extension://pcimamnpccdapeaaejlbecdhiifdnllb/content.js:91:28)
    at updateRobloxHome (chrome-extension://pcimamnpccdapeaaejlbecdhiifdnllb/content.js:160:3)
[  564207ms] ReferenceError: seeAllLinks is not defined
    at removeFriendsButtons (chrome-extension://pcimamnpccdapeaaejlbecdhiifdnllb/content.js:91:28)
    at updateRobloxHome (chrome-extension://pcimamnpccdapeaaejlbecdhiifdnllb/content.js:160:3)
[  564209ms] ReferenceError: seeAllLinks is not defined
    at removeFriendsButtons (chrome-extension://pcimamnpccdapeaaejlbecdhiifdnllb/content.js:91:28)
    at updateRobloxHome (chrome-extension://pcimamnpccdapeaaejlbecdhiifdnllb/content.js:160:3)
[  564210ms] ReferenceError: seeAllLinks is not defined
    at removeFriendsButtons (chrome-extension://pcimamnpccdapeaaejlbecdhiifdnllb/content.js:91:28)
    at updateRobloxHome (chrome-extension://pcimamnpccdapeaaejlbecdhiifdnllb/content.js:160:3)
[  564212ms] ReferenceError: seeAllLinks is not defined
    at removeFriendsButtons (chrome-extension://pcimamnpccdapeaaejlbecdhiifdnllb/content.js:91:28)
    at updateRobloxHome (chrome-extension://pcimamnpccdapeaaejlbecdhiifdnllb/content.js:160:3)
[  564214ms] ReferenceError: seeAllLinks is not defined
    at removeFriendsButtons (chrome-extension://pcimamnpccdapeaaejlbecdhiifdnllb/content.js:91:28)
    at updateRobloxHome (chrome-extension://pcimamnpccdapeaaejlbecdhiifdnllb/content.js:160:3)
[  564215ms] ReferenceError: seeAllLinks is not defined
    at removeFriendsButtons (chrome-extension://pcimamnpccdapeaaejlbecdhiifdnllb/content.js:91:28)
    at updateRobloxHome (chrome-extension://pcimamnpccdapeaaejlbecdhiifdnllb/content.js:160:3)
[  564217ms] ReferenceError: seeAllLinks is not defined
    at removeFriendsButtons (chrome-extension://pcimamnpccdapeaaejlbecdhiifdnllb/content.js:91:28)
    at updateRobloxHome (chrome-extension://pcimamnpccdapeaaejlbecdhiifdnllb/content.js:160:3)
[  564218ms] ReferenceError: seeAllLinks is not defined
    at removeFriendsButtons (chrome-extension://pcimamnpccdapeaaejlbecdhiifdnllb/content.js:91:28)
    at updateRobloxHome (chrome-extension://pcimamnpccdapeaaejlbecdhiifdnllb/content.js:160:3)
[  564220ms] ReferenceError: seeAllLinks is not defined
    at removeFriendsButtons (chrome-extension://pcimamnpccdapeaaejlbecdhiifdnllb/content.js:91:28)
    at updateRobloxHome (chrome-extension://pcimamnpccdapeaaejlbecdhiifdnllb/content.js:160:3)
[  564222ms] ReferenceError: seeAllLinks is not defined
    at removeFriendsButtons (chrome-extension://pcimamnpccdapeaaejlbecdhiifdnllb/content.js:91:28)
    at updateRobloxHome (chrome-extension://pcimamnpccdapeaaejlbecdhiifdnllb/content.js:160:3)
[  564224ms] ReferenceError: seeAllLinks is not defined
    at removeFriendsButtons (chrome-extension://pcimamnpccdapeaaejlbecdhiifdnllb/content.js:91:28)
    at updateRobloxHome (chrome-extension://pcimamnpccdapeaaejlbecdhiifdnllb/content.js:160:3)
[  564226ms] ReferenceError: seeAllLinks is not defined
    at removeFriendsButtons (chrome-extension://pcimamnpccdapeaaejlbecdhiifdnllb/content.js:91:28)
    at updateRobloxHome (chrome-extension://pcimamnpccdapeaaejlbecdhiifdnllb/content.js:160:3)
[  564228ms] ReferenceError: seeAllLinks is not defined
    at removeFriendsButtons (chrome-extension://pcimamnpccdapeaaejlbecdhiifdnllb/content.js:91:28)
    at updateRobloxHome (chrome-extension://pcimamnpccdapeaaejlbecdhiifdnllb/content.js:160:3)
[  564229ms] ReferenceError: seeAllLinks is not defined
    at removeFriendsButtons (chrome-extension://pcimamnpccdapeaaejlbecdhiifdnllb/content.js:91:28)
    at updateRobloxHome (chrome-extension://pcimamnpccdapeaaejlbecdhiifdnllb/content.js:160:3)
[  564231ms] ReferenceError: seeAllLinks is not defined
    at removeFriendsButtons (chrome-extension://pcimamnpccdapeaaejlbecdhiifdnllb/content.js:91:28)
    at updateRobloxHome (chrome-extension://pcimamnpccdapeaaejlbecdhiifdnllb/content.js:160:3)
[  564235ms] ReferenceError: seeAllLinks is not defined
    at removeFriendsButtons (chrome-extension://pcimamnpccdapeaaejlbecdhiifdnllb/content.js:91:28)
    at updateRobloxHome (chrome-extension://pcimamnpccdapeaaejlbecdhiifdnllb/content.js:160:3)
[  564236ms] ReferenceError: seeAllLinks is not defined
    at removeFriendsButtons (chrome-extension://pcimamnpccdapeaaejlbecdhiifdnllb/content.js:91:28)
    at updateRobloxHome (chrome-extension://pcimamnpccdapeaaejlbecdhiifdnllb/content.js:160:3)
[  564238ms] ReferenceError: seeAllLinks is not defined
    at removeFriendsButtons (chrome-extension://pcimamnpccdapeaaejlbecdhiifdnllb/content.js:91:28)
    at updateRobloxHome (chrome-extension://pcimamnpccdapeaaejlbecdhiifdnllb/content.js:160:3)
[  564240ms] ReferenceError: seeAllLinks is not defined
    at removeFriendsButtons (chrome-extension://pcimamnpccdapeaaejlbecdhiifdnllb/content.js:91:28)
    at updateRobloxHome (chrome-extension://pcimamnpccdapeaaejlbecdhiifdnllb/content.js:160:3)
[  564258ms] ReferenceError: seeAllLinks is not defined
    at removeFriendsButtons (chrome-extension://pcimamnpccdapeaaejlbecdhiifdnllb/content.js:91:28)
    at updateRobloxHome (chrome-extension://pcimamnpccdapeaaejlbecdhiifdnllb/content.js:160:3)
[  564298ms] ReferenceError: seeAllLinks is not defined
    at removeFriendsButtons (chrome-extension://pcimamnpccdapeaaejlbecdhiifdnllb/content.js:91:28)
    at updateRobloxHome (chrome-extension://pcimamnpccdapeaaejlbecdhiifdnllb/content.js:160:3)
[  564301ms] ReferenceError: seeAllLinks is not defined
    at removeFriendsButtons (chrome-extension://pcimamnpccdapeaaejlbecdhiifdnllb/content.js:91:28)
    at updateRobloxHome (chrome-extension://pcimamnpccdapeaaejlbecdhiifdnllb/content.js:160:3)
[  564303ms] ReferenceError: seeAllLinks is not defined
    at removeFriendsButtons (chrome-extension://pcimamnpccdapeaaejlbecdhiifdnllb/content.js:91:28)
    at updateRobloxHome (chrome-extension://pcimamnpccdapeaaejlbecdhiifdnllb/content.js:160:3)
[  564306ms] ReferenceError: seeAllLinks is not defined
    at removeFriendsButtons (chrome-extension://pcimamnpccdapeaaejlbecdhiifdnllb/content.js:91:28)
    at updateRobloxHome (chrome-extension://pcimamnpccdapeaaejlbecdhiifdnllb/content.js:160:3)
[  564309ms] ReferenceError: seeAllLinks is not defined
    at removeFriendsButtons (chrome-extension://pcimamnpccdapeaaejlbecdhiifdnllb/content.js:91:28)
    at updateRobloxHome (chrome-extension://pcimamnpccdapeaaejlbecdhiifdnllb/content.js:160:3)
[  564314ms] ReferenceError: seeAllLinks is not defined
    at removeFriendsButtons (chrome-extension://pcimamnpccdapeaaejlbecdhiifdnllb/content.js:91:28)
    at updateRobloxHome (chrome-extension://pcimamnpccdapeaaejlbecdhiifdnllb/content.js:160:3)
[  564317ms] ReferenceError: seeAllLinks is not defined
    at removeFriendsButtons (chrome-extension://pcimamnpccdapeaaejlbecdhiifdnllb/content.js:91:28)
    at updateRobloxHome (chrome-extension://pcimamnpccdapeaaejlbecdhiifdnllb/content.js:160:3)
[  564319ms] ReferenceError: seeAllLinks is not defined
    at removeFriendsButtons (chrome-extension://pcimamnpccdapeaaejlbecdhiifdnllb/content.js:91:28)
    at updateRobloxHome (chrome-extension://pcimamnpccdapeaaejlbecdhiifdnllb/content.js:160:3)
[  564322ms] ReferenceError: seeAllLinks is not defined
    at removeFriendsButtons (chrome-extension://pcimamnpccdapeaaejlbecdhiifdnllb/content.js:91:28)
    at updateRobloxHome (chrome-extension://pcimamnpccdapeaaejlbecdhiifdnllb/content.js:160:3)
[  564324ms] ReferenceError: seeAllLinks is not defined
    at removeFriendsButtons (chrome-extension://pcimamnpccdapeaaejlbecdhiifdnllb/content.js:91:28)
    at updateRobloxHome (chrome-extension://pcimamnpccdapeaaejlbecdhiifdnllb/content.js:160:3)
[  564327ms] ReferenceError: seeAllLinks is not defined
    at removeFriendsButtons (chrome-extension://pcimamnpccdapeaaejlbecdhiifdnllb/content.js:91:28)
    at updateRobloxHome (chrome-extension://pcimamnpccdapeaaejlbecdhiifdnllb/content.js:160:3)
[  564329ms] ReferenceError: seeAllLinks is not defined
    at removeFriendsButtons (chrome-extension://pcimamnpccdapeaaejlbecdhiifdnllb/content.js:91:28)
    at updateRobloxHome (chrome-extension://pcimamnpccdapeaaejlbecdhiifdnllb/content.js:160:3)
[  564333ms] ReferenceError: seeAllLinks is not defined
    at removeFriendsButtons (chrome-extension://pcimamnpccdapeaaejlbecdhiifdnllb/content.js:91:28)
    at updateRobloxHome (chrome-extension://pcimamnpccdapeaaejlbecdhiifdnllb/content.js:160:3)
[  564336ms] ReferenceError: seeAllLinks is not defined
    at removeFriendsButtons (chrome-extension://pcimamnpccdapeaaejlbecdhiifdnllb/content.js:91:28)
    at updateRobloxHome (chrome-extension://pcimamnpccdapeaaejlbecdhiifdnllb/content.js:160:3)
[  564338ms] ReferenceError: seeAllLinks is not defined
    at removeFriendsButtons (chrome-extension://pcimamnpccdapeaaejlbecdhiifdnllb/content.js:91:28)
    at updateRobloxHome (chrome-extension://pcimamnpccdapeaaejlbecdhiifdnllb/content.js:160:3)
[  564339ms] ReferenceError: seeAllLinks is not defined
    at removeFriendsButtons (chrome-extension://pcimamnpccdapeaaejlbecdhiifdnllb/content.js:91:28)
    at updateRobloxHome (chrome-extension://pcimamnpccdapeaaejlbecdhiifdnllb/content.js:160:3)
[  564340ms] ReferenceError: seeAllLinks is not defined
    at removeFriendsButtons (chrome-extension://pcimamnpccdapeaaejlbecdhiifdnllb/content.js:91:28)
    at updateRobloxHome (chrome-extension://pcimamnpccdapeaaejlbecdhiifdnllb/content.js:160:3)
[  564342ms] ReferenceError: seeAllLinks is not defined
    at removeFriendsButtons (chrome-extension://pcimamnpccdapeaaejlbecdhiifdnllb/content.js:91:28)
    at updateRobloxHome (chrome-extension://pcimamnpccdapeaaejlbecdhiifdnllb/content.js:160:3)
[  564344ms] ReferenceError: seeAllLinks is not defined
    at removeFriendsButtons (chrome-extension://pcimamnpccdapeaaejlbecdhiifdnllb/content.js:91:28)
    at updateRobloxHome (chrome-extension://pcimamnpccdapeaaejlbecdhiifdnllb/content.js:160:3)
[  564347ms] ReferenceError: seeAllLinks is not defined
    at removeFriendsButtons (chrome-extension://pcimamnpccdapeaaejlbecdhiifdnllb/content.js:91:28)
    at updateRobloxHome (chrome-extension://pcimamnpccdapeaaejlbecdhiifdnllb/content.js:160:3)
[  564350ms] ReferenceError: seeAllLinks is not defined
    at removeFriendsButtons (chrome-extension://pcimamnpccdapeaaejlbecdhiifdnllb/content.js:91:28)
    at updateRobloxHome (chrome-extension://pcimamnpccdapeaaejlbecdhiifdnllb/content.js:160:3)
[  564351ms] ReferenceError: seeAllLinks is not defined
    at removeFriendsButtons (chrome-extension://pcimamnpccdapeaaejlbecdhiifdnllb/content.js:91:28)
    at updateRobloxHome (chrome-extension://pcimamnpccdapeaaejlbecdhiifdnllb/content.js:160:3)
[  564354ms] ReferenceError: seeAllLinks is not defined
    at removeFriendsButtons (chrome-extension://pcimamnpccdapeaaejlbecdhiifdnllb/content.js:91:28)
    at updateRobloxHome (chrome-extension://pcimamnpccdapeaaejlbecdhiifdnllb/content.js:160:3)
[  564356ms] ReferenceError: seeAllLinks is not defined
    at removeFriendsButtons (chrome-extension://pcimamnpccdapeaaejlbecdhiifdnllb/content.js:91:28)
    at updateRobloxHome (chrome-extension://pcimamnpccdapeaaejlbecdhiifdnllb/content.js:160:3)
[  564359ms] ReferenceError: seeAllLinks is not defined
    at removeFriendsButtons (chrome-extension://pcimamnpccdapeaaejlbecdhiifdnllb/content.js:91:28)
    at updateRobloxHome (chrome-extension://pcimamnpccdapeaaejlbecdhiifdnllb/content.js:160:3)
[  564362ms] ReferenceError: seeAllLinks is not defined
    at removeFriendsButtons (chrome-extension://pcimamnpccdapeaaejlbecdhiifdnllb/content.js:91:28)
    at updateRobloxHome (chrome-extension://pcimamnpccdapeaaejlbecdhiifdnllb/content.js:160:3)
[  564365ms] ReferenceError: seeAllLinks is not defined
    at removeFriendsButtons (chrome-extension://pcimamnpccdapeaaejlbecdhiifdnllb/content.js:91:28)
    at updateRobloxHome (chrome-extension://pcimamnpccdapeaaejlbecdhiifdnllb/content.js:160:3)
[  564367ms] ReferenceError: seeAllLinks is not defined
    at removeFriendsButtons (chrome-extension://pcimamnpccdapeaaejlbecdhiifdnllb/content.js:91:28)
    at updateRobloxHome (chrome-extension://pcimamnpccdapeaaejlbecdhiifdnllb/content.js:160:3)
[  564369ms] ReferenceError: seeAllLinks is not defined
    at removeFriendsButtons (chrome-extension://pcimamnpccdapeaaejlbecdhiifdnllb/content.js:91:28)
    at updateRobloxHome (chrome-extension://pcimamnpccdapeaaejlbecdhiifdnllb/content.js:160:3)
[  564371ms] ReferenceError: seeAllLinks is not defined
    at removeFriendsButtons (chrome-extension://pcimamnpccdapeaaejlbecdhiifdnllb/content.js:91:28)
    at updateRobloxHome (chrome-extension://pcimamnpccdapeaaejlbecdhiifdnllb/content.js:160:3)
[  564373ms] ReferenceError: seeAllLinks is not defined
    at removeFriendsButtons (chrome-extension://pcimamnpccdapeaaejlbecdhiifdnllb/content.js:91:28)
    at updateRobloxHome (chrome-extension://pcimamnpccdapeaaejlbecdhiifdnllb/content.js:160:3)
[  564374ms] ReferenceError: seeAllLinks is not defined
    at removeFriendsButtons (chrome-extension://pcimamnpccdapeaaejlbecdhiifdnllb/content.js:91:28)
    at updateRobloxHome (chrome-extension://pcimamnpccdapeaaejlbecdhiifdnllb/content.js:160:3)
[  564377ms] ReferenceError: seeAllLinks is not defined
    at removeFriendsButtons (chrome-extension://pcimamnpccdapeaaejlbecdhiifdnllb/content.js:91:28)
    at updateRobloxHome (chrome-extension://pcimamnpccdapeaaejlbecdhiifdnllb/content.js:160:3)
[  564379ms] ReferenceError: seeAllLinks is not defined
    at removeFriendsButtons (chrome-extension://pcimamnpccdapeaaejlbecdhiifdnllb/content.js:91:28)
    at updateRobloxHome (chrome-extension://pcimamnpccdapeaaejlbecdhiifdnllb/content.js:160:3)
[  564381ms] ReferenceError: seeAllLinks is not defined
    at removeFriendsButtons (chrome-extension://pcimamnpccdapeaaejlbecdhiifdnllb/content.js:91:28)
    at updateRobloxHome (chrome-extension://pcimamnpccdapeaaejlbecdhiifdnllb/content.js:160:3)
[  564383ms] ReferenceError: seeAllLinks is not defined
    at removeFriendsButtons (chrome-extension://pcimamnpccdapeaaejlbecdhiifdnllb/content.js:91:28)
    at updateRobloxHome (chrome-extension://pcimamnpccdapeaaejlbecdhiifdnllb/content.js:160:3)
[  564386ms] ReferenceError: seeAllLinks is not defined
    at removeFriendsButtons (chrome-extension://pcimamnpccdapeaaejlbecdhiifdnllb/content.js:91:28)
    at updateRobloxHome (chrome-extension://pcimamnpccdapeaaejlbecdhiifdnllb/content.js:160:3)
[  564387ms] ReferenceError: seeAllLinks is not defined
    at removeFriendsButtons (chrome-extension://pcimamnpccdapeaaejlbecdhiifdnllb/content.js:91:28)
    at updateRobloxHome (chrome-extension://pcimamnpccdapeaaejlbecdhiifdnllb/content.js:160:3)
[  564388ms] ReferenceError: seeAllLinks is not defined
    at removeFriendsButtons (chrome-extension://pcimamnpccdapeaaejlbecdhiifdnllb/content.js:91:28)
    at updateRobloxHome (chrome-extension://pcimamnpccdapeaaejlbecdhiifdnllb/content.js:160:3)
[  564390ms] ReferenceError: seeAllLinks is not defined
    at removeFriendsButtons (chrome-extension://pcimamnpccdapeaaejlbecdhiifdnllb/content.js:91:28)
    at updateRobloxHome (chrome-extension://pcimamnpccdapeaaejlbecdhiifdnllb/content.js:160:3)
[  564392ms] ReferenceError: seeAllLinks is not defined
    at removeFriendsButtons (chrome-extension://pcimamnpccdapeaaejlbecdhiifdnllb/content.js:91:28)
    at updateRobloxHome (chrome-extension://pcimamnpccdapeaaejlbecdhiifdnllb/content.js:160:3)
[  564412ms] ReferenceError: seeAllLinks is not defined
    at removeFriendsButtons (chrome-extension://pcimamnpccdapeaaejlbecdhiifdnllb/content.js:91:28)
    at updateRobloxHome (chrome-extension://pcimamnpccdapeaaejlbecdhiifdnllb/content.js:160:3)
[  564414ms] ReferenceError: seeAllLinks is not defined
    at removeFriendsButtons (chrome-extension://pcimamnpccdapeaaejlbecdhiifdnllb/content.js:91:28)
    at updateRobloxHome (chrome-extension://pcimamnpccdapeaaejlbecdhiifdnllb/content.js:160:3)
[  564416ms] ReferenceError: seeAllLinks is not defined
    at removeFriendsButtons (chrome-extension://pcimamnpccdapeaaejlbecdhiifdnllb/content.js:91:28)
    at updateRobloxHome (chrome-extension://pcimamnpccdapeaaejlbecdhiifdnllb/content.js:160:3)
[  564419ms] ReferenceError: seeAllLinks is not defined
    at removeFriendsButtons (chrome-extension://pcimamnpccdapeaaejlbecdhiifdnllb/content.js:91:28)
    at updateRobloxHome (chrome-extension://pcimamnpccdapeaaejlbecdhiifdnllb/content.js:160:3)
[  564421ms] ReferenceError: seeAllLinks is not defined
    at removeFriendsButtons (chrome-extension://pcimamnpccdapeaaejlbecdhiifdnllb/content.js:91:28)
    at updateRobloxHome (chrome-extension://pcimamnpccdapeaaejlbecdhiifdnllb/content.js:160:3)
[  564423ms] ReferenceError: seeAllLinks is not defined
    at removeFriendsButtons (chrome-extension://pcimamnpccdapeaaejlbecdhiifdnllb/content.js:91:28)
    at updateRobloxHome (chrome-extension://pcimamnpccdapeaaejlbecdhiifdnllb/content.js:160:3)
[  564425ms] ReferenceError: seeAllLinks is not defined
    at removeFriendsButtons (chrome-extension://pcimamnpccdapeaaejlbecdhiifdnllb/content.js:91:28)
    at updateRobloxHome (chrome-extension://pcimamnpccdapeaaejlbecdhiifdnllb/content.js:160:3)
[  564427ms] ReferenceError: seeAllLinks is not defined
    at removeFriendsButtons (chrome-extension://pcimamnpccdapeaaejlbecdhiifdnllb/content.js:91:28)
    at updateRobloxHome (chrome-extension://pcimamnpccdapeaaejlbecdhiifdnllb/content.js:160:3)
[  564432ms] ReferenceError: seeAllLinks is not defined
    at removeFriendsButtons (chrome-extension://pcimamnpccdapeaaejlbecdhiifdnllb/content.js:91:28)
    at updateRobloxHome (chrome-extension://pcimamnpccdapeaaejlbecdhiifdnllb/content.js:160:3)
[  564434ms] ReferenceError: seeAllLinks is not defined
    at removeFriendsButtons (chrome-extension://pcimamnpccdapeaaejlbecdhiifdnllb/content.js:91:28)
    at updateRobloxHome (chrome-extension://pcimamnpccdapeaaejlbecdhiifdnllb/content.js:160:3)
[  564436ms] ReferenceError: seeAllLinks is not defined
    at removeFriendsButtons (chrome-extension://pcimamnpccdapeaaejlbecdhiifdnllb/content.js:91:28)
    at updateRobloxHome (chrome-extension://pcimamnpccdapeaaejlbecdhiifdnllb/content.js:160:3)
[  564439ms] ReferenceError: seeAllLinks is not defined
    at removeFriendsButtons (chrome-extension://pcimamnpccdapeaaejlbecdhiifdnllb/content.js:91:28)
    at updateRobloxHome (chrome-extension://pcimamnpccdapeaaejlbecdhiifdnllb/content.js:160:3)
[  564441ms] ReferenceError: seeAllLinks is not defined
    at removeFriendsButtons (chrome-extension://pcimamnpccdapeaaejlbecdhiifdnllb/content.js:91:28)
    at updateRobloxHome (chrome-extension://pcimamnpccdapeaaejlbecdhiifdnllb/content.js:160:3)
[  564442ms] ReferenceError: seeAllLinks is not defined
    at removeFriendsButtons (chrome-extension://pcimamnpccdapeaaejlbecdhiifdnllb/content.js:91:28)
    at updateRobloxHome (chrome-extension://pcimamnpccdapeaaejlbecdhiifdnllb/content.js:160:3)
[  564444ms] ReferenceError: seeAllLinks is not defined
    at removeFriendsButtons (chrome-extension://pcimamnpccdapeaaejlbecdhiifdnllb/content.js:91:28)
    at updateRobloxHome (chrome-extension://pcimamnpccdapeaaejlbecdhiifdnllb/content.js:160:3)
[  564446ms] ReferenceError: seeAllLinks is not defined
    at removeFriendsButtons (chrome-extension://pcimamnpccdapeaaejlbecdhiifdnllb/content.js:91:28)
    at updateRobloxHome (chrome-extension://pcimamnpccdapeaaejlbecdhiifdnllb/content.js:160:3)
[  564449ms] ReferenceError: seeAllLinks is not defined
    at removeFriendsButtons (chrome-extension://pcimamnpccdapeaaejlbecdhiifdnllb/content.js:91:28)
    at updateRobloxHome (chrome-extension://pcimamnpccdapeaaejlbecdhiifdnllb/content.js:160:3)
[  564451ms] ReferenceError: seeAllLinks is not defined
    at removeFriendsButtons (chrome-extension://pcimamnpccdapeaaejlbecdhiifdnllb/content.js:91:28)
    at updateRobloxHome (chrome-extension://pcimamnpccdapeaaejlbecdhiifdnllb/content.js:160:3)
[  564453ms] ReferenceError: seeAllLinks is not defined
    at removeFriendsButtons (chrome-extension://pcimamnpccdapeaaejlbecdhiifdnllb/content.js:91:28)
    at updateRobloxHome (chrome-extension://pcimamnpccdapeaaejlbecdhiifdnllb/content.js:160:3)
[  564454ms] ReferenceError: seeAllLinks is not defined
    at removeFriendsButtons (chrome-extension://pcimamnpccdapeaaejlbecdhiifdnllb/content.js:91:28)
    at updateRobloxHome (chrome-extension://pcimamnpccdapeaaejlbecdhiifdnllb/content.js:160:3)
[  564457ms] ReferenceError: seeAllLinks is not defined
    at removeFriendsButtons (chrome-extension://pcimamnpccdapeaaejlbecdhiifdnllb/content.js:91:28)
    at updateRobloxHome (chrome-extension://pcimamnpccdapeaaejlbecdhiifdnllb/content.js:160:3)
[  564458ms] ReferenceError: seeAllLinks is not defined
    at removeFriendsButtons (chrome-extension://pcimamnpccdapeaaejlbecdhiifdnllb/content.js:91:28)
    at updateRobloxHome (chrome-extension://pcimamnpccdapeaaejlbecdhiifdnllb/content.js:160:3)
[  564461ms] ReferenceError: seeAllLinks is not defined
    at removeFriendsButtons (chrome-extension://pcimamnpccdapeaaejlbecdhiifdnllb/content.js:91:28)
    at updateRobloxHome (chrome-extension://pcimamnpccdapeaaejlbecdhiifdnllb/content.js:160:3)
[  564464ms] ReferenceError: seeAllLinks is not defined
    at removeFriendsButtons (chrome-extension://pcimamnpccdapeaaejlbecdhiifdnllb/content.js:91:28)
    at updateRobloxHome (chrome-extension://pcimamnpccdapeaaejlbecdhiifdnllb/content.js:160:3)
[  564466ms] ReferenceError: seeAllLinks is not defined
    at removeFriendsButtons (chrome-extension://pcimamnpccdapeaaejlbecdhiifdnllb/content.js:91:28)
    at updateRobloxHome (chrome-extension://pcimamnpccdapeaaejlbecdhiifdnllb/content.js:160:3)
[  564468ms] ReferenceError: seeAllLinks is not defined
    at removeFriendsButtons (chrome-extension://pcimamnpccdapeaaejlbecdhiifdnllb/content.js:91:28)
    at updateRobloxHome (chrome-extension://pcimamnpccdapeaaejlbecdhiifdnllb/content.js:160:3)
[  564470ms] ReferenceError: seeAllLinks is not defined
    at removeFriendsButtons (chrome-extension://pcimamnpccdapeaaejlbecdhiifdnllb/content.js:91:28)
    at updateRobloxHome (chrome-extension://pcimamnpccdapeaaejlbecdhiifdnllb/content.js:160:3)
[  564472ms] ReferenceError: seeAllLinks is not defined
    at removeFriendsButtons (chrome-extension://pcimamnpccdapeaaejlbecdhiifdnllb/content.js:91:28)
    at updateRobloxHome (chrome-extension://pcimamnpccdapeaaejlbecdhiifdnllb/content.js:160:3)
[  564474ms] ReferenceError: seeAllLinks is not defined
    at removeFriendsButtons (chrome-extension://pcimamnpccdapeaaejlbecdhiifdnllb/content.js:91:28)
    at updateRobloxHome (chrome-extension://pcimamnpccdapeaaejlbecdhiifdnllb/content.js:160:3)
[  564476ms] ReferenceError: seeAllLinks is not defined
    at removeFriendsButtons (chrome-extension://pcimamnpccdapeaaejlbecdhiifdnllb/content.js:91:28)
    at updateRobloxHome (chrome-extension://pcimamnpccdapeaaejlbecdhiifdnllb/content.js:160:3)
[  564478ms] ReferenceError: seeAllLinks is not defined
    at removeFriendsButtons (chrome-extension://pcimamnpccdapeaaejlbecdhiifdnllb/content.js:91:28)
    at updateRobloxHome (chrome-extension://pcimamnpccdapeaaejlbecdhiifdnllb/content.js:160:3)
[  564481ms] ReferenceError: seeAllLinks is not defined
    at removeFriendsButtons (chrome-extension://pcimamnpccdapeaaejlbecdhiifdnllb/content.js:91:28)
    at updateRobloxHome (chrome-extension://pcimamnpccdapeaaejlbecdhiifdnllb/content.js:160:3)
[  564483ms] ReferenceError: seeAllLinks is not defined
    at removeFriendsButtons (chrome-extension://pcimamnpccdapeaaejlbecdhiifdnllb/content.js:91:28)
    at updateRobloxHome (chrome-extension://pcimamnpccdapeaaejlbecdhiifdnllb/content.js:160:3)
[  564485ms] ReferenceError: seeAllLinks is not defined
    at removeFriendsButtons (chrome-extension://pcimamnpccdapeaaejlbecdhiifdnllb/content.js:91:28)
    at updateRobloxHome (chrome-extension://pcimamnpccdapeaaejlbecdhiifdnllb/content.js:160:3)
[  564487ms] ReferenceError: seeAllLinks is not defined
    at removeFriendsButtons (chrome-extension://pcimamnpccdapeaaejlbecdhiifdnllb/content.js:91:28)
    at updateRobloxHome (chrome-extension://pcimamnpccdapeaaejlbecdhiifdnllb/content.js:160:3)
[  564489ms] ReferenceError: seeAllLinks is not defined
    at removeFriendsButtons (chrome-extension://pcimamnpccdapeaaejlbecdhiifdnllb/content.js:91:28)
    at updateRobloxHome (chrome-extension://pcimamnpccdapeaaejlbecdhiifdnllb/content.js:160:3)
[  564491ms] ReferenceError: seeAllLinks is not defined
    at removeFriendsButtons (chrome-extension://pcimamnpccdapeaaejlbecdhiifdnllb/content.js:91:28)
    at updateRobloxHome (chrome-extension://pcimamnpccdapeaaejlbecdhiifdnllb/content.js:160:3)
[  564493ms] ReferenceError: seeAllLinks is not defined
    at removeFriendsButtons (chrome-extension://pcimamnpccdapeaaejlbecdhiifdnllb/content.js:91:28)
    at updateRobloxHome (chrome-extension://pcimamnpccdapeaaejlbecdhiifdnllb/content.js:160:3)
[  564495ms] ReferenceError: seeAllLinks is not defined
    at removeFriendsButtons (chrome-extension://pcimamnpccdapeaaejlbecdhiifdnllb/content.js:91:28)
    at updateRobloxHome (chrome-extension://pcimamnpccdapeaaejlbecdhiifdnllb/content.js:160:3)
[  564497ms] ReferenceError: seeAllLinks is not defined
    at removeFriendsButtons (chrome-extension://pcimamnpccdapeaaejlbecdhiifdnllb/content.js:91:28)
    at updateRobloxHome (chrome-extension://pcimamnpccdapeaaejlbecdhiifdnllb/content.js:160:3)
[  564499ms] ReferenceError: seeAllLinks is not defined
    at removeFriendsButtons (chrome-extension://pcimamnpccdapeaaejlbecdhiifdnllb/content.js:91:28)
    at updateRobloxHome (chrome-extension://pcimamnpccdapeaaejlbecdhiifdnllb/content.js:160:3)
[  564501ms] ReferenceError: seeAllLinks is not defined
    at removeFriendsButtons (chrome-extension://pcimamnpccdapeaaejlbecdhiifdnllb/content.js:91:28)
    at updateRobloxHome (chrome-extension://pcimamnpccdapeaaejlbecdhiifdnllb/content.js:160:3)
[  564502ms] ReferenceError: seeAllLinks is not defined
    at removeFriendsButtons (chrome-extension://pcimamnpccdapeaaejlbecdhiifdnllb/content.js:91:28)
    at updateRobloxHome (chrome-extension://pcimamnpccdapeaaejlbecdhiifdnllb/content.js:160:3)
[  564504ms] ReferenceError: seeAllLinks is not defined
    at removeFriendsButtons (chrome-extension://pcimamnpccdapeaaejlbecdhiifdnllb/content.js:91:28)
    at updateRobloxHome (chrome-extension://pcimamnpccdapeaaejlbecdhiifdnllb/content.js:160:3)
[  564505ms] ReferenceError: seeAllLinks is not defined
    at removeFriendsButtons (chrome-extension://pcimamnpccdapeaaejlbecdhiifdnllb/content.js:91:28)
    at updateRobloxHome (chrome-extension://pcimamnpccdapeaaejlbecdhiifdnllb/content.js:160:3)
[  564507ms] ReferenceError: seeAllLinks is not defined
    at removeFriendsButtons (chrome-extension://pcimamnpccdapeaaejlbecdhiifdnllb/content.js:91:28)
    at updateRobloxHome (chrome-extension://pcimamnpccdapeaaejlbecdhiifdnllb/content.js:160:3)
[  564508ms] ReferenceError: seeAllLinks is not defined
    at removeFriendsButtons (chrome-extension://pcimamnpccdapeaaejlbecdhiifdnllb/content.js:91:28)
    at updateRobloxHome (chrome-extension://pcimamnpccdapeaaejlbecdhiifdnllb/content.js:160:3)
[  564510ms] ReferenceError: seeAllLinks is not defined
    at removeFriendsButtons (chrome-extension://pcimamnpccdapeaaejlbecdhiifdnllb/content.js:91:28)
    at updateRobloxHome (chrome-extension://pcimamnpccdapeaaejlbecdhiifdnllb/content.js:160:3)
[  564512ms] ReferenceError: seeAllLinks is not defined
    at removeFriendsButtons (chrome-extension://pcimamnpccdapeaaejlbecdhiifdnllb/content.js:91:28)
    at updateRobloxHome (chrome-extension://pcimamnpccdapeaaejlbecdhiifdnllb/content.js:160:3)
[  564530ms] ReferenceError: seeAllLinks is not defined
    at removeFriendsButtons (chrome-extension://pcimamnpccdapeaaejlbecdhiifdnllb/content.js:91:28)
    at updateRobloxHome (chrome-extension://pcimamnpccdapeaaejlbecdhiifdnllb/content.js:160:3)
[  564532ms] ReferenceError: seeAllLinks is not defined
    at removeFriendsButtons (chrome-extension://pcimamnpccdapeaaejlbecdhiifdnllb/content.js:91:28)
    at updateRobloxHome (chrome-extension://pcimamnpccdapeaaejlbecdhiifdnllb/content.js:160:3)
[  564534ms] ReferenceError: seeAllLinks is not defined
    at removeFriendsButtons (chrome-extension://pcimamnpccdapeaaejlbecdhiifdnllb/content.js:91:28)
    at updateRobloxHome (chrome-extension://pcimamnpccdapeaaejlbecdhiifdnllb/content.js:160:3)
[  564536ms] ReferenceError: seeAllLinks is not defined
    at removeFriendsButtons (chrome-extension://pcimamnpccdapeaaejlbecdhiifdnllb/content.js:91:28)
    at updateRobloxHome (chrome-extension://pcimamnpccdapeaaejlbecdhiifdnllb/content.js:160:3)
[  564538ms] ReferenceError: seeAllLinks is not defined
    at removeFriendsButtons (chrome-extension://pcimamnpccdapeaaejlbecdhiifdnllb/content.js:91:28)
    at updateRobloxHome (chrome-extension://pcimamnpccdapeaaejlbecdhiifdnllb/content.js:160:3)
[  564541ms] ReferenceError: seeAllLinks is not defined
    at removeFriendsButtons (chrome-extension://pcimamnpccdapeaaejlbecdhiifdnllb/content.js:91:28)
    at updateRobloxHome (chrome-extension://pcimamnpccdapeaaejlbecdhiifdnllb/content.js:160:3)
[  564543ms] ReferenceError: seeAllLinks is not defined
    at removeFriendsButtons (chrome-extension://pcimamnpccdapeaaejlbecdhiifdnllb/content.js:91:28)
    at updateRobloxHome (chrome-extension://pcimamnpccdapeaaejlbecdhiifdnllb/content.js:160:3)
[  564549ms] ReferenceError: seeAllLinks is not defined
    at removeFriendsButtons (chrome-extension://pcimamnpccdapeaaejlbecdhiifdnllb/content.js:91:28)
    at updateRobloxHome (chrome-extension://pcimamnpccdapeaaejlbecdhiifdnllb/content.js:160:3)
[  564550ms] ReferenceError: seeAllLinks is not defined
    at removeFriendsButtons (chrome-extension://pcimamnpccdapeaaejlbecdhiifdnllb/content.js:91:28)
    at updateRobloxHome (chrome-extension://pcimamnpccdapeaaejlbecdhiifdnllb/content.js:160:3)
[  564553ms] ReferenceError: seeAllLinks is not defined
    at removeFriendsButtons (chrome-extension://pcimamnpccdapeaaejlbecdhiifdnllb/content.js:91:28)
    at updateRobloxHome (chrome-extension://pcimamnpccdapeaaejlbecdhiifdnllb/content.js:160:3)
[  564555ms] ReferenceError: seeAllLinks is not defined
    at removeFriendsButtons (chrome-extension://pcimamnpccdapeaaejlbecdhiifdnllb/content.js:91:28)
    at updateRobloxHome (chrome-extension://pcimamnpccdapeaaejlbecdhiifdnllb/content.js:160:3)
[  564557ms] ReferenceError: seeAllLinks is not defined
    at removeFriendsButtons (chrome-extension://pcimamnpccdapeaaejlbecdhiifdnllb/content.js:91:28)
    at updateRobloxHome (chrome-extension://pcimamnpccdapeaaejlbecdhiifdnllb/content.js:160:3)
[  564558ms] ReferenceError: seeAllLinks is not defined
    at removeFriendsButtons (chrome-extension://pcimamnpccdapeaaejlbecdhiifdnllb/content.js:91:28)
    at updateRobloxHome (chrome-extension://pcimamnpccdapeaaejlbecdhiifdnllb/content.js:160:3)
[  564560ms] ReferenceError: seeAllLinks is not defined
    at removeFriendsButtons (chrome-extension://pcimamnpccdapeaaejlbecdhiifdnllb/content.js:91:28)
    at updateRobloxHome (chrome-extension://pcimamnpccdapeaaejlbecdhiifdnllb/content.js:160:3)
[  564562ms] ReferenceError: seeAllLinks is not defined
    at removeFriendsButtons (chrome-extension://pcimamnpccdapeaaejlbecdhiifdnllb/content.js:91:28)
    at updateRobloxHome (chrome-extension://pcimamnpccdapeaaejlbecdhiifdnllb/content.js:160:3)
[  564565ms] ReferenceError: seeAllLinks is not defined
    at removeFriendsButtons (chrome-extension://pcimamnpccdapeaaejlbecdhiifdnllb/content.js:91:28)
    at updateRobloxHome (chrome-extension://pcimamnpccdapeaaejlbecdhiifdnllb/content.js:160:3)
[  564567ms] ReferenceError: seeAllLinks is not defined
    at removeFriendsButtons (chrome-extension://pcimamnpccdapeaaejlbecdhiifdnllb/content.js:91:28)
    at updateRobloxHome (chrome-extension://pcimamnpccdapeaaejlbecdhiifdnllb/content.js:160:3)
[  564578ms] ReferenceError: seeAllLinks is not defined
    at removeFriendsButtons (chrome-extension://pcimamnpccdapeaaejlbecdhiifdnllb/content.js:91:28)
    at updateRobloxHome (chrome-extension://pcimamnpccdapeaaejlbecdhiifdnllb/content.js:160:3)
[  564581ms] ReferenceError: seeAllLinks is not defined
    at removeFriendsButtons (chrome-extension://pcimamnpccdapeaaejlbecdhiifdnllb/content.js:91:28)
    at updateRobloxHome (chrome-extension://pcimamnpccdapeaaejlbecdhiifdnllb/content.js:160:3)
[  564584ms] ReferenceError: seeAllLinks is not defined
    at removeFriendsButtons (chrome-extension://pcimamnpccdapeaaejlbecdhiifdnllb/content.js:91:28)
    at updateRobloxHome (chrome-extension://pcimamnpccdapeaaejlbecdhiifdnllb/content.js:160:3)
[  564704ms] ReferenceError: seeAllLinks is not defined
    at removeFriendsButtons (chrome-extension://pcimamnpccdapeaaejlbecdhiifdnllb/content.js:91:28)
    at updateRobloxHome (chrome-extension://pcimamnpccdapeaaejlbecdhiifdnllb/content.js:160:3)
[  564706ms] ReferenceError: seeAllLinks is not defined
    at removeFriendsButtons (chrome-extension://pcimamnpccdapeaaejlbecdhiifdnllb/content.js:91:28)
    at updateRobloxHome (chrome-extension://pcimamnpccdapeaaejlbecdhiifdnllb/content.js:160:3)
[  564735ms] ReferenceError: seeAllLinks is not defined
    at removeFriendsButtons (chrome-extension://pcimamnpccdapeaaejlbecdhiifdnllb/content.js:91:28)
    at updateRobloxHome (chrome-extension://pcimamnpccdapeaaejlbecdhiifdnllb/content.js:160:3)
[  564736ms] ReferenceError: seeAllLinks is not defined
    at removeFriendsButtons (chrome-extension://pcimamnpccdapeaaejlbecdhiifdnllb/content.js:91:28)
    at updateRobloxHome (chrome-extension://pcimamnpccdapeaaejlbecdhiifdnllb/content.js:160:3)
[  564738ms] ReferenceError: seeAllLinks is not defined
    at removeFriendsButtons (chrome-extension://pcimamnpccdapeaaejlbecdhiifdnllb/content.js:91:28)
    at updateRobloxHome (chrome-extension://pcimamnpccdapeaaejlbecdhiifdnllb/content.js:160:3)
[  564740ms] ReferenceError: seeAllLinks is not defined
    at removeFriendsButtons (chrome-extension://pcimamnpccdapeaaejlbecdhiifdnllb/content.js:91:28)
    at updateRobloxHome (chrome-extension://pcimamnpccdapeaaejlbecdhiifdnllb/content.js:160:3)
[  564742ms] ReferenceError: seeAllLinks is not defined
    at removeFriendsButtons (chrome-extension://pcimamnpccdapeaaejlbecdhiifdnllb/content.js:91:28)
    at updateRobloxHome (chrome-extension://pcimamnpccdapeaaejlbecdhiifdnllb/content.js:160:3)
[  564744ms] ReferenceError: seeAllLinks is not defined
    at removeFriendsButtons (chrome-extension://pcimamnpccdapeaaejlbecdhiifdnllb/content.js:91:28)
    at updateRobloxHome (chrome-extension://pcimamnpccdapeaaejlbecdhiifdnllb/content.js:160:3)
[  564748ms] ReferenceError: seeAllLinks is not defined
    at removeFriendsButtons (chrome-extension://pcimamnpccdapeaaejlbecdhiifdnllb/content.js:91:28)
    at updateRobloxHome (chrome-extension://pcimamnpccdapeaaejlbecdhiifdnllb/content.js:160:3)
[  564751ms] ReferenceError: seeAllLinks is not defined
    at removeFriendsButtons (chrome-extension://pcimamnpccdapeaaejlbecdhiifdnllb/content.js:91:28)
    at updateRobloxHome (chrome-extension://pcimamnpccdapeaaejlbecdhiifdnllb/content.js:160:3)
[  564754ms] ReferenceError: seeAllLinks is not defined
    at removeFriendsButtons (chrome-extension://pcimamnpccdapeaaejlbecdhiifdnllb/content.js:91:28)
    at updateRobloxHome (chrome-extension://pcimamnpccdapeaaejlbecdhiifdnllb/content.js:160:3)
[  564758ms] ReferenceError: seeAllLinks is not defined
    at removeFriendsButtons (chrome-extension://pcimamnpccdapeaaejlbecdhiifdnllb/content.js:91:28)
    at updateRobloxHome (chrome-extension://pcimamnpccdapeaaejlbecdhiifdnllb/content.js:160:3)
[  564762ms] ReferenceError: seeAllLinks is not defined
    at removeFriendsButtons (chrome-extension://pcimamnpccdapeaaejlbecdhiifdnllb/content.js:91:28)
    at updateRobloxHome (chrome-extension://pcimamnpccdapeaaejlbecdhiifdnllb/content.js:160:3)
[  564766ms] ReferenceError: seeAllLinks is not defined
    at removeFriendsButtons (chrome-extension://pcimamnpccdapeaaejlbecdhiifdnllb/content.js:91:28)
    at updateRobloxHome (chrome-extension://pcimamnpccdapeaaejlbecdhiifdnllb/content.js:160:3)
[  564769ms] ReferenceError: seeAllLinks is not defined
    at removeFriendsButtons (chrome-extension://pcimamnpccdapeaaejlbecdhiifdnllb/content.js:91:28)
    at updateRobloxHome (chrome-extension://pcimamnpccdapeaaejlbecdhiifdnllb/content.js:160:3)
[  564774ms] ReferenceError: seeAllLinks is not defined
    at removeFriendsButtons (chrome-extension://pcimamnpccdapeaaejlbecdhiifdnllb/content.js:91:28)
    at updateRobloxHome (chrome-extension://pcimamnpccdapeaaejlbecdhiifdnllb/content.js:160:3)
[  564797ms] ReferenceError: seeAllLinks is not defined
    at removeFriendsButtons (chrome-extension://pcimamnpccdapeaaejlbecdhiifdnllb/content.js:91:28)
    at updateRobloxHome (chrome-extension://pcimamnpccdapeaaejlbecdhiifdnllb/content.js:160:3)
[  564800ms] ReferenceError: seeAllLinks is not defined
    at removeFriendsButtons (chrome-extension://pcimamnpccdapeaaejlbecdhiifdnllb/content.js:91:28)
    at updateRobloxHome (chrome-extension://pcimamnpccdapeaaejlbecdhiifdnllb/content.js:160:3)
[  564802ms] ReferenceError: seeAllLinks is not defined
    at removeFriendsButtons (chrome-extension://pcimamnpccdapeaaejlbecdhiifdnllb/content.js:91:28)
    at updateRobloxHome (chrome-extension://pcimamnpccdapeaaejlbecdhiifdnllb/content.js:160:3)
[  564805ms] ReferenceError: seeAllLinks is not defined
    at removeFriendsButtons (chrome-extension://pcimamnpccdapeaaejlbecdhiifdnllb/content.js:91:28)
    at updateRobloxHome (chrome-extension://pcimamnpccdapeaaejlbecdhiifdnllb/content.js:160:3)
[  564808ms] ReferenceError: seeAllLinks is not defined
    at removeFriendsButtons (chrome-extension://pcimamnpccdapeaaejlbecdhiifdnllb/content.js:91:28)
    at updateRobloxHome (chrome-extension://pcimamnpccdapeaaejlbecdhiifdnllb/content.js:160:3)
[  564810ms] ReferenceError: seeAllLinks is not defined
    at removeFriendsButtons (chrome-extension://pcimamnpccdapeaaejlbecdhiifdnllb/content.js:91:28)
    at updateRobloxHome (chrome-extension://pcimamnpccdapeaaejlbecdhiifdnllb/content.js:160:3)
[  564813ms] ReferenceError: seeAllLinks is not defined
    at removeFriendsButtons (chrome-extension://pcimamnpccdapeaaejlbecdhiifdnllb/content.js:91:28)
    at updateRobloxHome (chrome-extension://pcimamnpccdapeaaejlbecdhiifdnllb/content.js:160:3)
[  564817ms] ReferenceError: seeAllLinks is not defined
    at removeFriendsButtons (chrome-extension://pcimamnpccdapeaaejlbecdhiifdnllb/content.js:91:28)
    at updateRobloxHome (chrome-extension://pcimamnpccdapeaaejlbecdhiifdnllb/content.js:160:3)
[  564819ms] ReferenceError: seeAllLinks is not defined
    at removeFriendsButtons (chrome-extension://pcimamnpccdapeaaejlbecdhiifdnllb/content.js:91:28)
    at updateRobloxHome (chrome-extension://pcimamnpccdapeaaejlbecdhiifdnllb/content.js:160:3)
[  564821ms] ReferenceError: seeAllLinks is not defined
    at removeFriendsButtons (chrome-extension://pcimamnpccdapeaaejlbecdhiifdnllb/content.js:91:28)
    at updateRobloxHome (chrome-extension://pcimamnpccdapeaaejlbecdhiifdnllb/content.js:160:3)
[  564824ms] ReferenceError: seeAllLinks is not defined
    at removeFriendsButtons (chrome-extension://pcimamnpccdapeaaejlbecdhiifdnllb/content.js:91:28)
    at updateRobloxHome (chrome-extension://pcimamnpccdapeaaejlbecdhiifdnllb/content.js:160:3)
[  564826ms] ReferenceError: seeAllLinks is not defined
    at removeFriendsButtons (chrome-extension://pcimamnpccdapeaaejlbecdhiifdnllb/content.js:91:28)
    at updateRobloxHome (chrome-extension://pcimamnpccdapeaaejlbecdhiifdnllb/content.js:160:3)
[  564830ms] ReferenceError: seeAllLinks is not defined
    at removeFriendsButtons (chrome-extension://pcimamnpccdapeaaejlbecdhiifdnllb/content.js:91:28)
    at updateRobloxHome (chrome-extension://pcimamnpccdapeaaejlbecdhiifdnllb/content.js:160:3)
[  564835ms] ReferenceError: seeAllLinks is not defined
    at removeFriendsButtons (chrome-extension://pcimamnpccdapeaaejlbecdhiifdnllb/content.js:91:28)
    at updateRobloxHome (chrome-extension://pcimamnpccdapeaaejlbecdhiifdnllb/content.js:160:3)
[  564838ms] ReferenceError: seeAllLinks is not defined
    at removeFriendsButtons (chrome-extension://pcimamnpccdapeaaejlbecdhiifdnllb/content.js:91:28)
    at updateRobloxHome (chrome-extension://pcimamnpccdapeaaejlbecdhiifdnllb/content.js:160:3)
[  564843ms] ReferenceError: seeAllLinks is not defined
    at removeFriendsButtons (chrome-extension://pcimamnpccdapeaaejlbecdhiifdnllb/content.js:91:28)
    at updateRobloxHome (chrome-extension://pcimamnpccdapeaaejlbecdhiifdnllb/content.js:160:3)
[  564850ms] ReferenceError: seeAllLinks is not defined
    at removeFriendsButtons (chrome-extension://pcimamnpccdapeaaejlbecdhiifdnllb/content.js:91:28)
    at updateRobloxHome (chrome-extension://pcimamnpccdapeaaejlbecdhiifdnllb/content.js:160:3)
[  564851ms] ReferenceError: seeAllLinks is not defined
    at removeFriendsButtons (chrome-extension://pcimamnpccdapeaaejlbecdhiifdnllb/content.js:91:28)
    at updateRobloxHome (chrome-extension://pcimamnpccdapeaaejlbecdhiifdnllb/content.js:160:3)
[  564854ms] ReferenceError: seeAllLinks is not defined
    at removeFriendsButtons (chrome-extension://pcimamnpccdapeaaejlbecdhiifdnllb/content.js:91:28)
    at updateRobloxHome (chrome-extension://pcimamnpccdapeaaejlbecdhiifdnllb/content.js:160:3)
[  564855ms] ReferenceError: seeAllLinks is not defined
    at removeFriendsButtons (chrome-extension://pcimamnpccdapeaaejlbecdhiifdnllb/content.js:91:28)
    at updateRobloxHome (chrome-extension://pcimamnpccdapeaaejlbecdhiifdnllb/content.js:160:3)
[  564858ms] ReferenceError: seeAllLinks is not defined
    at removeFriendsButtons (chrome-extension://pcimamnpccdapeaaejlbecdhiifdnllb/content.js:91:28)
    at updateRobloxHome (chrome-extension://pcimamnpccdapeaaejlbecdhiifdnllb/content.js:160:3)
[  564859ms] ReferenceError: seeAllLinks is not defined
    at removeFriendsButtons (chrome-extension://pcimamnpccdapeaaejlbecdhiifdnllb/content.js:91:28)
    at updateRobloxHome (chrome-extension://pcimamnpccdapeaaejlbecdhiifdnllb/content.js:160:3)
[  564862ms] ReferenceError: seeAllLinks is not defined
    at removeFriendsButtons (chrome-extension://pcimamnpccdapeaaejlbecdhiifdnllb/content.js:91:28)
    at updateRobloxHome (chrome-extension://pcimamnpccdapeaaejlbecdhiifdnllb/content.js:160:3)
[  564864ms] ReferenceError: seeAllLinks is not defined
    at removeFriendsButtons (chrome-extension://pcimamnpccdapeaaejlbecdhiifdnllb/content.js:91:28)
    at updateRobloxHome (chrome-extension://pcimamnpccdapeaaejlbecdhiifdnllb/content.js:160:3)
[  564869ms] ReferenceError: seeAllLinks is not defined
    at removeFriendsButtons (chrome-extension://pcimamnpccdapeaaejlbecdhiifdnllb/content.js:91:28)
    at updateRobloxHome (chrome-extension://pcimamnpccdapeaaejlbecdhiifdnllb/content.js:160:3)
[  564871ms] ReferenceError: seeAllLinks is not defined
    at removeFriendsButtons (chrome-extension://pcimamnpccdapeaaejlbecdhiifdnllb/content.js:91:28)
    at updateRobloxHome (chrome-extension://pcimamnpccdapeaaejlbecdhiifdnllb/content.js:160:3)
[  564875ms] ReferenceError: seeAllLinks is not defined
    at removeFriendsButtons (chrome-extension://pcimamnpccdapeaaejlbecdhiifdnllb/content.js:91:28)
    at updateRobloxHome (chrome-extension://pcimamnpccdapeaaejlbecdhiifdnllb/content.js:160:3)
[  564877ms] ReferenceError: seeAllLinks is not defined
    at removeFriendsButtons (chrome-extension://pcimamnpccdapeaaejlbecdhiifdnllb/content.js:91:28)
    at updateRobloxHome (chrome-extension://pcimamnpccdapeaaejlbecdhiifdnllb/content.js:160:3)
[  564881ms] ReferenceError: seeAllLinks is not defined
    at removeFriendsButtons (chrome-extension://pcimamnpccdapeaaejlbecdhiifdnllb/content.js:91:28)
    at updateRobloxHome (chrome-extension://pcimamnpccdapeaaejlbecdhiifdnllb/content.js:160:3)
[  564884ms] ReferenceError: seeAllLinks is not defined
    at removeFriendsButtons (chrome-extension://pcimamnpccdapeaaejlbecdhiifdnllb/content.js:91:28)
    at updateRobloxHome (chrome-extension://pcimamnpccdapeaaejlbecdhiifdnllb/content.js:160:3)
[  564886ms] ReferenceError: seeAllLinks is not defined
    at removeFriendsButtons (chrome-extension://pcimamnpccdapeaaejlbecdhiifdnllb/content.js:91:28)
    at updateRobloxHome (chrome-extension://pcimamnpccdapeaaejlbecdhiifdnllb/content.js:160:3)
[  564889ms] ReferenceError: seeAllLinks is not defined
    at removeFriendsButtons (chrome-extension://pcimamnpccdapeaaejlbecdhiifdnllb/content.js:91:28)
    at updateRobloxHome (chrome-extension://pcimamnpccdapeaaejlbecdhiifdnllb/content.js:160:3)
[  564892ms] ReferenceError: seeAllLinks is not defined
    at removeFriendsButtons (chrome-extension://pcimamnpccdapeaaejlbecdhiifdnllb/content.js:91:28)
    at updateRobloxHome (chrome-extension://pcimamnpccdapeaaejlbecdhiifdnllb/content.js:160:3)
[  564909ms] ReferenceError: seeAllLinks is not defined
    at removeFriendsButtons (chrome-extension://pcimamnpccdapeaaejlbecdhiifdnllb/content.js:91:28)
    at updateRobloxHome (chrome-extension://pcimamnpccdapeaaejlbecdhiifdnllb/content.js:160:3)
[  564912ms] ReferenceError: seeAllLinks is not defined
    at removeFriendsButtons (chrome-extension://pcimamnpccdapeaaejlbecdhiifdnllb/content.js:91:28)
    at updateRobloxHome (chrome-extension://pcimamnpccdapeaaejlbecdhiifdnllb/content.js:160:3)
[  564915ms] ReferenceError: seeAllLinks is not defined
    at removeFriendsButtons (chrome-extension://pcimamnpccdapeaaejlbecdhiifdnllb/content.js:91:28)
    at updateRobloxHome (chrome-extension://pcimamnpccdapeaaejlbecdhiifdnllb/content.js:160:3)
[  564918ms] ReferenceError: seeAllLinks is not defined
    at removeFriendsButtons (chrome-extension://pcimamnpccdapeaaejlbecdhiifdnllb/content.js:91:28)
    at updateRobloxHome (chrome-extension://pcimamnpccdapeaaejlbecdhiifdnllb/content.js:160:3)
[  564922ms] ReferenceError: seeAllLinks is not defined
    at removeFriendsButtons (chrome-extension://pcimamnpccdapeaaejlbecdhiifdnllb/content.js:91:28)
    at updateRobloxHome (chrome-extension://pcimamnpccdapeaaejlbecdhiifdnllb/content.js:160:3)
[  564925ms] ReferenceError: seeAllLinks is not defined
    at removeFriendsButtons (chrome-extension://pcimamnpccdapeaaejlbecdhiifdnllb/content.js:91:28)
    at updateRobloxHome (chrome-extension://pcimamnpccdapeaaejlbecdhiifdnllb/content.js:160:3)
[  564928ms] ReferenceError: seeAllLinks is not defined
    at removeFriendsButtons (chrome-extension://pcimamnpccdapeaaejlbecdhiifdnllb/content.js:91:28)
    at updateRobloxHome (chrome-extension://pcimamnpccdapeaaejlbecdhiifdnllb/content.js:160:3)
[  564932ms] ReferenceError: seeAllLinks is not defined
    at removeFriendsButtons (chrome-extension://pcimamnpccdapeaaejlbecdhiifdnllb/content.js:91:28)
    at updateRobloxHome (chrome-extension://pcimamnpccdapeaaejlbecdhiifdnllb/content.js:160:3)
[  564936ms] ReferenceError: seeAllLinks is not defined
    at removeFriendsButtons (chrome-extension://pcimamnpccdapeaaejlbecdhiifdnllb/content.js:91:28)
    at updateRobloxHome (chrome-extension://pcimamnpccdapeaaejlbecdhiifdnllb/content.js:160:3)
[  564940ms] ReferenceError: seeAllLinks is not defined
    at removeFriendsButtons (chrome-extension://pcimamnpccdapeaaejlbecdhiifdnllb/content.js:91:28)
    at updateRobloxHome (chrome-extension://pcimamnpccdapeaaejlbecdhiifdnllb/content.js:160:3)
[  564942ms] ReferenceError: seeAllLinks is not defined
    at removeFriendsButtons (chrome-extension://pcimamnpccdapeaaejlbecdhiifdnllb/content.js:91:28)
    at updateRobloxHome (chrome-extension://pcimamnpccdapeaaejlbecdhiifdnllb/content.js:160:3)
[  564943ms] ReferenceError: seeAllLinks is not defined
    at removeFriendsButtons (chrome-extension://pcimamnpccdapeaaejlbecdhiifdnllb/content.js:91:28)
    at updateRobloxHome (chrome-extension://pcimamnpccdapeaaejlbecdhiifdnllb/content.js:160:3)
[  564945ms] ReferenceError: seeAllLinks is not defined
    at removeFriendsButtons (chrome-extension://pcimamnpccdapeaaejlbecdhiifdnllb/content.js:91:28)
    at updateRobloxHome (chrome-extension://pcimamnpccdapeaaejlbecdhiifdnllb/content.js:160:3)
[  564947ms] ReferenceError: seeAllLinks is not defined
    at removeFriendsButtons (chrome-extension://pcimamnpccdapeaaejlbecdhiifdnllb/content.js:91:28)
    at updateRobloxHome (chrome-extension://pcimamnpccdapeaaejlbecdhiifdnllb/content.js:160:3)
[  564948ms] ReferenceError: seeAllLinks is not defined
    at removeFriendsButtons (chrome-extension://pcimamnpccdapeaaejlbecdhiifdnllb/content.js:91:28)
    at updateRobloxHome (chrome-extension://pcimamnpccdapeaaejlbecdhiifdnllb/content.js:160:3)
[  564950ms] ReferenceError: seeAllLinks is not defined
    at removeFriendsButtons (chrome-extension://pcimamnpccdapeaaejlbecdhiifdnllb/content.js:91:28)
    at updateRobloxHome (chrome-extension://pcimamnpccdapeaaejlbecdhiifdnllb/content.js:160:3)
[  564952ms] ReferenceError: seeAllLinks is not defined
    at removeFriendsButtons (chrome-extension://pcimamnpccdapeaaejlbecdhiifdnllb/content.js:91:28)
    at updateRobloxHome (chrome-extension://pcimamnpccdapeaaejlbecdhiifdnllb/content.js:160:3)
[  564954ms] ReferenceError: seeAllLinks is not defined
    at removeFriendsButtons (chrome-extension://pcimamnpccdapeaaejlbecdhiifdnllb/content.js:91:28)
    at updateRobloxHome (chrome-extension://pcimamnpccdapeaaejlbecdhiifdnllb/content.js:160:3)
[  564956ms] ReferenceError: seeAllLinks is not defined
    at removeFriendsButtons (chrome-extension://pcimamnpccdapeaaejlbecdhiifdnllb/content.js:91:28)
    at updateRobloxHome (chrome-extension://pcimamnpccdapeaaejlbecdhiifdnllb/content.js:160:3)
[  564958ms] ReferenceError: seeAllLinks is not defined
    at removeFriendsButtons (chrome-extension://pcimamnpccdapeaaejlbecdhiifdnllb/content.js:91:28)
    at updateRobloxHome (chrome-extension://pcimamnpccdapeaaejlbecdhiifdnllb/content.js:160:3)
[  564960ms] ReferenceError: seeAllLinks is not defined
    at removeFriendsButtons (chrome-extension://pcimamnpccdapeaaejlbecdhiifdnllb/content.js:91:28)
    at updateRobloxHome (chrome-extension://pcimamnpccdapeaaejlbecdhiifdnllb/content.js:160:3)
[  564962ms] ReferenceError: seeAllLinks is not defined
    at removeFriendsButtons (chrome-extension://pcimamnpccdapeaaejlbecdhiifdnllb/content.js:91:28)
    at updateRobloxHome (chrome-extension://pcimamnpccdapeaaejlbecdhiifdnllb/content.js:160:3)
[  564964ms] ReferenceError: seeAllLinks is not defined
    at removeFriendsButtons (chrome-extension://pcimamnpccdapeaaejlbecdhiifdnllb/content.js:91:28)
    at updateRobloxHome (chrome-extension://pcimamnpccdapeaaejlbecdhiifdnllb/content.js:160:3)
[  564966ms] ReferenceError: seeAllLinks is not defined
    at removeFriendsButtons (chrome-extension://pcimamnpccdapeaaejlbecdhiifdnllb/content.js:91:28)
    at updateRobloxHome (chrome-extension://pcimamnpccdapeaaejlbecdhiifdnllb/content.js:160:3)
[  564968ms] ReferenceError: seeAllLinks is not defined
    at removeFriendsButtons (chrome-extension://pcimamnpccdapeaaejlbecdhiifdnllb/content.js:91:28)
    at updateRobloxHome (chrome-extension://pcimamnpccdapeaaejlbecdhiifdnllb/content.js:160:3)
[  564970ms] ReferenceError: seeAllLinks is not defined
    at removeFriendsButtons (chrome-extension://pcimamnpccdapeaaejlbecdhiifdnllb/content.js:91:28)
    at updateRobloxHome (chrome-extension://pcimamnpccdapeaaejlbecdhiifdnllb/content.js:160:3)
[  564971ms] ReferenceError: seeAllLinks is not defined
    at removeFriendsButtons (chrome-extension://pcimamnpccdapeaaejlbecdhiifdnllb/content.js:91:28)
    at updateRobloxHome (chrome-extension://pcimamnpccdapeaaejlbecdhiifdnllb/content.js:160:3)
[  564973ms] ReferenceError: seeAllLinks is not defined
    at removeFriendsButtons (chrome-extension://pcimamnpccdapeaaejlbecdhiifdnllb/content.js:91:28)
    at updateRobloxHome (chrome-extension://pcimamnpccdapeaaejlbecdhiifdnllb/content.js:160:3)
[  564975ms] ReferenceError: seeAllLinks is not defined
    at removeFriendsButtons (chrome-extension://pcimamnpccdapeaaejlbecdhiifdnllb/content.js:91:28)
    at updateRobloxHome (chrome-extension://pcimamnpccdapeaaejlbecdhiifdnllb/content.js:160:3)
[  564977ms] ReferenceError: seeAllLinks is not defined
    at removeFriendsButtons (chrome-extension://pcimamnpccdapeaaejlbecdhiifdnllb/content.js:91:28)
    at updateRobloxHome (chrome-extension://pcimamnpccdapeaaejlbecdhiifdnllb/content.js:160:3)
[  564979ms] ReferenceError: seeAllLinks is not defined
    at removeFriendsButtons (chrome-extension://pcimamnpccdapeaaejlbecdhiifdnllb/content.js:91:28)
    at updateRobloxHome (chrome-extension://pcimamnpccdapeaaejlbecdhiifdnllb/content.js:160:3)
[  564981ms] ReferenceError: seeAllLinks is not defined
    at removeFriendsButtons (chrome-extension://pcimamnpccdapeaaejlbecdhiifdnllb/content.js:91:28)
    at updateRobloxHome (chrome-extension://pcimamnpccdapeaaejlbecdhiifdnllb/content.js:160:3)
[  564983ms] ReferenceError: seeAllLinks is not defined
    at removeFriendsButtons (chrome-extension://pcimamnpccdapeaaejlbecdhiifdnllb/content.js:91:28)
    at updateRobloxHome (chrome-extension://pcimamnpccdapeaaejlbecdhiifdnllb/content.js:160:3)
[  564985ms] ReferenceError: seeAllLinks is not defined
    at removeFriendsButtons (chrome-extension://pcimamnpccdapeaaejlbecdhiifdnllb/content.js:91:28)
    at updateRobloxHome (chrome-extension://pcimamnpccdapeaaejlbecdhiifdnllb/content.js:160:3)
[  564987ms] ReferenceError: seeAllLinks is not defined
    at removeFriendsButtons (chrome-extension://pcimamnpccdapeaaejlbecdhiifdnllb/content.js:91:28)
    at updateRobloxHome (chrome-extension://pcimamnpccdapeaaejlbecdhiifdnllb/content.js:160:3)
[  564989ms] ReferenceError: seeAllLinks is not defined
    at removeFriendsButtons (chrome-extension://pcimamnpccdapeaaejlbecdhiifdnllb/content.js:91:28)
    at updateRobloxHome (chrome-extension://pcimamnpccdapeaaejlbecdhiifdnllb/content.js:160:3)
[  564991ms] ReferenceError: seeAllLinks is not defined
    at removeFriendsButtons (chrome-extension://pcimamnpccdapeaaejlbecdhiifdnllb/content.js:91:28)
    at updateRobloxHome (chrome-extension://pcimamnpccdapeaaejlbecdhiifdnllb/content.js:160:3)
[  564994ms] ReferenceError: seeAllLinks is not defined
    at removeFriendsButtons (chrome-extension://pcimamnpccdapeaaejlbecdhiifdnllb/content.js:91:28)
    at updateRobloxHome (chrome-extension://pcimamnpccdapeaaejlbecdhiifdnllb/content.js:160:3)
[  564997ms] ReferenceError: seeAllLinks is not defined
    at removeFriendsButtons (chrome-extension://pcimamnpccdapeaaejlbecdhiifdnllb/content.js:91:28)
    at updateRobloxHome (chrome-extension://pcimamnpccdapeaaejlbecdhiifdnllb/content.js:160:3)
[  565003ms] ReferenceError: seeAllLinks is not defined
    at removeFriendsButtons (chrome-extension://pcimamnpccdapeaaejlbecdhiifdnllb/content.js:91:28)
    at updateRobloxHome (chrome-extension://pcimamnpccdapeaaejlbecdhiifdnllb/content.js:160:3)
[  565005ms] ReferenceError: seeAllLinks is not defined
    at removeFriendsButtons (chrome-extension://pcimamnpccdapeaaejlbecdhiifdnllb/content.js:91:28)
    at updateRobloxHome (chrome-extension://pcimamnpccdapeaaejlbecdhiifdnllb/content.js:160:3)
[  565007ms] ReferenceError: seeAllLinks is not defined
    at removeFriendsButtons (chrome-extension://pcimamnpccdapeaaejlbecdhiifdnllb/content.js:91:28)
    at updateRobloxHome (chrome-extension://pcimamnpccdapeaaejlbecdhiifdnllb/content.js:160:3)
[  565009ms] ReferenceError: seeAllLinks is not defined
    at removeFriendsButtons (chrome-extension://pcimamnpccdapeaaejlbecdhiifdnllb/content.js:91:28)
    at updateRobloxHome (chrome-extension://pcimamnpccdapeaaejlbecdhiifdnllb/content.js:160:3)
[  565011ms] ReferenceError: seeAllLinks is not defined
    at removeFriendsButtons (chrome-extension://pcimamnpccdapeaaejlbecdhiifdnllb/content.js:91:28)
    at updateRobloxHome (chrome-extension://pcimamnpccdapeaaejlbecdhiifdnllb/content.js:160:3)
[  565030ms] ReferenceError: seeAllLinks is not defined
    at removeFriendsButtons (chrome-extension://pcimamnpccdapeaaejlbecdhiifdnllb/content.js:91:28)
    at updateRobloxHome (chrome-extension://pcimamnpccdapeaaejlbecdhiifdnllb/content.js:160:3)
[  565032ms] ReferenceError: seeAllLinks is not defined
    at removeFriendsButtons (chrome-extension://pcimamnpccdapeaaejlbecdhiifdnllb/content.js:91:28)
    at updateRobloxHome (chrome-extension://pcimamnpccdapeaaejlbecdhiifdnllb/content.js:160:3)
[  565043ms] ReferenceError: seeAllLinks is not defined
    at removeFriendsButtons (chrome-extension://pcimamnpccdapeaaejlbecdhiifdnllb/content.js:91:28)
    at updateRobloxHome (chrome-extension://pcimamnpccdapeaaejlbecdhiifdnllb/content.js:160:3)
[  565047ms] ReferenceError: seeAllLinks is not defined
    at removeFriendsButtons (chrome-extension://pcimamnpccdapeaaejlbecdhiifdnllb/content.js:91:28)
    at updateRobloxHome (chrome-extension://pcimamnpccdapeaaejlbecdhiifdnllb/content.js:160:3)
[  565050ms] ReferenceError: seeAllLinks is not defined
    at removeFriendsButtons (chrome-extension://pcimamnpccdapeaaejlbecdhiifdnllb/content.js:91:28)
    at updateRobloxHome (chrome-extension://pcimamnpccdapeaaejlbecdhiifdnllb/content.js:160:3)
[  565052ms] ReferenceError: seeAllLinks is not defined
    at removeFriendsButtons (chrome-extension://pcimamnpccdapeaaejlbecdhiifdnllb/content.js:91:28)
    at updateRobloxHome (chrome-extension://pcimamnpccdapeaaejlbecdhiifdnllb/content.js:160:3)
[  565054ms] ReferenceError: seeAllLinks is not defined
    at removeFriendsButtons (chrome-extension://pcimamnpccdapeaaejlbecdhiifdnllb/content.js:91:28)
    at updateRobloxHome (chrome-extension://pcimamnpccdapeaaejlbecdhiifdnllb/content.js:160:3)
[  565056ms] ReferenceError: seeAllLinks is not defined
    at removeFriendsButtons (chrome-extension://pcimamnpccdapeaaejlbecdhiifdnllb/content.js:91:28)
    at updateRobloxHome (chrome-extension://pcimamnpccdapeaaejlbecdhiifdnllb/content.js:160:3)
[  565058ms] ReferenceError: seeAllLinks is not defined
    at removeFriendsButtons (chrome-extension://pcimamnpccdapeaaejlbecdhiifdnllb/content.js:91:28)
    at updateRobloxHome (chrome-extension://pcimamnpccdapeaaejlbecdhiifdnllb/content.js:160:3)
[  565061ms] ReferenceError: seeAllLinks is not defined
    at removeFriendsButtons (chrome-extension://pcimamnpccdapeaaejlbecdhiifdnllb/content.js:91:28)
    at updateRobloxHome (chrome-extension://pcimamnpccdapeaaejlbecdhiifdnllb/content.js:160:3)
[  565063ms] ReferenceError: seeAllLinks is not defined
    at removeFriendsButtons (chrome-extension://pcimamnpccdapeaaejlbecdhiifdnllb/content.js:91:28)
    at updateRobloxHome (chrome-extension://pcimamnpccdapeaaejlbecdhiifdnllb/content.js:160:3)
[  565064ms] ReferenceError: seeAllLinks is not defined
    at removeFriendsButtons (chrome-extension://pcimamnpccdapeaaejlbecdhiifdnllb/content.js:91:28)
    at updateRobloxHome (chrome-extension://pcimamnpccdapeaaejlbecdhiifdnllb/content.js:160:3)
[  565066ms] ReferenceError: seeAllLinks is not defined
    at removeFriendsButtons (chrome-extension://pcimamnpccdapeaaejlbecdhiifdnllb/content.js:91:28)
    at updateRobloxHome (chrome-extension://pcimamnpccdapeaaejlbecdhiifdnllb/content.js:160:3)
[  565068ms] ReferenceError: seeAllLinks is not defined
    at removeFriendsButtons (chrome-extension://pcimamnpccdapeaaejlbecdhiifdnllb/content.js:91:28)
    at updateRobloxHome (chrome-extension://pcimamnpccdapeaaejlbecdhiifdnllb/content.js:160:3)
[  565069ms] ReferenceError: seeAllLinks is not defined
    at removeFriendsButtons (chrome-extension://pcimamnpccdapeaaejlbecdhiifdnllb/content.js:91:28)
    at updateRobloxHome (chrome-extension://pcimamnpccdapeaaejlbecdhiifdnllb/content.js:160:3)
[  565073ms] ReferenceError: seeAllLinks is not defined
    at removeFriendsButtons (chrome-extension://pcimamnpccdapeaaejlbecdhiifdnllb/content.js:91:28)
    at updateRobloxHome (chrome-extension://pcimamnpccdapeaaejlbecdhiifdnllb/content.js:160:3)
[  565074ms] ReferenceError: seeAllLinks is not defined
    at removeFriendsButtons (chrome-extension://pcimamnpccdapeaaejlbecdhiifdnllb/content.js:91:28)
    at updateRobloxHome (chrome-extension://pcimamnpccdapeaaejlbecdhiifdnllb/content.js:160:3)
[  565083ms] ReferenceError: seeAllLinks is not defined
    at removeFriendsButtons (chrome-extension://pcimamnpccdapeaaejlbecdhiifdnllb/content.js:91:28)
    at updateRobloxHome (chrome-extension://pcimamnpccdapeaaejlbecdhiifdnllb/content.js:160:3)
[  565089ms] ReferenceError: seeAllLinks is not defined
    at removeFriendsButtons (chrome-extension://pcimamnpccdapeaaejlbecdhiifdnllb/content.js:91:28)
    at updateRobloxHome (chrome-extension://pcimamnpccdapeaaejlbecdhiifdnllb/content.js:160:3)
[  565091ms] ReferenceError: seeAllLinks is not defined
    at removeFriendsButtons (chrome-extension://pcimamnpccdapeaaejlbecdhiifdnllb/content.js:91:28)
    at updateRobloxHome (chrome-extension://pcimamnpccdapeaaejlbecdhiifdnllb/content.js:160:3)
[  565093ms] ReferenceError: seeAllLinks is not defined
    at removeFriendsButtons (chrome-extension://pcimamnpccdapeaaejlbecdhiifdnllb/content.js:91:28)
    at updateRobloxHome (chrome-extension://pcimamnpccdapeaaejlbecdhiifdnllb/content.js:160:3)
[  565125ms] ReferenceError: seeAllLinks is not defined
    at removeFriendsButtons (chrome-extension://pcimamnpccdapeaaejlbecdhiifdnllb/content.js:91:28)
    at updateRobloxHome (chrome-extension://pcimamnpccdapeaaejlbecdhiifdnllb/content.js:160:3)
[  565128ms] ReferenceError: seeAllLinks is not defined
    at removeFriendsButtons (chrome-extension://pcimamnpccdapeaaejlbecdhiifdnllb/content.js:91:28)
    at updateRobloxHome (chrome-extension://pcimamnpccdapeaaejlbecdhiifdnllb/content.js:160:3)
[  565131ms] ReferenceError: seeAllLinks is not defined
    at removeFriendsButtons (chrome-extension://pcimamnpccdapeaaejlbecdhiifdnllb/content.js:91:28)
    at updateRobloxHome (chrome-extension://pcimamnpccdapeaaejlbecdhiifdnllb/content.js:160:3)
[  565135ms] ReferenceError: seeAllLinks is not defined
    at removeFriendsButtons (chrome-extension://pcimamnpccdapeaaejlbecdhiifdnllb/content.js:91:28)
    at updateRobloxHome (chrome-extension://pcimamnpccdapeaaejlbecdhiifdnllb/content.js:160:3)
[  565137ms] ReferenceError: seeAllLinks is not defined
    at removeFriendsButtons (chrome-extension://pcimamnpccdapeaaejlbecdhiifdnllb/content.js:91:28)
    at updateRobloxHome (chrome-extension://pcimamnpccdapeaaejlbecdhiifdnllb/content.js:160:3)
[  565139ms] ReferenceError: seeAllLinks is not defined
    at removeFriendsButtons (chrome-extension://pcimamnpccdapeaaejlbecdhiifdnllb/content.js:91:28)
    at updateRobloxHome (chrome-extension://pcimamnpccdapeaaejlbecdhiifdnllb/content.js:160:3)
[  565142ms] ReferenceError: seeAllLinks is not defined
    at removeFriendsButtons (chrome-extension://pcimamnpccdapeaaejlbecdhiifdnllb/content.js:91:28)
    at updateRobloxHome (chrome-extension://pcimamnpccdapeaaejlbecdhiifdnllb/content.js:160:3)
[  565146ms] ReferenceError: seeAllLinks is not defined
    at removeFriendsButtons (chrome-extension://pcimamnpccdapeaaejlbecdhiifdnllb/content.js:91:28)
    at updateRobloxHome (chrome-extension://pcimamnpccdapeaaejlbecdhiifdnllb/content.js:160:3)
[  565150ms] ReferenceError: seeAllLinks is not defined
    at removeFriendsButtons (chrome-extension://pcimamnpccdapeaaejlbecdhiifdnllb/content.js:91:28)
    at updateRobloxHome (chrome-extension://pcimamnpccdapeaaejlbecdhiifdnllb/content.js:160:3)
[  565152ms] ReferenceError: seeAllLinks is not defined
    at removeFriendsButtons (chrome-extension://pcimamnpccdapeaaejlbecdhiifdnllb/content.js:91:28)
    at updateRobloxHome (chrome-extension://pcimamnpccdapeaaejlbecdhiifdnllb/content.js:160:3)
[  565154ms] ReferenceError: seeAllLinks is not defined
    at removeFriendsButtons (chrome-extension://pcimamnpccdapeaaejlbecdhiifdnllb/content.js:91:28)
    at updateRobloxHome (chrome-extension://pcimamnpccdapeaaejlbecdhiifdnllb/content.js:160:3)
[  565164ms] ReferenceError: seeAllLinks is not defined
    at removeFriendsButtons (chrome-extension://pcimamnpccdapeaaejlbecdhiifdnllb/content.js:91:28)
    at updateRobloxHome (chrome-extension://pcimamnpccdapeaaejlbecdhiifdnllb/content.js:160:3)
[  565166ms] ReferenceError: seeAllLinks is not defined
    at removeFriendsButtons (chrome-extension://pcimamnpccdapeaaejlbecdhiifdnllb/content.js:91:28)
    at updateRobloxHome (chrome-extension://pcimamnpccdapeaaejlbecdhiifdnllb/content.js:160:3)
[  565166ms] [INFO] [2026-07-09T23:47:38.470Z] Information: WebSocket connected to wss://realtime-signalr.roblox.com/userhub. @ https://js.rbxcdn.com/7e3acadef63eb23dd02929eb5e500214e9a8e6400fd42d7a2b35133fc009e0d3-Sentry.js:0
[  565170ms] ReferenceError: seeAllLinks is not defined
    at removeFriendsButtons (chrome-extension://pcimamnpccdapeaaejlbecdhiifdnllb/content.js:91:28)
    at updateRobloxHome (chrome-extension://pcimamnpccdapeaaejlbecdhiifdnllb/content.js:160:3)
[  565172ms] ReferenceError: seeAllLinks is not defined
    at removeFriendsButtons (chrome-extension://pcimamnpccdapeaaejlbecdhiifdnllb/content.js:91:28)
    at updateRobloxHome (chrome-extension://pcimamnpccdapeaaejlbecdhiifdnllb/content.js:160:3)
[  565175ms] ReferenceError: seeAllLinks is not defined
    at removeFriendsButtons (chrome-extension://pcimamnpccdapeaaejlbecdhiifdnllb/content.js:91:28)
    at updateRobloxHome (chrome-extension://pcimamnpccdapeaaejlbecdhiifdnllb/content.js:160:3)
[  565176ms] ReferenceError: seeAllLinks is not defined
    at removeFriendsButtons (chrome-extension://pcimamnpccdapeaaejlbecdhiifdnllb/content.js:91:28)
    at updateRobloxHome (chrome-extension://pcimamnpccdapeaaejlbecdhiifdnllb/content.js:160:3)
[  565179ms] ReferenceError: seeAllLinks is not defined
    at removeFriendsButtons (chrome-extension://pcimamnpccdapeaaejlbecdhiifdnllb/content.js:91:28)
    at updateRobloxHome (chrome-extension://pcimamnpccdapeaaejlbecdhiifdnllb/content.js:160:3)
[  565181ms] ReferenceError: seeAllLinks is not defined
    at removeFriendsButtons (chrome-extension://pcimamnpccdapeaaejlbecdhiifdnllb/content.js:91:28)
    at updateRobloxHome (chrome-extension://pcimamnpccdapeaaejlbecdhiifdnllb/content.js:160:3)
[  565183ms] ReferenceError: seeAllLinks is not defined
    at removeFriendsButtons (chrome-extension://pcimamnpccdapeaaejlbecdhiifdnllb/content.js:91:28)
    at updateRobloxHome (chrome-extension://pcimamnpccdapeaaejlbecdhiifdnllb/content.js:160:3)
[  565186ms] ReferenceError: seeAllLinks is not defined
    at removeFriendsButtons (chrome-extension://pcimamnpccdapeaaejlbecdhiifdnllb/content.js:91:28)
    at updateRobloxHome (chrome-extension://pcimamnpccdapeaaejlbecdhiifdnllb/content.js:160:3)
[  565188ms] ReferenceError: seeAllLinks is not defined
    at removeFriendsButtons (chrome-extension://pcimamnpccdapeaaejlbecdhiifdnllb/content.js:91:28)
    at updateRobloxHome (chrome-extension://pcimamnpccdapeaaejlbecdhiifdnllb/content.js:160:3)
[  565191ms] ReferenceError: seeAllLinks is not defined
    at removeFriendsButtons (chrome-extension://pcimamnpccdapeaaejlbecdhiifdnllb/content.js:91:28)
    at updateRobloxHome (chrome-extension://pcimamnpccdapeaaejlbecdhiifdnllb/content.js:160:3)
[  565192ms] ReferenceError: seeAllLinks is not defined
    at removeFriendsButtons (chrome-extension://pcimamnpccdapeaaejlbecdhiifdnllb/content.js:91:28)
    at updateRobloxHome (chrome-extension://pcimamnpccdapeaaejlbecdhiifdnllb/content.js:160:3)
[  565194ms] ReferenceError: seeAllLinks is not defined
    at removeFriendsButtons (chrome-extension://pcimamnpccdapeaaejlbecdhiifdnllb/content.js:91:28)
    at updateRobloxHome (chrome-extension://pcimamnpccdapeaaejlbecdhiifdnllb/content.js:160:3)
[  565223ms] ReferenceError: seeAllLinks is not defined
    at removeFriendsButtons (chrome-extension://pcimamnpccdapeaaejlbecdhiifdnllb/content.js:91:28)
    at updateRobloxHome (chrome-extension://pcimamnpccdapeaaejlbecdhiifdnllb/content.js:160:3)
[  565224ms] ReferenceError: seeAllLinks is not defined
    at removeFriendsButtons (chrome-extension://pcimamnpccdapeaaejlbecdhiifdnllb/content.js:91:28)
    at updateRobloxHome (chrome-extension://pcimamnpccdapeaaejlbecdhiifdnllb/content.js:160:3)
[  565226ms] ReferenceError: seeAllLinks is not defined
    at removeFriendsButtons (chrome-extension://pcimamnpccdapeaaejlbecdhiifdnllb/content.js:91:28)
    at updateRobloxHome (chrome-extension://pcimamnpccdapeaaejlbecdhiifdnllb/content.js:160:3)
[  565230ms] ReferenceError: seeAllLinks is not defined
    at removeFriendsButtons (chrome-extension://pcimamnpccdapeaaejlbecdhiifdnllb/content.js:91:28)
    at updateRobloxHome (chrome-extension://pcimamnpccdapeaaejlbecdhiifdnllb/content.js:160:3)
[  565232ms] ReferenceError: seeAllLinks is not defined
    at removeFriendsButtons (chrome-extension://pcimamnpccdapeaaejlbecdhiifdnllb/content.js:91:28)
    at updateRobloxHome (chrome-extension://pcimamnpccdapeaaejlbecdhiifdnllb/content.js:160:3)
[  565235ms] ReferenceError: seeAllLinks is not defined
    at removeFriendsButtons (chrome-extension://pcimamnpccdapeaaejlbecdhiifdnllb/content.js:91:28)
    at updateRobloxHome (chrome-extension://pcimamnpccdapeaaejlbecdhiifdnllb/content.js:160:3)
[  565237ms] ReferenceError: seeAllLinks is not defined
    at removeFriendsButtons (chrome-extension://pcimamnpccdapeaaejlbecdhiifdnllb/content.js:91:28)
    at updateRobloxHome (chrome-extension://pcimamnpccdapeaaejlbecdhiifdnllb/content.js:160:3)
[  565238ms] ReferenceError: seeAllLinks is not defined
    at removeFriendsButtons (chrome-extension://pcimamnpccdapeaaejlbecdhiifdnllb/content.js:91:28)
    at updateRobloxHome (chrome-extension://pcimamnpccdapeaaejlbecdhiifdnllb/content.js:160:3)
[  565240ms] ReferenceError: seeAllLinks is not defined
    at removeFriendsButtons (chrome-extension://pcimamnpccdapeaaejlbecdhiifdnllb/content.js:91:28)
    at updateRobloxHome (chrome-extension://pcimamnpccdapeaaejlbecdhiifdnllb/content.js:160:3)
[  565242ms] ReferenceError: seeAllLinks is not defined
    at removeFriendsButtons (chrome-extension://pcimamnpccdapeaaejlbecdhiifdnllb/content.js:91:28)
    at updateRobloxHome (chrome-extension://pcimamnpccdapeaaejlbecdhiifdnllb/content.js:160:3)
[  565243ms] ReferenceError: seeAllLinks is not defined
    at removeFriendsButtons (chrome-extension://pcimamnpccdapeaaejlbecdhiifdnllb/content.js:91:28)
    at updateRobloxHome (chrome-extension://pcimamnpccdapeaaejlbecdhiifdnllb/content.js:160:3)
[  565246ms] ReferenceError: seeAllLinks is not defined
    at removeFriendsButtons (chrome-extension://pcimamnpccdapeaaejlbecdhiifdnllb/content.js:91:28)
    at updateRobloxHome (chrome-extension://pcimamnpccdapeaaejlbecdhiifdnllb/content.js:160:3)
[  565249ms] ReferenceError: seeAllLinks is not defined
    at removeFriendsButtons (chrome-extension://pcimamnpccdapeaaejlbecdhiifdnllb/content.js:91:28)
    at updateRobloxHome (chrome-extension://pcimamnpccdapeaaejlbecdhiifdnllb/content.js:160:3)
[  565251ms] ReferenceError: seeAllLinks is not defined
    at removeFriendsButtons (chrome-extension://pcimamnpccdapeaaejlbecdhiifdnllb/content.js:91:28)
    at updateRobloxHome (chrome-extension://pcimamnpccdapeaaejlbecdhiifdnllb/content.js:160:3)
[  565254ms] ReferenceError: seeAllLinks is not defined
    at removeFriendsButtons (chrome-extension://pcimamnpccdapeaaejlbecdhiifdnllb/content.js:91:28)
    at updateRobloxHome (chrome-extension://pcimamnpccdapeaaejlbecdhiifdnllb/content.js:160:3)
[  565256ms] ReferenceError: seeAllLinks is not defined
    at removeFriendsButtons (chrome-extension://pcimamnpccdapeaaejlbecdhiifdnllb/content.js:91:28)
    at updateRobloxHome (chrome-extension://pcimamnpccdapeaaejlbecdhiifdnllb/content.js:160:3)
[  565258ms] ReferenceError: seeAllLinks is not defined
    at removeFriendsButtons (chrome-extension://pcimamnpccdapeaaejlbecdhiifdnllb/content.js:91:28)
    at updateRobloxHome (chrome-extension://pcimamnpccdapeaaejlbecdhiifdnllb/content.js:160:3)
[  565260ms] ReferenceError: seeAllLinks is not defined
    at removeFriendsButtons (chrome-extension://pcimamnpccdapeaaejlbecdhiifdnllb/content.js:91:28)
    at updateRobloxHome (chrome-extension://pcimamnpccdapeaaejlbecdhiifdnllb/content.js:160:3)
[  565262ms] ReferenceError: seeAllLinks is not defined
    at removeFriendsButtons (chrome-extension://pcimamnpccdapeaaejlbecdhiifdnllb/content.js:91:28)
    at updateRobloxHome (chrome-extension://pcimamnpccdapeaaejlbecdhiifdnllb/content.js:160:3)
[  565264ms] ReferenceError: seeAllLinks is not defined
    at removeFriendsButtons (chrome-extension://pcimamnpccdapeaaejlbecdhiifdnllb/content.js:91:28)
    at updateRobloxHome (chrome-extension://pcimamnpccdapeaaejlbecdhiifdnllb/content.js:160:3)
[  565266ms] ReferenceError: seeAllLinks is not defined
    at removeFriendsButtons (chrome-extension://pcimamnpccdapeaaejlbecdhiifdnllb/content.js:91:28)
    at updateRobloxHome (chrome-extension://pcimamnpccdapeaaejlbecdhiifdnllb/content.js:160:3)
[  565267ms] ReferenceError: seeAllLinks is not defined
    at removeFriendsButtons (chrome-extension://pcimamnpccdapeaaejlbecdhiifdnllb/content.js:91:28)
    at updateRobloxHome (chrome-extension://pcimamnpccdapeaaejlbecdhiifdnllb/content.js:160:3)
[  565269ms] ReferenceError: seeAllLinks is not defined
    at removeFriendsButtons (chrome-extension://pcimamnpccdapeaaejlbecdhiifdnllb/content.js:91:28)
    at updateRobloxHome (chrome-extension://pcimamnpccdapeaaejlbecdhiifdnllb/content.js:160:3)
[  565272ms] ReferenceError: seeAllLinks is not defined
    at removeFriendsButtons (chrome-extension://pcimamnpccdapeaaejlbecdhiifdnllb/content.js:91:28)
    at updateRobloxHome (chrome-extension://pcimamnpccdapeaaejlbecdhiifdnllb/content.js:160:3)
[  565274ms] ReferenceError: seeAllLinks is not defined
    at removeFriendsButtons (chrome-extension://pcimamnpccdapeaaejlbecdhiifdnllb/content.js:91:28)
    at updateRobloxHome (chrome-extension://pcimamnpccdapeaaejlbecdhiifdnllb/content.js:160:3)
[  565277ms] ReferenceError: seeAllLinks is not defined
    at removeFriendsButtons (chrome-extension://pcimamnpccdapeaaejlbecdhiifdnllb/content.js:91:28)
    at updateRobloxHome (chrome-extension://pcimamnpccdapeaaejlbecdhiifdnllb/content.js:160:3)
[  565279ms] ReferenceError: seeAllLinks is not defined
    at removeFriendsButtons (chrome-extension://pcimamnpccdapeaaejlbecdhiifdnllb/content.js:91:28)
    at updateRobloxHome (chrome-extension://pcimamnpccdapeaaejlbecdhiifdnllb/content.js:160:3)
[  565281ms] ReferenceError: seeAllLinks is not defined
    at removeFriendsButtons (chrome-extension://pcimamnpccdapeaaejlbecdhiifdnllb/content.js:91:28)
    at updateRobloxHome (chrome-extension://pcimamnpccdapeaaejlbecdhiifdnllb/content.js:160:3)
[  565283ms] ReferenceError: seeAllLinks is not defined
    at removeFriendsButtons (chrome-extension://pcimamnpccdapeaaejlbecdhiifdnllb/content.js:91:28)
    at updateRobloxHome (chrome-extension://pcimamnpccdapeaaejlbecdhiifdnllb/content.js:160:3)
[  565286ms] ReferenceError: seeAllLinks is not defined
    at removeFriendsButtons (chrome-extension://pcimamnpccdapeaaejlbecdhiifdnllb/content.js:91:28)
    at updateRobloxHome (chrome-extension://pcimamnpccdapeaaejlbecdhiifdnllb/content.js:160:3)
[  565288ms] ReferenceError: seeAllLinks is not defined
    at removeFriendsButtons (chrome-extension://pcimamnpccdapeaaejlbecdhiifdnllb/content.js:91:28)
    at updateRobloxHome (chrome-extension://pcimamnpccdapeaaejlbecdhiifdnllb/content.js:160:3)
[  565307ms] ReferenceError: seeAllLinks is not defined
    at removeFriendsButtons (chrome-extension://pcimamnpccdapeaaejlbecdhiifdnllb/content.js:91:28)
    at updateRobloxHome (chrome-extension://pcimamnpccdapeaaejlbecdhiifdnllb/content.js:160:3)
[  565309ms] ReferenceError: seeAllLinks is not defined
    at removeFriendsButtons (chrome-extension://pcimamnpccdapeaaejlbecdhiifdnllb/content.js:91:28)
    at updateRobloxHome (chrome-extension://pcimamnpccdapeaaejlbecdhiifdnllb/content.js:160:3)
[  565312ms] ReferenceError: seeAllLinks is not defined
    at removeFriendsButtons (chrome-extension://pcimamnpccdapeaaejlbecdhiifdnllb/content.js:91:28)
    at updateRobloxHome (chrome-extension://pcimamnpccdapeaaejlbecdhiifdnllb/content.js:160:3)
[  565315ms] ReferenceError: seeAllLinks is not defined
    at removeFriendsButtons (chrome-extension://pcimamnpccdapeaaejlbecdhiifdnllb/content.js:91:28)
    at updateRobloxHome (chrome-extension://pcimamnpccdapeaaejlbecdhiifdnllb/content.js:160:3)
[  565318ms] ReferenceError: seeAllLinks is not defined
    at removeFriendsButtons (chrome-extension://pcimamnpccdapeaaejlbecdhiifdnllb/content.js:91:28)
    at updateRobloxHome (chrome-extension://pcimamnpccdapeaaejlbecdhiifdnllb/content.js:160:3)
[  565320ms] ReferenceError: seeAllLinks is not defined
    at removeFriendsButtons (chrome-extension://pcimamnpccdapeaaejlbecdhiifdnllb/content.js:91:28)
    at updateRobloxHome (chrome-extension://pcimamnpccdapeaaejlbecdhiifdnllb/content.js:160:3)
[  565322ms] ReferenceError: seeAllLinks is not defined
    at removeFriendsButtons (chrome-extension://pcimamnpccdapeaaejlbecdhiifdnllb/content.js:91:28)
    at updateRobloxHome (chrome-extension://pcimamnpccdapeaaejlbecdhiifdnllb/content.js:160:3)
[  565325ms] ReferenceError: seeAllLinks is not defined
    at removeFriendsButtons (chrome-extension://pcimamnpccdapeaaejlbecdhiifdnllb/content.js:91:28)
    at updateRobloxHome (chrome-extension://pcimamnpccdapeaaejlbecdhiifdnllb/content.js:160:3)
[  565327ms] ReferenceError: seeAllLinks is not defined
    at removeFriendsButtons (chrome-extension://pcimamnpccdapeaaejlbecdhiifdnllb/content.js:91:28)
    at updateRobloxHome (chrome-extension://pcimamnpccdapeaaejlbecdhiifdnllb/content.js:160:3)
[  565330ms] ReferenceError: seeAllLinks is not defined
    at removeFriendsButtons (chrome-extension://pcimamnpccdapeaaejlbecdhiifdnllb/content.js:91:28)
    at updateRobloxHome (chrome-extension://pcimamnpccdapeaaejlbecdhiifdnllb/content.js:160:3)
[  565334ms] ReferenceError: seeAllLinks is not defined
    at removeFriendsButtons (chrome-extension://pcimamnpccdapeaaejlbecdhiifdnllb/content.js:91:28)
    at updateRobloxHome (chrome-extension://pcimamnpccdapeaaejlbecdhiifdnllb/content.js:160:3)
[  565337ms] ReferenceError: seeAllLinks is not defined
    at removeFriendsButtons (chrome-extension://pcimamnpccdapeaaejlbecdhiifdnllb/content.js:91:28)
    at updateRobloxHome (chrome-extension://pcimamnpccdapeaaejlbecdhiifdnllb/content.js:160:3)
[  565339ms] ReferenceError: seeAllLinks is not defined
    at removeFriendsButtons (chrome-extension://pcimamnpccdapeaaejlbecdhiifdnllb/content.js:91:28)
    at updateRobloxHome (chrome-extension://pcimamnpccdapeaaejlbecdhiifdnllb/content.js:160:3)
[  565342ms] ReferenceError: seeAllLinks is not defined
    at removeFriendsButtons (chrome-extension://pcimamnpccdapeaaejlbecdhiifdnllb/content.js:91:28)
    at updateRobloxHome (chrome-extension://pcimamnpccdapeaaejlbecdhiifdnllb/content.js:160:3)
[  565345ms] ReferenceError: seeAllLinks is not defined
    at removeFriendsButtons (chrome-extension://pcimamnpccdapeaaejlbecdhiifdnllb/content.js:91:28)
    at updateRobloxHome (chrome-extension://pcimamnpccdapeaaejlbecdhiifdnllb/content.js:160:3)
[  565349ms] ReferenceError: seeAllLinks is not defined
    at removeFriendsButtons (chrome-extension://pcimamnpccdapeaaejlbecdhiifdnllb/content.js:91:28)
    at updateRobloxHome (chrome-extension://pcimamnpccdapeaaejlbecdhiifdnllb/content.js:160:3)
[  565351ms] ReferenceError: seeAllLinks is not defined
    at removeFriendsButtons (chrome-extension://pcimamnpccdapeaaejlbecdhiifdnllb/content.js:91:28)
    at updateRobloxHome (chrome-extension://pcimamnpccdapeaaejlbecdhiifdnllb/content.js:160:3)
[  565353ms] ReferenceError: seeAllLinks is not defined
    at removeFriendsButtons (chrome-extension://pcimamnpccdapeaaejlbecdhiifdnllb/content.js:91:28)
    at updateRobloxHome (chrome-extension://pcimamnpccdapeaaejlbecdhiifdnllb/content.js:160:3)
[  565356ms] ReferenceError: seeAllLinks is not defined
    at removeFriendsButtons (chrome-extension://pcimamnpccdapeaaejlbecdhiifdnllb/content.js:91:28)
    at updateRobloxHome (chrome-extension://pcimamnpccdapeaaejlbecdhiifdnllb/content.js:160:3)
[  565358ms] ReferenceError: seeAllLinks is not defined
    at removeFriendsButtons (chrome-extension://pcimamnpccdapeaaejlbecdhiifdnllb/content.js:91:28)
    at updateRobloxHome (chrome-extension://pcimamnpccdapeaaejlbecdhiifdnllb/content.js:160:3)
[  565360ms] ReferenceError: seeAllLinks is not defined
    at removeFriendsButtons (chrome-extension://pcimamnpccdapeaaejlbecdhiifdnllb/content.js:91:28)
    at updateRobloxHome (chrome-extension://pcimamnpccdapeaaejlbecdhiifdnllb/content.js:160:3)
[  565364ms] ReferenceError: seeAllLinks is not defined
    at removeFriendsButtons (chrome-extension://pcimamnpccdapeaaejlbecdhiifdnllb/content.js:91:28)
    at updateRobloxHome (chrome-extension://pcimamnpccdapeaaejlbecdhiifdnllb/content.js:160:3)
[  565366ms] ReferenceError: seeAllLinks is not defined
    at removeFriendsButtons (chrome-extension://pcimamnpccdapeaaejlbecdhiifdnllb/content.js:91:28)
    at updateRobloxHome (chrome-extension://pcimamnpccdapeaaejlbecdhiifdnllb/content.js:160:3)
[  565367ms] ReferenceError: seeAllLinks is not defined
    at removeFriendsButtons (chrome-extension://pcimamnpccdapeaaejlbecdhiifdnllb/content.js:91:28)
    at updateRobloxHome (chrome-extension://pcimamnpccdapeaaejlbecdhiifdnllb/content.js:160:3)
[  565369ms] ReferenceError: seeAllLinks is not defined
    at removeFriendsButtons (chrome-extension://pcimamnpccdapeaaejlbecdhiifdnllb/content.js:91:28)
    at updateRobloxHome (chrome-extension://pcimamnpccdapeaaejlbecdhiifdnllb/content.js:160:3)
[  565371ms] ReferenceError: seeAllLinks is not defined
    at removeFriendsButtons (chrome-extension://pcimamnpccdapeaaejlbecdhiifdnllb/content.js:91:28)
    at updateRobloxHome (chrome-extension://pcimamnpccdapeaaejlbecdhiifdnllb/content.js:160:3)
[  565392ms] ReferenceError: seeAllLinks is not defined
    at removeFriendsButtons (chrome-extension://pcimamnpccdapeaaejlbecdhiifdnllb/content.js:91:28)
    at updateRobloxHome (chrome-extension://pcimamnpccdapeaaejlbecdhiifdnllb/content.js:160:3)
[  565395ms] ReferenceError: seeAllLinks is not defined
    at removeFriendsButtons (chrome-extension://pcimamnpccdapeaaejlbecdhiifdnllb/content.js:91:28)
    at updateRobloxHome (chrome-extension://pcimamnpccdapeaaejlbecdhiifdnllb/content.js:160:3)
[  565397ms] ReferenceError: seeAllLinks is not defined
    at removeFriendsButtons (chrome-extension://pcimamnpccdapeaaejlbecdhiifdnllb/content.js:91:28)
    at updateRobloxHome (chrome-extension://pcimamnpccdapeaaejlbecdhiifdnllb/content.js:160:3)
[  565400ms] ReferenceError: seeAllLinks is not defined
    at removeFriendsButtons (chrome-extension://pcimamnpccdapeaaejlbecdhiifdnllb/content.js:91:28)
    at updateRobloxHome (chrome-extension://pcimamnpccdapeaaejlbecdhiifdnllb/content.js:160:3)
[  565402ms] ReferenceError: seeAllLinks is not defined
    at removeFriendsButtons (chrome-extension://pcimamnpccdapeaaejlbecdhiifdnllb/content.js:91:28)
    at updateRobloxHome (chrome-extension://pcimamnpccdapeaaejlbecdhiifdnllb/content.js:160:3)
[  565404ms] ReferenceError: seeAllLinks is not defined
    at removeFriendsButtons (chrome-extension://pcimamnpccdapeaaejlbecdhiifdnllb/content.js:91:28)
    at updateRobloxHome (chrome-extension://pcimamnpccdapeaaejlbecdhiifdnllb/content.js:160:3)
[  565407ms] ReferenceError: seeAllLinks is not defined
    at removeFriendsButtons (chrome-extension://pcimamnpccdapeaaejlbecdhiifdnllb/content.js:91:28)
    at updateRobloxHome (chrome-extension://pcimamnpccdapeaaejlbecdhiifdnllb/content.js:160:3)
[  565408ms] ReferenceError: seeAllLinks is not defined
    at removeFriendsButtons (chrome-extension://pcimamnpccdapeaaejlbecdhiifdnllb/content.js:91:28)
    at updateRobloxHome (chrome-extension://pcimamnpccdapeaaejlbecdhiifdnllb/content.js:160:3)
[  565413ms] ReferenceError: seeAllLinks is not defined
    at removeFriendsButtons (chrome-extension://pcimamnpccdapeaaejlbecdhiifdnllb/content.js:91:28)
    at updateRobloxHome (chrome-extension://pcimamnpccdapeaaejlbecdhiifdnllb/content.js:160:3)
[  565416ms] ReferenceError: seeAllLinks is not defined
    at removeFriendsButtons (chrome-extension://pcimamnpccdapeaaejlbecdhiifdnllb/content.js:91:28)
    at updateRobloxHome (chrome-extension://pcimamnpccdapeaaejlbecdhiifdnllb/content.js:160:3)
[  565419ms] ReferenceError: seeAllLinks is not defined
    at removeFriendsButtons (chrome-extension://pcimamnpccdapeaaejlbecdhiifdnllb/content.js:91:28)
    at updateRobloxHome (chrome-extension://pcimamnpccdapeaaejlbecdhiifdnllb/content.js:160:3)
[  565421ms] ReferenceError: seeAllLinks is not defined
    at removeFriendsButtons (chrome-extension://pcimamnpccdapeaaejlbecdhiifdnllb/content.js:91:28)
    at updateRobloxHome (chrome-extension://pcimamnpccdapeaaejlbecdhiifdnllb/content.js:160:3)
[  565424ms] ReferenceError: seeAllLinks is not defined
    at removeFriendsButtons (chrome-extension://pcimamnpccdapeaaejlbecdhiifdnllb/content.js:91:28)
    at updateRobloxHome (chrome-extension://pcimamnpccdapeaaejlbecdhiifdnllb/content.js:160:3)
[  565426ms] ReferenceError: seeAllLinks is not defined
    at removeFriendsButtons (chrome-extension://pcimamnpccdapeaaejlbecdhiifdnllb/content.js:91:28)
    at updateRobloxHome (chrome-extension://pcimamnpccdapeaaejlbecdhiifdnllb/content.js:160:3)
[  565429ms] ReferenceError: seeAllLinks is not defined
    at removeFriendsButtons (chrome-extension://pcimamnpccdapeaaejlbecdhiifdnllb/content.js:91:28)
    at updateRobloxHome (chrome-extension://pcimamnpccdapeaaejlbecdhiifdnllb/content.js:160:3)
[  565432ms] ReferenceError: seeAllLinks is not defined
    at removeFriendsButtons (chrome-extension://pcimamnpccdapeaaejlbecdhiifdnllb/content.js:91:28)
    at updateRobloxHome (chrome-extension://pcimamnpccdapeaaejlbecdhiifdnllb/content.js:160:3)
[  565433ms] ReferenceError: seeAllLinks is not defined
    at removeFriendsButtons (chrome-extension://pcimamnpccdapeaaejlbecdhiifdnllb/content.js:91:28)
    at updateRobloxHome (chrome-extension://pcimamnpccdapeaaejlbecdhiifdnllb/content.js:160:3)
[  565435ms] ReferenceError: seeAllLinks is not defined
    at removeFriendsButtons (chrome-extension://pcimamnpccdapeaaejlbecdhiifdnllb/content.js:91:28)
    at updateRobloxHome (chrome-extension://pcimamnpccdapeaaejlbecdhiifdnllb/content.js:160:3)
[  565437ms] ReferenceError: seeAllLinks is not defined
    at removeFriendsButtons (chrome-extension://pcimamnpccdapeaaejlbecdhiifdnllb/content.js:91:28)
    at updateRobloxHome (chrome-extension://pcimamnpccdapeaaejlbecdhiifdnllb/content.js:160:3)
[  565439ms] ReferenceError: seeAllLinks is not defined
    at removeFriendsButtons (chrome-extension://pcimamnpccdapeaaejlbecdhiifdnllb/content.js:91:28)
    at updateRobloxHome (chrome-extension://pcimamnpccdapeaaejlbecdhiifdnllb/content.js:160:3)
[  565441ms] ReferenceError: seeAllLinks is not defined
    at removeFriendsButtons (chrome-extension://pcimamnpccdapeaaejlbecdhiifdnllb/content.js:91:28)
    at updateRobloxHome (chrome-extension://pcimamnpccdapeaaejlbecdhiifdnllb/content.js:160:3)
[  565443ms] ReferenceError: seeAllLinks is not defined
    at removeFriendsButtons (chrome-extension://pcimamnpccdapeaaejlbecdhiifdnllb/content.js:91:28)
    at updateRobloxHome (chrome-extension://pcimamnpccdapeaaejlbecdhiifdnllb/content.js:160:3)
[  565446ms] ReferenceError: seeAllLinks is not defined
    at removeFriendsButtons (chrome-extension://pcimamnpccdapeaaejlbecdhiifdnllb/content.js:91:28)
    at updateRobloxHome (chrome-extension://pcimamnpccdapeaaejlbecdhiifdnllb/content.js:160:3)
[  565449ms] ReferenceError: seeAllLinks is not defined
    at removeFriendsButtons (chrome-extension://pcimamnpccdapeaaejlbecdhiifdnllb/content.js:91:28)
    at updateRobloxHome (chrome-extension://pcimamnpccdapeaaejlbecdhiifdnllb/content.js:160:3)
[  565451ms] ReferenceError: seeAllLinks is not defined
    at removeFriendsButtons (chrome-extension://pcimamnpccdapeaaejlbecdhiifdnllb/content.js:91:28)
    at updateRobloxHome (chrome-extension://pcimamnpccdapeaaejlbecdhiifdnllb/content.js:160:3)
[  565453ms] ReferenceError: seeAllLinks is not defined
    at removeFriendsButtons (chrome-extension://pcimamnpccdapeaaejlbecdhiifdnllb/content.js:91:28)
    at updateRobloxHome (chrome-extension://pcimamnpccdapeaaejlbecdhiifdnllb/content.js:160:3)
[  565454ms] ReferenceError: seeAllLinks is not defined
    at removeFriendsButtons (chrome-extension://pcimamnpccdapeaaejlbecdhiifdnllb/content.js:91:28)
    at updateRobloxHome (chrome-extension://pcimamnpccdapeaaejlbecdhiifdnllb/content.js:160:3)
[  565456ms] ReferenceError: seeAllLinks is not defined
    at removeFriendsButtons (chrome-extension://pcimamnpccdapeaaejlbecdhiifdnllb/content.js:91:28)
    at updateRobloxHome (chrome-extension://pcimamnpccdapeaaejlbecdhiifdnllb/content.js:160:3)
[  565457ms] ReferenceError: seeAllLinks is not defined
    at removeFriendsButtons (chrome-extension://pcimamnpccdapeaaejlbecdhiifdnllb/content.js:91:28)
    at updateRobloxHome (chrome-extension://pcimamnpccdapeaaejlbecdhiifdnllb/content.js:160:3)
[  565460ms] ReferenceError: seeAllLinks is not defined
    at removeFriendsButtons (chrome-extension://pcimamnpccdapeaaejlbecdhiifdnllb/content.js:91:28)
    at updateRobloxHome (chrome-extension://pcimamnpccdapeaaejlbecdhiifdnllb/content.js:160:3)
[  565464ms] ReferenceError: seeAllLinks is not defined
    at removeFriendsButtons (chrome-extension://pcimamnpccdapeaaejlbecdhiifdnllb/content.js:91:28)
    at updateRobloxHome (chrome-extension://pcimamnpccdapeaaejlbecdhiifdnllb/content.js:160:3)
[  565477ms] ReferenceError: seeAllLinks is not defined
    at removeFriendsButtons (chrome-extension://pcimamnpccdapeaaejlbecdhiifdnllb/content.js:91:28)
    at updateRobloxHome (chrome-extension://pcimamnpccdapeaaejlbecdhiifdnllb/content.js:160:3)
[  565479ms] ReferenceError: seeAllLinks is not defined
    at removeFriendsButtons (chrome-extension://pcimamnpccdapeaaejlbecdhiifdnllb/content.js:91:28)
    at updateRobloxHome (chrome-extension://pcimamnpccdapeaaejlbecdhiifdnllb/content.js:160:3)
[  565482ms] ReferenceError: seeAllLinks is not defined
    at removeFriendsButtons (chrome-extension://pcimamnpccdapeaaejlbecdhiifdnllb/content.js:91:28)
    at updateRobloxHome (chrome-extension://pcimamnpccdapeaaejlbecdhiifdnllb/content.js:160:3)
[  565483ms] ReferenceError: seeAllLinks is not defined
    at removeFriendsButtons (chrome-extension://pcimamnpccdapeaaejlbecdhiifdnllb/content.js:91:28)
    at updateRobloxHome (chrome-extension://pcimamnpccdapeaaejlbecdhiifdnllb/content.js:160:3)
[  565485ms] ReferenceError: seeAllLinks is not defined
    at removeFriendsButtons (chrome-extension://pcimamnpccdapeaaejlbecdhiifdnllb/content.js:91:28)
    at updateRobloxHome (chrome-extension://pcimamnpccdapeaaejlbecdhiifdnllb/content.js:160:3)
[  565487ms] ReferenceError: seeAllLinks is not defined
    at removeFriendsButtons (chrome-extension://pcimamnpccdapeaaejlbecdhiifdnllb/content.js:91:28)
    at updateRobloxHome (chrome-extension://pcimamnpccdapeaaejlbecdhiifdnllb/content.js:160:3)
[  565489ms] ReferenceError: seeAllLinks is not defined
    at removeFriendsButtons (chrome-extension://pcimamnpccdapeaaejlbecdhiifdnllb/content.js:91:28)
    at updateRobloxHome (chrome-extension://pcimamnpccdapeaaejlbecdhiifdnllb/content.js:160:3)
[  565492ms] ReferenceError: seeAllLinks is not defined
    at removeFriendsButtons (chrome-extension://pcimamnpccdapeaaejlbecdhiifdnllb/content.js:91:28)
    at updateRobloxHome (chrome-extension://pcimamnpccdapeaaejlbecdhiifdnllb/content.js:160:3)
[  565494ms] ReferenceError: seeAllLinks is not defined
    at removeFriendsButtons (chrome-extension://pcimamnpccdapeaaejlbecdhiifdnllb/content.js:91:28)
    at updateRobloxHome (chrome-extension://pcimamnpccdapeaaejlbecdhiifdnllb/content.js:160:3)
[  565498ms] ReferenceError: seeAllLinks is not defined
    at removeFriendsButtons (chrome-extension://pcimamnpccdapeaaejlbecdhiifdnllb/content.js:91:28)
    at updateRobloxHome (chrome-extension://pcimamnpccdapeaaejlbecdhiifdnllb/content.js:160:3)
[  565501ms] ReferenceError: seeAllLinks is not defined
    at removeFriendsButtons (chrome-extension://pcimamnpccdapeaaejlbecdhiifdnllb/content.js:91:28)
    at updateRobloxHome (chrome-extension://pcimamnpccdapeaaejlbecdhiifdnllb/content.js:160:3)
[  565503ms] ReferenceError: seeAllLinks is not defined
    at removeFriendsButtons (chrome-extension://pcimamnpccdapeaaejlbecdhiifdnllb/content.js:91:28)
    at updateRobloxHome (chrome-extension://pcimamnpccdapeaaejlbecdhiifdnllb/content.js:160:3)
[  565505ms] ReferenceError: seeAllLinks is not defined
    at removeFriendsButtons (chrome-extension://pcimamnpccdapeaaejlbecdhiifdnllb/content.js:91:28)
    at updateRobloxHome (chrome-extension://pcimamnpccdapeaaejlbecdhiifdnllb/content.js:160:3)
[  565507ms] ReferenceError: seeAllLinks is not defined
    at removeFriendsButtons (chrome-extension://pcimamnpccdapeaaejlbecdhiifdnllb/content.js:91:28)
    at updateRobloxHome (chrome-extension://pcimamnpccdapeaaejlbecdhiifdnllb/content.js:160:3)
[  565511ms] ReferenceError: seeAllLinks is not defined
    at removeFriendsButtons (chrome-extension://pcimamnpccdapeaaejlbecdhiifdnllb/content.js:91:28)
    at updateRobloxHome (chrome-extension://pcimamnpccdapeaaejlbecdhiifdnllb/content.js:160:3)
[  565514ms] ReferenceError: seeAllLinks is not defined
    at removeFriendsButtons (chrome-extension://pcimamnpccdapeaaejlbecdhiifdnllb/content.js:91:28)
    at updateRobloxHome (chrome-extension://pcimamnpccdapeaaejlbecdhiifdnllb/content.js:160:3)
[  565515ms] ReferenceError: seeAllLinks is not defined
    at removeFriendsButtons (chrome-extension://pcimamnpccdapeaaejlbecdhiifdnllb/content.js:91:28)
    at updateRobloxHome (chrome-extension://pcimamnpccdapeaaejlbecdhiifdnllb/content.js:160:3)
[  565517ms] ReferenceError: seeAllLinks is not defined
    at removeFriendsButtons (chrome-extension://pcimamnpccdapeaaejlbecdhiifdnllb/content.js:91:28)
    at updateRobloxHome (chrome-extension://pcimamnpccdapeaaejlbecdhiifdnllb/content.js:160:3)
[  565519ms] ReferenceError: seeAllLinks is not defined
    at removeFriendsButtons (chrome-extension://pcimamnpccdapeaaejlbecdhiifdnllb/content.js:91:28)
    at updateRobloxHome (chrome-extension://pcimamnpccdapeaaejlbecdhiifdnllb/content.js:160:3)
[  565521ms] ReferenceError: seeAllLinks is not defined
    at removeFriendsButtons (chrome-extension://pcimamnpccdapeaaejlbecdhiifdnllb/content.js:91:28)
    at updateRobloxHome (chrome-extension://pcimamnpccdapeaaejlbecdhiifdnllb/content.js:160:3)
[  565523ms] ReferenceError: seeAllLinks is not defined
    at removeFriendsButtons (chrome-extension://pcimamnpccdapeaaejlbecdhiifdnllb/content.js:91:28)
    at updateRobloxHome (chrome-extension://pcimamnpccdapeaaejlbecdhiifdnllb/content.js:160:3)
[  565524ms] ReferenceError: seeAllLinks is not defined
    at removeFriendsButtons (chrome-extension://pcimamnpccdapeaaejlbecdhiifdnllb/content.js:91:28)
    at updateRobloxHome (chrome-extension://pcimamnpccdapeaaejlbecdhiifdnllb/content.js:160:3)
[  565526ms] ReferenceError: seeAllLinks is not defined
    at removeFriendsButtons (chrome-extension://pcimamnpccdapeaaejlbecdhiifdnllb/content.js:91:28)
    at updateRobloxHome (chrome-extension://pcimamnpccdapeaaejlbecdhiifdnllb/content.js:160:3)
[  565527ms] ReferenceError: seeAllLinks is not defined
    at removeFriendsButtons (chrome-extension://pcimamnpccdapeaaejlbecdhiifdnllb/content.js:91:28)
    at updateRobloxHome (chrome-extension://pcimamnpccdapeaaejlbecdhiifdnllb/content.js:160:3)
[  565530ms] ReferenceError: seeAllLinks is not defined
    at removeFriendsButtons (chrome-extension://pcimamnpccdapeaaejlbecdhiifdnllb/content.js:91:28)
    at updateRobloxHome (chrome-extension://pcimamnpccdapeaaejlbecdhiifdnllb/content.js:160:3)
[  565532ms] ReferenceError: seeAllLinks is not defined
    at removeFriendsButtons (chrome-extension://pcimamnpccdapeaaejlbecdhiifdnllb/content.js:91:28)
    at updateRobloxHome (chrome-extension://pcimamnpccdapeaaejlbecdhiifdnllb/content.js:160:3)
[  565533ms] ReferenceError: seeAllLinks is not defined
    at removeFriendsButtons (chrome-extension://pcimamnpccdapeaaejlbecdhiifdnllb/content.js:91:28)
    at updateRobloxHome (chrome-extension://pcimamnpccdapeaaejlbecdhiifdnllb/content.js:160:3)
[  565539ms] ReferenceError: seeAllLinks is not defined
    at removeFriendsButtons (chrome-extension://pcimamnpccdapeaaejlbecdhiifdnllb/content.js:91:28)
    at updateRobloxHome (chrome-extension://pcimamnpccdapeaaejlbecdhiifdnllb/content.js:160:3)
[  565543ms] ReferenceError: seeAllLinks is not defined
    at removeFriendsButtons (chrome-extension://pcimamnpccdapeaaejlbecdhiifdnllb/content.js:91:28)
    at updateRobloxHome (chrome-extension://pcimamnpccdapeaaejlbecdhiifdnllb/content.js:160:3)
[  565546ms] ReferenceError: seeAllLinks is not defined
    at removeFriendsButtons (chrome-extension://pcimamnpccdapeaaejlbecdhiifdnllb/content.js:91:28)
    at updateRobloxHome (chrome-extension://pcimamnpccdapeaaejlbecdhiifdnllb/content.js:160:3)
[  565549ms] ReferenceError: seeAllLinks is not defined
    at removeFriendsButtons (chrome-extension://pcimamnpccdapeaaejlbecdhiifdnllb/content.js:91:28)
    at updateRobloxHome (chrome-extension://pcimamnpccdapeaaejlbecdhiifdnllb/content.js:160:3)
[  565557ms] ReferenceError: seeAllLinks is not defined
    at removeFriendsButtons (chrome-extension://pcimamnpccdapeaaejlbecdhiifdnllb/content.js:91:28)
    at updateRobloxHome (chrome-extension://pcimamnpccdapeaaejlbecdhiifdnllb/content.js:160:3)
[  565558ms] ReferenceError: seeAllLinks is not defined
    at removeFriendsButtons (chrome-extension://pcimamnpccdapeaaejlbecdhiifdnllb/content.js:91:28)
    at updateRobloxHome (chrome-extension://pcimamnpccdapeaaejlbecdhiifdnllb/content.js:160:3)
[  565568ms] ReferenceError: seeAllLinks is not defined
    at removeFriendsButtons (chrome-extension://pcimamnpccdapeaaejlbecdhiifdnllb/content.js:91:28)
    at updateRobloxHome (chrome-extension://pcimamnpccdapeaaejlbecdhiifdnllb/content.js:160:3)
[  565569ms] ReferenceError: seeAllLinks is not defined
    at removeFriendsButtons (chrome-extension://pcimamnpccdapeaaejlbecdhiifdnllb/content.js:91:28)
    at updateRobloxHome (chrome-extension://pcimamnpccdapeaaejlbecdhiifdnllb/content.js:160:3)
[  565571ms] ReferenceError: seeAllLinks is not defined
    at removeFriendsButtons (chrome-extension://pcimamnpccdapeaaejlbecdhiifdnllb/content.js:91:28)
    at updateRobloxHome (chrome-extension://pcimamnpccdapeaaejlbecdhiifdnllb/content.js:160:3)
[  565573ms] ReferenceError: seeAllLinks is not defined
    at removeFriendsButtons (chrome-extension://pcimamnpccdapeaaejlbecdhiifdnllb/content.js:91:28)
    at updateRobloxHome (chrome-extension://pcimamnpccdapeaaejlbecdhiifdnllb/content.js:160:3)
[  565575ms] ReferenceError: seeAllLinks is not defined
    at removeFriendsButtons (chrome-extension://pcimamnpccdapeaaejlbecdhiifdnllb/content.js:91:28)
    at updateRobloxHome (chrome-extension://pcimamnpccdapeaaejlbecdhiifdnllb/content.js:160:3)
[  565577ms] ReferenceError: seeAllLinks is not defined
    at removeFriendsButtons (chrome-extension://pcimamnpccdapeaaejlbecdhiifdnllb/content.js:91:28)
    at updateRobloxHome (chrome-extension://pcimamnpccdapeaaejlbecdhiifdnllb/content.js:160:3)
[  565581ms] ReferenceError: seeAllLinks is not defined
    at removeFriendsButtons (chrome-extension://pcimamnpccdapeaaejlbecdhiifdnllb/content.js:91:28)
    at updateRobloxHome (chrome-extension://pcimamnpccdapeaaejlbecdhiifdnllb/content.js:160:3)
[  565583ms] ReferenceError: seeAllLinks is not defined
    at removeFriendsButtons (chrome-extension://pcimamnpccdapeaaejlbecdhiifdnllb/content.js:91:28)
    at updateRobloxHome (chrome-extension://pcimamnpccdapeaaejlbecdhiifdnllb/content.js:160:3)
[  565585ms] ReferenceError: seeAllLinks is not defined
    at removeFriendsButtons (chrome-extension://pcimamnpccdapeaaejlbecdhiifdnllb/content.js:91:28)
    at updateRobloxHome (chrome-extension://pcimamnpccdapeaaejlbecdhiifdnllb/content.js:160:3)
[  565587ms] ReferenceError: seeAllLinks is not defined
    at removeFriendsButtons (chrome-extension://pcimamnpccdapeaaejlbecdhiifdnllb/content.js:91:28)
    at updateRobloxHome (chrome-extension://pcimamnpccdapeaaejlbecdhiifdnllb/content.js:160:3)
[  565589ms] ReferenceError: seeAllLinks is not defined
    at removeFriendsButtons (chrome-extension://pcimamnpccdapeaaejlbecdhiifdnllb/content.js:91:28)
    at updateRobloxHome (chrome-extension://pcimamnpccdapeaaejlbecdhiifdnllb/content.js:160:3)
[  565590ms] ReferenceError: seeAllLinks is not defined
    at removeFriendsButtons (chrome-extension://pcimamnpccdapeaaejlbecdhiifdnllb/content.js:91:28)
    at updateRobloxHome (chrome-extension://pcimamnpccdapeaaejlbecdhiifdnllb/content.js:160:3)
[  565592ms] ReferenceError: seeAllLinks is not defined
    at removeFriendsButtons (chrome-extension://pcimamnpccdapeaaejlbecdhiifdnllb/content.js:91:28)
    at updateRobloxHome (chrome-extension://pcimamnpccdapeaaejlbecdhiifdnllb/content.js:160:3)
[  565593ms] ReferenceError: seeAllLinks is not defined
    at removeFriendsButtons (chrome-extension://pcimamnpccdapeaaejlbecdhiifdnllb/content.js:91:28)
    at updateRobloxHome (chrome-extension://pcimamnpccdapeaaejlbecdhiifdnllb/content.js:160:3)
[  565596ms] ReferenceError: seeAllLinks is not defined
    at removeFriendsButtons (chrome-extension://pcimamnpccdapeaaejlbecdhiifdnllb/content.js:91:28)
    at updateRobloxHome (chrome-extension://pcimamnpccdapeaaejlbecdhiifdnllb/content.js:160:3)
[  565598ms] ReferenceError: seeAllLinks is not defined
    at removeFriendsButtons (chrome-extension://pcimamnpccdapeaaejlbecdhiifdnllb/content.js:91:28)
    at updateRobloxHome (chrome-extension://pcimamnpccdapeaaejlbecdhiifdnllb/content.js:160:3)
[  565600ms] ReferenceError: seeAllLinks is not defined
    at removeFriendsButtons (chrome-extension://pcimamnpccdapeaaejlbecdhiifdnllb/content.js:91:28)
    at updateRobloxHome (chrome-extension://pcimamnpccdapeaaejlbecdhiifdnllb/content.js:160:3)
[  565602ms] ReferenceError: seeAllLinks is not defined
    at removeFriendsButtons (chrome-extension://pcimamnpccdapeaaejlbecdhiifdnllb/content.js:91:28)
    at updateRobloxHome (chrome-extension://pcimamnpccdapeaaejlbecdhiifdnllb/content.js:160:3)
[  565603ms] ReferenceError: seeAllLinks is not defined
    at removeFriendsButtons (chrome-extension://pcimamnpccdapeaaejlbecdhiifdnllb/content.js:91:28)
    at updateRobloxHome (chrome-extension://pcimamnpccdapeaaejlbecdhiifdnllb/content.js:160:3)
[  565605ms] ReferenceError: seeAllLinks is not defined
    at removeFriendsButtons (chrome-extension://pcimamnpccdapeaaejlbecdhiifdnllb/content.js:91:28)
    at updateRobloxHome (chrome-extension://pcimamnpccdapeaaejlbecdhiifdnllb/content.js:160:3)
[  565607ms] ReferenceError: seeAllLinks is not defined
    at removeFriendsButtons (chrome-extension://pcimamnpccdapeaaejlbecdhiifdnllb/content.js:91:28)
    at updateRobloxHome (chrome-extension://pcimamnpccdapeaaejlbecdhiifdnllb/content.js:160:3)
[  565608ms] ReferenceError: seeAllLinks is not defined
    at removeFriendsButtons (chrome-extension://pcimamnpccdapeaaejlbecdhiifdnllb/content.js:91:28)
    at updateRobloxHome (chrome-extension://pcimamnpccdapeaaejlbecdhiifdnllb/content.js:160:3)
[  565610ms] ReferenceError: seeAllLinks is not defined
    at removeFriendsButtons (chrome-extension://pcimamnpccdapeaaejlbecdhiifdnllb/content.js:91:28)
    at updateRobloxHome (chrome-extension://pcimamnpccdapeaaejlbecdhiifdnllb/content.js:160:3)
[  565612ms] ReferenceError: seeAllLinks is not defined
    at removeFriendsButtons (chrome-extension://pcimamnpccdapeaaejlbecdhiifdnllb/content.js:91:28)
    at updateRobloxHome (chrome-extension://pcimamnpccdapeaaejlbecdhiifdnllb/content.js:160:3)
[  565615ms] ReferenceError: seeAllLinks is not defined
    at removeFriendsButtons (chrome-extension://pcimamnpccdapeaaejlbecdhiifdnllb/content.js:91:28)
    at updateRobloxHome (chrome-extension://pcimamnpccdapeaaejlbecdhiifdnllb/content.js:160:3)
[  565617ms] ReferenceError: seeAllLinks is not defined
    at removeFriendsButtons (chrome-extension://pcimamnpccdapeaaejlbecdhiifdnllb/content.js:91:28)
    at updateRobloxHome (chrome-extension://pcimamnpccdapeaaejlbecdhiifdnllb/content.js:160:3)
[  565619ms] ReferenceError: seeAllLinks is not defined
    at removeFriendsButtons (chrome-extension://pcimamnpccdapeaaejlbecdhiifdnllb/content.js:91:28)
    at updateRobloxHome (chrome-extension://pcimamnpccdapeaaejlbecdhiifdnllb/content.js:160:3)
[  565620ms] ReferenceError: seeAllLinks is not defined
    at removeFriendsButtons (chrome-extension://pcimamnpccdapeaaejlbecdhiifdnllb/content.js:91:28)
    at updateRobloxHome (chrome-extension://pcimamnpccdapeaaejlbecdhiifdnllb/content.js:160:3)
[  565622ms] ReferenceError: seeAllLinks is not defined
    at removeFriendsButtons (chrome-extension://pcimamnpccdapeaaejlbecdhiifdnllb/content.js:91:28)
    at updateRobloxHome (chrome-extension://pcimamnpccdapeaaejlbecdhiifdnllb/content.js:160:3)
[  565625ms] ReferenceError: seeAllLinks is not defined
    at removeFriendsButtons (chrome-extension://pcimamnpccdapeaaejlbecdhiifdnllb/content.js:91:28)
    at updateRobloxHome (chrome-extension://pcimamnpccdapeaaejlbecdhiifdnllb/content.js:160:3)
[  565627ms] ReferenceError: seeAllLinks is not defined
    at removeFriendsButtons (chrome-extension://pcimamnpccdapeaaejlbecdhiifdnllb/content.js:91:28)
    at updateRobloxHome (chrome-extension://pcimamnpccdapeaaejlbecdhiifdnllb/content.js:160:3)
[  565629ms] ReferenceError: seeAllLinks is not defined
    at removeFriendsButtons (chrome-extension://pcimamnpccdapeaaejlbecdhiifdnllb/content.js:91:28)
    at updateRobloxHome (chrome-extension://pcimamnpccdapeaaejlbecdhiifdnllb/content.js:160:3)
[  565633ms] ReferenceError: seeAllLinks is not defined
    at removeFriendsButtons (chrome-extension://pcimamnpccdapeaaejlbecdhiifdnllb/content.js:91:28)
    at updateRobloxHome (chrome-extension://pcimamnpccdapeaaejlbecdhiifdnllb/content.js:160:3)
[  565636ms] ReferenceError: seeAllLinks is not defined
    at removeFriendsButtons (chrome-extension://pcimamnpccdapeaaejlbecdhiifdnllb/content.js:91:28)
    at updateRobloxHome (chrome-extension://pcimamnpccdapeaaejlbecdhiifdnllb/content.js:160:3)
[  565639ms] ReferenceError: seeAllLinks is not defined
    at removeFriendsButtons (chrome-extension://pcimamnpccdapeaaejlbecdhiifdnllb/content.js:91:28)
    at updateRobloxHome (chrome-extension://pcimamnpccdapeaaejlbecdhiifdnllb/content.js:160:3)
[  565655ms] ReferenceError: seeAllLinks is not defined
    at removeFriendsButtons (chrome-extension://pcimamnpccdapeaaejlbecdhiifdnllb/content.js:91:28)
    at updateRobloxHome (chrome-extension://pcimamnpccdapeaaejlbecdhiifdnllb/content.js:160:3)
[  565658ms] ReferenceError: seeAllLinks is not defined
    at removeFriendsButtons (chrome-extension://pcimamnpccdapeaaejlbecdhiifdnllb/content.js:91:28)
    at updateRobloxHome (chrome-extension://pcimamnpccdapeaaejlbecdhiifdnllb/content.js:160:3)
[  565660ms] ReferenceError: seeAllLinks is not defined
    at removeFriendsButtons (chrome-extension://pcimamnpccdapeaaejlbecdhiifdnllb/content.js:91:28)
    at updateRobloxHome (chrome-extension://pcimamnpccdapeaaejlbecdhiifdnllb/content.js:160:3)
[  565675ms] ReferenceError: seeAllLinks is not defined
    at removeFriendsButtons (chrome-extension://pcimamnpccdapeaaejlbecdhiifdnllb/content.js:91:28)
    at updateRobloxHome (chrome-extension://pcimamnpccdapeaaejlbecdhiifdnllb/content.js:160:3)
[  565677ms] ReferenceError: seeAllLinks is not defined
    at removeFriendsButtons (chrome-extension://pcimamnpccdapeaaejlbecdhiifdnllb/content.js:91:28)
    at updateRobloxHome (chrome-extension://pcimamnpccdapeaaejlbecdhiifdnllb/content.js:160:3)
[  565680ms] ReferenceError: seeAllLinks is not defined
    at removeFriendsButtons (chrome-extension://pcimamnpccdapeaaejlbecdhiifdnllb/content.js:91:28)
    at updateRobloxHome (chrome-extension://pcimamnpccdapeaaejlbecdhiifdnllb/content.js:160:3)
[  565683ms] ReferenceError: seeAllLinks is not defined
    at removeFriendsButtons (chrome-extension://pcimamnpccdapeaaejlbecdhiifdnllb/content.js:91:28)
    at updateRobloxHome (chrome-extension://pcimamnpccdapeaaejlbecdhiifdnllb/content.js:160:3)
[  565685ms] ReferenceError: seeAllLinks is not defined
    at removeFriendsButtons (chrome-extension://pcimamnpccdapeaaejlbecdhiifdnllb/content.js:91:28)
    at updateRobloxHome (chrome-extension://pcimamnpccdapeaaejlbecdhiifdnllb/content.js:160:3)
[  565687ms] ReferenceError: seeAllLinks is not defined
    at removeFriendsButtons (chrome-extension://pcimamnpccdapeaaejlbecdhiifdnllb/content.js:91:28)
    at updateRobloxHome (chrome-extension://pcimamnpccdapeaaejlbecdhiifdnllb/content.js:160:3)
[  565690ms] ReferenceError: seeAllLinks is not defined
    at removeFriendsButtons (chrome-extension://pcimamnpccdapeaaejlbecdhiifdnllb/content.js:91:28)
    at updateRobloxHome (chrome-extension://pcimamnpccdapeaaejlbecdhiifdnllb/content.js:160:3)
[  565692ms] ReferenceError: seeAllLinks is not defined
    at removeFriendsButtons (chrome-extension://pcimamnpccdapeaaejlbecdhiifdnllb/content.js:91:28)
    at updateRobloxHome (chrome-extension://pcimamnpccdapeaaejlbecdhiifdnllb/content.js:160:3)
[  595326ms] [LOG] WARNING: Tried to load AngularJS more than once. @ https://js.rbxcdn.com/7e3acadef63eb23dd02929eb5e500214e9a8e6400fd42d7a2b35133fc009e0d3-Sentry.js:0
[  595390ms] [WARNING] An error occurred! For more details, see the full error text at https://go.apollo.dev/c/err#%7B%22version%22%3A%223.14.0%22%2C%22message%22%3A104%2C%22args%22%3A%5B%22ApolloClient%22%2C%22connectToDevTools%22%2C%22Please%20use%20%60devtools.enabled%60%20instead.%22%5D%7D @ https://js.rbxcdn.com/7e3acadef63eb23dd02929eb5e500214e9a8e6400fd42d7a2b35133fc009e0d3-Sentry.js:0
[  595398ms] [WARNING] The namespace Purchasing.PurchaseDialog was not found @ https://js.rbxcdn.com/7e3acadef63eb23dd02929eb5e500214e9a8e6400fd42d7a2b35133fc009e0d3-Sentry.js:0
[  595471ms] [LOG] 
      _______      _________      _____       ______     _
     / _____ \    |____ ____|    / ___ \     | ____ \   | |
    / /     \_\       | |       / /   \ \    | |   \ \  | |
    | |               | |      / /     \ \   | |   | |  | |
    \ \______         | |      | |     | |   | |___/ /  | |
     \______ \        | |      | |     | |   |  ____/   | |
            \ \       | |      | |     | |   | |        | |
     _      | |       | |      \ \     / /   | |        |_|
    \ \_____/ /       | |       \ \___/ /    | |         _
     \_______/        |_|        \_____/     |_|        |_|

     Keep your account safe! Do not send any information from
     here to anyone or paste any text here.

     If someone is asking you to copy or paste text here then
     you're giving someone access to your account, your gear,
     and your Robux.

     To learn more about keeping your account safe you can go to

     https://www.roblox.com/info/account-safety @ https://js.rbxcdn.com/7e3acadef63eb23dd02929eb5e500214e9a8e6400fd42d7a2b35133fc009e0d3-Sentry.js:0
[  595806ms] [ERROR] Failed to load resource: the server responded with a status of 403 () @ https://apis.roblox.com/user-heartbeats-api/pulse:0
[  595815ms] [LOG] Account Security Prompt: No assignments were retrieved @ https://js.rbxcdn.com/7e3acadef63eb23dd02929eb5e500214e9a8e6400fd42d7a2b35133fc009e0d3-Sentry.js:0
[  599798ms] [INFO] [2026-07-09T23:48:13.103Z] Information: WebSocket connected to wss://realtime-signalr.roblox.com/userhub. @ https://js.rbxcdn.com/7e3acadef63eb23dd02929eb5e500214e9a8e6400fd42d7a2b35133fc009e0d3-Sentry.js:0
[  600734ms] [ERROR] Failed to load resource: the server responded with a status of 403 () @ https://apis.roblox.com/rotating-client-service/v1/heartbeat?pathname=%2Fhome:0
[  646168ms] [LOG] WARNING: Tried to load AngularJS more than once. @ https://js.rbxcdn.com/7e3acadef63eb23dd02929eb5e500214e9a8e6400fd42d7a2b35133fc009e0d3-Sentry.js:0
[  646230ms] [WARNING] An error occurred! For more details, see the full error text at https://go.apollo.dev/c/err#%7B%22version%22%3A%223.14.0%22%2C%22message%22%3A104%2C%22args%22%3A%5B%22ApolloClient%22%2C%22connectToDevTools%22%2C%22Please%20use%20%60devtools.enabled%60%20instead.%22%5D%7D @ https://js.rbxcdn.com/7e3acadef63eb23dd02929eb5e500214e9a8e6400fd42d7a2b35133fc009e0d3-Sentry.js:0
[  646241ms] [WARNING] The namespace Purchasing.PurchaseDialog was not found @ https://js.rbxcdn.com/7e3acadef63eb23dd02929eb5e500214e9a8e6400fd42d7a2b35133fc009e0d3-Sentry.js:0
[  646304ms] [LOG] 
      _______      _________      _____       ______     _
     / _____ \    |____ ____|    / ___ \     | ____ \   | |
    / /     \_\       | |       / /   \ \    | |   \ \  | |
    | |               | |      / /     \ \   | |   | |  | |
    \ \______         | |      | |     | |   | |___/ /  | |
     \______ \        | |      | |     | |   |  ____/   | |
            \ \       | |      | |     | |   | |        | |
     _      | |       | |      \ \     / /   | |        |_|
    \ \_____/ /       | |       \ \___/ /    | |         _
     \_______/        |_|        \_____/     |_|        |_|

     Keep your account safe! Do not send any information from
     here to anyone or paste any text here.

     If someone is asking you to copy or paste text here then
     you're giving someone access to your account, your gear,
     and your Robux.

     To learn more about keeping your account safe you can go to

     https://www.roblox.com/info/account-safety @ https://js.rbxcdn.com/7e3acadef63eb23dd02929eb5e500214e9a8e6400fd42d7a2b35133fc009e0d3-Sentry.js:0
[  646632ms] [LOG] Account Security Prompt: No assignments were retrieved @ https://js.rbxcdn.com/7e3acadef63eb23dd02929eb5e500214e9a8e6400fd42d7a2b35133fc009e0d3-Sentry.js:0
[  646766ms] [ERROR] Failed to load resource: the server responded with a status of 403 () @ https://apis.roblox.com/user-heartbeats-api/pulse:0
[  650501ms] [INFO] [2026-07-09T23:49:03.805Z] Information: WebSocket connected to wss://realtime-signalr.roblox.com/userhub. @ https://js.rbxcdn.com/7e3acadef63eb23dd02929eb5e500214e9a8e6400fd42d7a2b35133fc009e0d3-Sentry.js:0
[ 1260980ms] [ERROR] Failed to load resource: the server responded with a status of 403 () @ https://apis.roblox.com/user-heartbeats-api/pulse:0
